transaction_id,amount,transaction_hour,transaction_frequency,account_age_days,location_change,time_since_last_transaction,device_change,is_fraud
TXN000001,1802.11,9,4,501,0,145.8,0,0
TXN000002,955.02,23,6,1661,0,107.73,0,0
TXN000003,2095.8,16,2,1778,0,257.03,0,0
TXN000004,5029.27,20,1,1308,0,117.25,0,0
TXN000005,867.7,1,4,585,0,150.63,0,0
TXN000006,867.71,5,3,895,0,336.23,0,0
TXN000007,5319.92,4,2,634,0,215.9,0,0
TXN000008,2362.4,3,2,276,0,134.95,0,0
TXN000009,685.76,1,6,802,0,111.34,0,0
TXN000010,1886.65,11,3,346,0,24.4,0,0
TXN000011,689.92,2,4,1304,0,10.44,0,0
TXN000012,688.33,5,3,783,0,549.51,0,0
TXN000013,1396.83,23,4,1401,0,37.16,0,0
TXN000014,161.86,13,5,1699,0,58.35,0,0
TXN000015,195.41,7,2,1128,0,169.93,0,0
TXN000016,624.98,20,3,1860,0,316.77,0,0
TXN000017,398.29,20,2,269,0,322.31,0,0
TXN000018,1501.54,13,3,165,0,318.58,0,0
TXN000019,442.29,2,3,256,0,687.73,0,0
TXN000020,267.12,15,3,488,0,10.32,0,0
TXN000021,4748.81,14,2,1649,0,91.9,0,0
TXN000022,875.0,6,4,921,0,440.75,0,0
TXN000023,1173.24,14,2,1811,1,113.38,0,0
TXN000024,263.82,12,5,784,0,369.04,0,0
TXN000025,636.27,5,3,968,0,3.21,0,1
TXN000026,1225.28,14,1,1139,0,126.35,0,0
TXN000027,346.89,16,3,966,0,460.23,0,0
TXN000028,1596.71,3,1,1513,0,54.51,0,0
TXN000029,601.46,21,3,1165,0,477.79,0,0
TXN000030,819.18,21,2,98,0,1.53,0,0
TXN000031,600.82,13,2,1023,0,14.8,0,0
TXN000032,6990.3,14,4,1415,0,116.61,0,0
TXN000033,1081.93,11,0,315,0,20.25,0,0
TXN000034,380.81,18,1,1496,0,46.02,1,0
TXN000035,2496.25,21,6,180,0,63.57,0,0
TXN000036,323.49,9,3,1563,0,118.23,0,0
TXN000037,1351.36,5,2,1537,0,89.12,0,0
TXN000038,154.52,8,3,470,0,459.53,0,0
TXN000039,290.56,1,2,950,0,390.9,0,1
TXN000040,1335.23,3,4,1229,0,248.15,0,0
TXN000041,2294.95,8,0,1763,0,193.82,1,0
TXN000042,1301.62,14,1,1607,0,41.15,0,0
TXN000043,976.87,12,5,1082,0,165.76,0,0
TXN000044,811.51,19,2,626,0,28.63,0,0
TXN000045,250.0,7,6,1892,0,108.5,0,0
TXN000046,533.87,18,4,770,1,111.42,0,0
TXN000047,691.84,18,3,714,0,210.64,0,0
TXN000048,3156.19,15,4,582,1,324.46,0,1
TXN000049,1546.3,10,1,742,0,69.55,0,1
TXN000050,188.1,9,6,1884,0,7.57,0,0
TXN000051,1516.38,7,5,404,0,8.66,0,0
TXN000052,746.14,0,5,460,1,374.05,0,0
TXN000053,557.29,9,4,641,0,119.91,1,0
TXN000054,2021.66,17,2,1438,0,51.31,0,0
TXN000055,3074.81,2,6,1404,0,5.91,0,1
TXN000056,2782.99,10,4,945,0,135.43,0,0
TXN000057,473.8,17,2,1273,0,26.54,0,0
TXN000058,804.96,2,6,523,0,97.13,0,0
TXN000059,1527.31,7,2,1200,0,130.65,0,0
TXN000060,2908.94,13,4,606,0,46.86,0,1
TXN000061,679.14,5,5,1658,0,39.9,0,0
TXN000062,910.82,14,1,231,0,3.6,1,0
TXN000063,362.73,13,2,1857,0,158.53,0,0
TXN000064,331.55,6,0,1972,0,40.27,0,0
TXN000065,2471.36,9,4,1775,0,379.01,0,0
TXN000066,4256.66,14,0,442,0,166.64,0,0
TXN000067,1020.44,9,2,249,0,146.32,0,0
TXN000068,2991.51,21,1,841,0,126.46,0,0
TXN000069,1574.41,16,4,1436,0,43.64,0,0
TXN000070,575.29,18,0,1828,1,627.68,0,0
TXN000071,1574.03,16,3,956,0,614.27,0,0
TXN000072,5105.31,11,1,1603,0,69.76,0,0
TXN000073,1058.04,14,1,646,1,269.47,0,0
TXN000074,5242.97,11,2,280,0,22.86,0,0
TXN000075,79.86,8,1,1819,0,272.98,0,0
TXN000076,2494.65,4,1,1004,0,60.72,0,0
TXN000077,1196.37,3,3,1331,0,61.43,0,0
TXN000078,813.21,11,3,778,0,127.39,0,0
TXN000079,1202.02,15,7,744,1,89.66,0,0
TXN000080,150.27,8,2,1107,0,22.57,0,0
TXN000081,880.36,2,5,467,0,161.84,0,0
TXN000082,1567.3,20,3,1264,0,43.31,0,0
TXN000083,4807.32,2,1,547,0,105.81,0,0
TXN000084,653.1,17,1,1254,0,47.28,0,0
TXN000085,488.58,16,1,905,1,350.82,0,1
TXN000086,663.97,9,3,826,0,74.25,0,1
TXN000087,2739.15,1,4,1096,0,393.25,0,1
TXN000088,1523.48,23,5,736,0,71.04,0,0
TXN000089,645.64,10,1,1039,0,35.61,0,0
TXN000090,1832.19,23,5,277,0,154.71,0,0
TXN000091,1208.43,2,4,1418,0,145.8,0,0
TXN000092,2888.94,22,3,1371,0,173.65,0,0
TXN000093,543.45,22,4,810,0,64.75,0,0
TXN000094,790.24,1,3,1548,0,69.41,0,0
TXN000095,740.92,8,3,1424,0,48.79,0,0
TXN000096,253.78,18,6,1757,1,474.6,0,0
TXN000097,1474.57,1,2,1612,0,206.77,0,0
TXN000098,1423.76,18,4,217,0,254.09,0,0
TXN000099,1102.26,1,6,300,0,38.86,0,1
TXN000100,867.32,14,5,1826,0,195.02,0,0
TXN000101,266.3,23,1,1634,0,258.89,0,0
TXN000102,720.07,20,4,1311,0,75.46,0,0
TXN000103,778.43,2,4,655,0,30.89,0,1
TXN000104,491.63,4,1,1859,0,214.93,0,0
TXN000105,933.29,10,2,1295,0,170.02,0,0
TXN000106,1642.63,23,1,123,0,154.28,0,0
TXN000107,7231.39,6,1,723,0,36.29,0,0
TXN000108,1305.81,5,0,537,0,54.81,0,0
TXN000109,1418.78,13,2,1017,0,176.49,0,0
TXN000110,1017.96,0,3,324,0,171.15,0,0
TXN000111,160.97,16,1,509,0,145.63,1,0
TXN000112,1067.94,16,5,1818,0,263.09,0,0
TXN000113,1164.71,13,4,1073,0,303.4,0,0
TXN000114,12877.57,9,2,791,0,58.26,0,0
TXN000115,904.73,7,4,1457,0,30.87,0,0
TXN000116,1482.59,7,4,1850,0,40.43,0,0
TXN000117,1059.22,13,5,448,0,59.46,0,0
TXN000118,340.81,6,4,445,0,531.3,0,0
TXN000119,3438.61,5,3,558,0,26.56,0,0
TXN000120,2326.06,3,2,1937,0,379.8,0,0
TXN000121,2418.81,0,3,1616,1,40.93,0,0
TXN000122,441.69,14,2,1189,0,77.11,0,0
TXN000123,4459.51,14,3,690,0,24.22,0,0
TXN000124,269.93,0,2,692,1,19.64,0,0
TXN000125,1972.11,19,3,144,0,18.0,0,0
TXN000126,9803.12,2,2,888,0,75.55,0,0
TXN000127,407.26,22,3,1827,0,133.5,0,0
TXN000128,622.47,4,4,1559,0,40.35,0,0
TXN000129,1211.54,4,2,209,0,485.68,0,0
TXN000130,662.83,3,3,677,0,158.92,0,0
TXN000131,232.6,16,0,640,0,389.41,0,0
TXN000132,1174.46,20,2,354,0,29.0,0,0
TXN000133,379.06,19,4,1854,0,27.88,0,0
TXN000134,1760.92,13,5,219,0,337.63,0,0
TXN000135,437.28,7,3,990,0,151.07,1,0
TXN000136,5166.42,1,4,1244,0,502.22,0,1
TXN000137,501.07,7,2,757,0,28.6,0,0
TXN000138,794.68,0,4,701,0,4.75,0,0
TXN000139,2473.82,3,2,852,0,447.05,0,0
TXN000140,320.26,18,2,1342,0,216.02,0,0
TXN000141,1376.72,4,2,1219,0,296.27,0,0
TXN000142,4052.72,4,2,1311,0,63.18,0,0
TXN000143,219.76,20,3,265,0,0.55,0,0
TXN000144,1319.01,19,2,1774,0,118.71,0,0
TXN000145,1422.09,23,3,1447,0,829.1,0,0
TXN000146,2396.64,18,0,770,0,428.57,0,0
TXN000147,318.32,11,6,1538,0,13.45,1,0
TXN000148,292.82,19,6,607,0,37.44,0,0
TXN000149,1848.15,0,0,489,0,67.11,0,0
TXN000150,1475.84,6,4,1538,0,319.38,0,0
TXN000151,1408.8,16,3,763,0,313.44,0,0
TXN000152,1550.68,1,5,1068,0,36.82,0,1
TXN000153,555.56,10,1,500,0,137.09,0,0
TXN000154,1383.34,6,1,913,0,125.41,0,0
TXN000155,1470.08,16,4,858,0,96.28,0,0
TXN000156,536.81,2,6,700,0,138.19,0,0
TXN000157,7085.28,21,2,1298,0,62.36,0,0
TXN000158,1761.34,5,3,280,0,136.5,0,0
TXN000159,333.18,21,1,1219,0,208.28,0,0
TXN000160,2114.46,10,4,1722,0,11.62,0,0
TXN000161,413.77,17,3,1557,0,615.7,0,0
TXN000162,2409.28,17,4,1259,0,32.52,0,0
TXN000163,3493.28,21,1,1174,0,80.42,0,0
TXN000164,482.66,9,4,712,0,114.49,0,0
TXN000165,2873.76,4,3,1687,0,7.53,0,0
TXN000166,1657.03,22,4,1541,0,143.08,0,0
TXN000167,2495.04,22,2,308,0,367.2,0,0
TXN000168,7308.5,20,2,1590,0,416.31,0,0
TXN000169,858.01,23,1,1030,0,71.07,0,0
TXN000170,516.08,21,1,1539,0,147.28,0,0
TXN000171,450.56,14,2,1721,0,269.94,0,0
TXN000172,485.02,20,2,1664,0,52.47,0,0
TXN000173,1015.26,19,2,1915,0,135.32,0,0
TXN000174,1542.49,22,5,1561,0,82.23,0,0
TXN000175,1446.19,3,2,1272,0,85.52,0,0
TXN000176,2507.86,20,4,1253,0,17.8,0,0
TXN000177,1110.98,20,4,1933,0,94.03,0,0
TXN000178,4691.62,0,1,112,0,31.57,0,1
TXN000179,841.63,14,3,1950,0,64.53,0,0
TXN000180,16650.06,16,2,906,0,72.16,0,0
TXN000181,2050.15,18,6,905,0,101.37,0,0
TXN000182,465.37,13,2,1329,0,447.82,0,0
TXN000183,375.82,18,3,251,0,179.45,0,0
TXN000184,1776.63,17,2,1594,0,660.17,0,0
TXN000185,877.03,1,3,677,0,160.77,0,0
TXN000186,2239.48,5,3,1115,0,294.71,0,0
TXN000187,1760.3,12,1,427,1,323.4,0,0
TXN000188,1019.61,16,5,1219,0,241.78,0,0
TXN000189,470.22,5,5,160,0,199.51,0,0
TXN000190,241.09,20,1,1824,0,97.4,0,0
TXN000191,701.69,21,0,1364,0,150.78,0,0
TXN000192,2582.2,4,3,235,0,38.76,0,1
TXN000193,1358.44,6,4,1458,0,173.34,0,0
TXN000194,315.53,0,5,1216,0,129.99,0,0
TXN000195,1303.99,12,2,1049,0,293.63,0,0
TXN000196,1612.14,18,3,1353,0,419.1,0,0
TXN000197,453.11,21,1,1225,1,25.65,0,0
TXN000198,1278.86,0,5,910,0,211.34,0,0
TXN000199,1162.36,12,1,968,1,539.4,0,0
TXN000200,349.68,10,1,198,0,449.93,0,0
TXN000201,1568.36,6,4,184,0,323.7,0,0
TXN000202,1921.35,19,4,1145,0,8.92,0,0
TXN000203,3239.1,2,1,1209,1,52.38,0,1
TXN000204,3145.73,0,3,34,0,28.89,0,0
TXN000205,276.53,7,3,712,0,470.95,1,0
TXN000206,429.31,16,10,1244,0,248.74,0,0
TXN000207,1835.43,12,2,1604,0,136.59,0,0
TXN000208,1833.14,13,2,1063,0,698.85,0,0
TXN000209,1835.46,4,2,604,0,38.98,0,0
TXN000210,51675.11,23,3,806,0,184.68,0,1
TXN000211,1940.87,21,2,1137,0,169.2,0,0
TXN000212,3413.75,22,1,1530,0,74.92,0,0
TXN000213,2846.94,23,5,908,0,119.58,0,0
TXN000214,2103.57,5,2,1082,0,48.31,0,0
TXN000215,800.1,21,5,1465,0,203.48,0,0
TXN000216,2342.49,5,1,1448,0,97.51,0,1
TXN000217,506.32,20,4,242,1,4.29,0,1
TXN000218,865.39,7,7,1920,0,542.08,0,0
TXN000219,674.95,12,3,500,0,125.28,0,0
TXN000220,1190.2,17,3,250,0,220.13,0,0
TXN000221,11099.54,22,1,812,0,39.48,0,0
TXN000222,169.48,3,4,1774,0,24.49,0,0
TXN000223,2178.21,16,7,1205,0,418.88,0,0
TXN000224,218.61,4,2,64,0,160.9,0,0
TXN000225,684.08,2,10,90,0,122.39,0,0
TXN000226,3258.27,3,2,1329,0,132.55,0,0
TXN000227,1169.44,22,5,855,0,48.5,0,0
TXN000228,373.25,4,0,988,1,438.88,0,1
TXN000229,536.3,13,6,641,0,43.4,0,0
TXN000230,2163.75,14,4,744,0,30.96,0,0
TXN000231,528.28,19,3,1812,0,478.78,0,0
TXN000232,1361.66,16,2,1275,0,53.61,0,0
TXN000233,1147.76,5,2,729,0,357.12,0,0
TXN000234,571.58,9,3,1476,0,266.52,0,0
TXN000235,9357.6,21,4,433,0,86.61,0,0
TXN000236,2067.14,22,3,1651,1,52.75,0,0
TXN000237,144.73,15,1,1653,0,256.12,0,0
TXN000238,1321.41,16,2,477,0,163.85,0,0
TXN000239,565.78,13,6,683,0,52.76,0,0
TXN000240,2571.99,19,5,1217,0,398.75,0,0
TXN000241,496.45,11,2,170,0,229.77,0,0
TXN000242,977.76,8,3,286,0,431.99,1,0
TXN000243,1817.08,14,2,532,0,103.56,0,0
TXN000244,2606.48,11,2,399,0,24.7,0,0
TXN000245,330.2,13,3,1656,0,464.04,0,0
TXN000246,784.85,21,3,1322,0,165.58,0,0
TXN000247,682.02,17,4,1216,0,167.68,0,0
TXN000248,570.59,19,5,1957,0,157.99,0,0
TXN000249,6408.97,5,1,1583,0,115.09,0,0
TXN000250,1644.15,3,2,703,0,53.0,0,0
TXN000251,310.79,22,2,1105,0,170.89,0,0
TXN000252,2745.89,11,0,355,0,228.24,0,0
TXN000253,9155.92,12,3,1111,0,447.02,0,0
TXN000254,3079.32,18,5,312,1,13.48,0,1
TXN000255,240.0,21,7,1711,0,52.92,1,0
TXN000256,675.71,12,1,1110,0,269.85,0,0
TXN000257,3892.91,11,3,409,0,268.62,0,0
TXN000258,540.41,19,3,911,0,42.89,1,0
TXN000259,1709.27,2,4,1062,0,36.76,0,0
TXN000260,2379.47,2,4,1757,0,82.35,0,0
TXN000261,434.01,13,3,620,1,11.7,0,0
TXN000262,1033.26,17,3,692,0,235.92,0,0
TXN000263,42.89,18,3,856,0,199.45,1,0
TXN000264,393.71,9,0,1760,1,352.27,0,0
TXN000265,851.87,16,8,1558,0,101.2,0,0
TXN000266,314.89,14,3,1766,0,182.27,0,0
TXN000267,5610.59,18,1,307,0,554.04,1,0
TXN000268,262.4,8,4,1487,0,574.09,0,0
TXN000269,706.24,3,4,436,0,13.27,1,0
TXN000270,1249.8,14,3,113,0,0.34,0,0
TXN000271,4634.45,18,5,465,0,579.33,0,0
TXN000272,260.9,15,4,1828,0,137.95,1,0
TXN000273,3509.27,7,4,1426,0,216.96,0,0
TXN000274,1107.91,16,2,174,0,438.7,0,0
TXN000275,410.96,20,0,1952,0,102.18,0,0
TXN000276,1740.81,0,3,1956,0,104.58,0,0
TXN000277,1338.17,6,3,1990,0,32.89,0,0
TXN000278,601.71,20,2,774,1,425.27,0,0
TXN000279,1175.92,17,3,180,0,187.78,0,0
TXN000280,745.97,11,4,578,0,35.78,0,0
TXN000281,1228.46,15,3,865,0,147.69,0,0
TXN000282,2126.28,0,4,230,1,71.59,0,0
TXN000283,5356.24,14,3,1507,0,28.66,0,0
TXN000284,318.04,6,1,538,0,36.13,0,0
TXN000285,9256.06,16,1,391,0,147.47,0,0
TXN000286,155.7,2,5,1245,0,149.58,0,1
TXN000287,942.2,10,1,559,0,280.87,0,0
TXN000288,1974.99,5,3,192,0,51.3,0,0
TXN000289,1452.43,5,5,308,0,445.49,0,0
TXN000290,588.34,14,2,380,0,131.6,0,0
TXN000291,890.58,6,4,241,0,41.11,1,0
TXN000292,669.81,10,3,1188,0,95.98,0,0
TXN000293,608.28,16,3,1754,0,462.35,0,0
TXN000294,2564.71,22,4,873,0,117.07,0,0
TXN000295,1567.15,17,5,537,0,373.89,0,0
TXN000296,548.45,21,3,514,0,31.35,0,0
TXN000297,2696.2,23,3,974,0,441.53,0,0
TXN000298,1491.14,20,2,1047,0,101.38,0,0
TXN000299,2472.2,18,3,784,0,495.15,0,0
TXN000300,2058.29,7,3,1750,0,361.89,0,0
TXN000301,478.67,23,1,737,0,194.17,0,0
TXN000302,626.29,19,5,1961,0,201.12,0,0
TXN000303,2315.3,7,6,1810,0,42.77,0,0
TXN000304,2019.03,20,1,556,0,166.21,0,0
TXN000305,1073.95,10,2,1439,0,143.53,0,0
TXN000306,1233.15,20,7,919,0,73.2,0,0
TXN000307,3935.0,2,4,1740,0,126.8,0,0
TXN000308,606.94,22,2,488,0,476.48,0,0
TXN000309,1895.23,13,6,853,0,0.96,0,0
TXN000310,895.88,8,4,1150,0,97.16,0,0
TXN000311,882.11,0,4,1067,0,73.07,0,0
TXN000312,3290.44,0,2,1208,0,585.02,0,1
TXN000313,2503.43,11,3,1953,1,656.21,0,0
TXN000314,2473.8,10,4,707,0,158.59,0,0
TXN000315,4045.98,20,5,645,0,143.73,0,0
TXN000316,1119.91,0,4,1777,0,420.34,0,0
TXN000317,2168.85,19,3,1183,0,1.18,0,0
TXN000318,804.11,11,3,33,0,148.71,0,0
TXN000319,1516.51,16,1,1806,0,4.49,0,0
TXN000320,962.81,14,5,1205,0,620.48,0,1
TXN000321,1208.33,1,1,1702,0,69.46,0,0
TXN000322,1988.54,17,2,688,0,132.42,0,0
TXN000323,483.85,15,0,219,0,97.3,0,0
TXN000324,8887.38,3,5,997,0,403.34,1,0
TXN000325,401.01,7,1,1734,0,1550.02,1,1
TXN000326,325.65,1,5,157,0,12.75,0,0
TXN000327,3491.58,13,4,1657,0,237.04,0,0
TXN000328,2420.34,14,2,1642,0,82.6,0,0
TXN000329,2046.98,8,1,485,0,26.95,1,0
TXN000330,2055.65,1,3,107,0,93.59,0,0
TXN000331,1083.28,16,4,463,0,1132.33,0,0
TXN000332,447.08,9,4,655,0,79.65,0,0
TXN000333,1182.99,8,2,1639,0,58.48,0,0
TXN000334,557.15,1,3,1178,0,336.94,0,0
TXN000335,2907.71,23,5,241,0,364.41,0,0
TXN000336,946.66,18,5,222,0,74.48,0,0
TXN000337,480.34,16,1,1641,0,63.86,0,0
TXN000338,795.22,10,2,256,0,187.58,0,0
TXN000339,1657.28,16,5,369,0,41.33,0,0
TXN000340,624.08,9,3,1897,0,118.99,1,0
TXN000341,481.92,17,1,1039,0,27.43,0,0
TXN000342,1399.24,22,3,1193,0,65.43,0,0
TXN000343,1401.04,5,4,708,0,63.56,0,0
TXN000344,660.54,15,3,442,0,213.68,0,0
TXN000345,684.69,17,2,215,0,59.7,0,0
TXN000346,1383.05,19,2,352,0,411.78,0,0
TXN000347,257.73,17,2,868,0,733.91,0,0
TXN000348,268.42,0,2,1268,0,15.22,0,0
TXN000349,534.62,2,4,618,0,91.24,0,0
TXN000350,885.85,14,3,538,0,64.68,0,0
TXN000351,1496.53,19,4,104,0,78.09,0,0
TXN000352,4795.13,9,1,1462,0,55.51,0,0
TXN000353,2585.46,20,4,1681,0,86.82,0,0
TXN000354,934.55,4,1,369,0,27.44,0,0
TXN000355,1075.98,14,4,1614,0,59.09,0,0
TXN000356,402.41,22,1,348,0,247.97,0,0
TXN000357,1076.52,13,2,268,0,75.9,0,0
TXN000358,821.67,14,7,539,1,41.94,0,0
TXN000359,1514.32,9,2,824,0,20.66,0,0
TXN000360,479.51,23,4,483,0,76.99,0,0
TXN000361,1843.36,8,3,1763,0,185.61,0,0
TXN000362,5078.34,11,2,1540,0,52.58,0,0
TXN000363,983.62,6,2,1926,0,98.81,0,0
TXN000364,1638.79,4,2,1111,0,548.08,0,0
TXN000365,2186.69,23,3,1687,0,144.68,0,0
TXN000366,734.2,9,3,1687,0,136.65,0,0
TXN000367,1372.09,7,1,1318,0,94.96,0,0
TXN000368,1110.53,21,4,754,0,146.49,0,0
TXN000369,1209.15,19,4,1007,0,750.83,0,0
TXN000370,506.23,15,4,926,0,52.7,0,0
TXN000371,1123.84,11,3,271,0,512.29,0,0
TXN000372,1804.43,8,1,1807,0,29.06,0,0
TXN000373,4680.42,9,7,105,0,21.2,0,0
TXN000374,2861.99,15,2,1758,0,191.39,0,0
TXN000375,9444.45,9,3,377,0,52.07,0,0
TXN000376,509.1,8,2,949,0,105.78,0,0
TXN000377,2623.65,2,3,1584,0,235.45,0,0
TXN000378,1317.3,18,2,1687,0,137.77,0,0
TXN000379,9796.72,10,5,171,0,2.49,0,1
TXN000380,488.68,5,1,939,0,65.71,0,0
TXN000381,473.56,5,3,1783,0,12.04,0,0
TXN000382,602.21,14,2,1901,0,468.94,0,0
TXN000383,131.12,14,3,1561,0,284.95,0,0
TXN000384,648.23,12,1,1909,0,742.56,0,0
TXN000385,513.3,21,2,1725,0,389.48,0,0
TXN000386,1274.61,4,2,803,0,116.1,0,0
TXN000387,1543.42,13,3,142,1,385.59,0,0
TXN000388,7159.32,20,3,522,0,200.89,0,0
TXN000389,2836.78,1,2,379,1,133.85,0,0
TXN000390,615.91,22,3,794,0,83.35,0,0
TXN000391,446.57,11,2,820,0,205.64,0,0
TXN000392,1793.49,19,1,1072,1,160.55,0,0
TXN000393,292.88,13,4,1782,0,171.43,0,0
TXN000394,6846.27,18,3,246,0,91.9,0,0
TXN000395,3566.86,23,1,1553,0,242.0,0,0
TXN000396,685.96,19,6,671,0,15.27,0,0
TXN000397,197.72,14,0,743,0,233.14,0,0
TXN000398,4246.59,19,3,1478,0,236.19,0,0
TXN000399,977.95,23,3,1746,0,130.6,0,0
TXN000400,3781.27,16,4,440,0,55.0,0,0
TXN000401,222.64,13,3,540,0,131.84,0,0
TXN000402,602.22,22,5,137,0,23.64,1,0
TXN000403,1102.4,17,6,1957,0,60.42,0,0
TXN000404,1149.38,21,3,134,0,98.45,0,0
TXN000405,699.2,23,5,1608,0,201.33,1,1
TXN000406,2044.38,4,2,318,0,37.31,0,0
TXN000407,377.05,21,5,1480,0,30.99,0,0
TXN000408,951.1,11,3,752,1,168.48,0,0
TXN000409,1236.82,9,2,660,0,204.84,0,0
TXN000410,1834.34,7,3,1979,0,15.73,0,0
TXN000411,2234.15,5,1,319,0,6.07,0,1
TXN000412,356.15,14,0,1387,0,28.65,0,0
TXN000413,236.49,11,1,1921,0,416.32,0,0
TXN000414,3935.04,5,5,49,0,201.0,0,0
TXN000415,1528.92,11,1,347,0,456.95,0,0
TXN000416,518.8,14,5,1516,1,196.7,0,1
TXN000417,5172.71,11,2,31,0,604.66,0,0
TXN000418,1231.11,8,0,245,0,104.02,0,0
TXN000419,3566.35,18,5,1653,1,164.53,0,0
TXN000420,1173.23,20,1,282,0,165.47,0,0
TXN000421,8610.59,1,1,252,0,0.57,0,0
TXN000422,6344.48,12,3,1261,0,5.01,0,0
TXN000423,854.94,12,8,659,1,28.25,0,1
TXN000424,2897.41,7,0,97,0,128.82,0,0
TXN000425,2090.95,12,7,255,0,101.35,0,0
TXN000426,4309.73,3,5,1644,0,139.68,0,0
TXN000427,417.83,5,2,368,0,290.14,0,0
TXN000428,2177.76,5,2,1712,0,310.92,0,0
TXN000429,3160.31,20,1,397,0,679.12,0,0
TXN000430,188.91,11,2,1545,0,146.78,0,0
TXN000431,335.88,11,5,1600,0,76.77,0,0
TXN000432,142.7,16,2,689,0,66.28,0,0
TXN000433,837.64,6,3,1052,0,75.0,0,0
TXN000434,2247.43,14,4,388,0,70.44,0,0
TXN000435,4926.37,23,2,1350,0,89.84,0,0
TXN000436,1180.97,16,0,1687,0,14.01,0,0
TXN000437,5589.33,9,3,442,0,180.64,0,0
TXN000438,275.86,22,4,428,0,151.1,0,0
TXN000439,199.66,19,1,1009,0,111.57,0,0
TXN000440,1037.38,5,4,573,0,15.23,0,0
TXN000441,1610.12,8,3,682,0,17.61,0,0
TXN000442,1061.36,14,2,1444,1,141.78,0,0
TXN000443,138.73,15,5,1943,0,6.71,0,0
TXN000444,1003.13,20,5,1875,0,232.24,0,0
TXN000445,297.53,7,1,557,1,914.34,0,0
TXN000446,2142.38,15,0,1319,0,163.77,0,0
TXN000447,1582.24,4,3,278,0,231.35,0,0
TXN000448,428.43,17,2,213,0,104.03,0,0
TXN000449,655.98,19,6,1247,0,198.15,0,0
TXN000450,380.23,13,4,1552,0,189.89,0,0
TXN000451,1030.01,1,3,1731,0,312.8,0,0
TXN000452,2850.19,22,2,82,0,223.65,0,0
TXN000453,409.23,22,2,111,0,248.85,0,0
TXN000454,1815.37,2,6,1599,0,146.41,1,0
TXN000455,645.32,13,1,1906,0,119.28,0,0
TXN000456,496.27,6,2,1138,0,110.49,0,0
TXN000457,985.32,14,5,1438,0,89.57,1,1
TXN000458,389.46,16,0,748,0,55.67,0,0
TXN000459,630.4,0,4,743,0,6.1,0,1
TXN000460,331.0,8,2,600,0,200.16,0,0
TXN000461,7822.23,21,6,896,0,416.2,0,0
TXN000462,1135.99,13,0,1078,0,479.91,0,0
TXN000463,544.72,15,2,1981,1,156.39,0,1
TXN000464,1358.29,20,2,1596,0,17.8,0,0
TXN000465,980.12,12,3,615,0,379.65,0,0
TXN000466,879.22,5,3,1946,0,247.92,0,0
TXN000467,2026.71,21,6,1056,0,52.12,1,0
TXN000468,2339.07,0,3,883,0,292.92,0,0
TXN000469,645.16,20,0,643,0,114.96,0,0
TXN000470,616.58,3,3,223,0,393.41,0,0
TXN000471,832.93,2,2,1780,0,51.21,0,0
TXN000472,109.74,16,3,1686,0,290.52,1,1
TXN000473,241.0,1,3,1990,0,224.01,0,0
TXN000474,4302.17,18,3,901,0,2.62,0,1
TXN000475,5681.48,19,3,859,0,149.15,0,0
TXN000476,854.88,22,2,722,0,226.29,0,0
TXN000477,1951.9,21,2,1909,0,30.62,0,0
TXN000478,1497.05,7,1,1021,0,136.63,0,0
TXN000479,23834.3,14,3,1430,0,65.25,0,1
TXN000480,3359.59,5,3,1598,1,214.48,0,1
TXN000481,964.96,22,0,1806,0,139.83,0,0
TXN000482,421.77,19,3,1144,0,174.86,0,0
TXN000483,219.98,1,1,682,0,13.55,0,1
TXN000484,1344.08,14,3,514,1,26.69,0,0
TXN000485,514.73,19,2,1604,0,144.57,0,0
TXN000486,264.47,11,4,1082,0,35.98,0,0
TXN000487,574.46,2,2,134,0,124.3,0,0
TXN000488,371.84,9,7,1078,0,210.83,0,0
TXN000489,5926.22,13,6,523,1,298.72,0,0
TXN000490,2648.21,21,6,1328,0,27.78,0,0
TXN000491,1087.92,13,2,1502,0,243.78,0,0
TXN000492,4817.18,2,2,128,0,81.23,0,0
TXN000493,1184.85,0,2,1581,0,204.5,0,1
TXN000494,463.46,19,0,613,0,28.26,0,0
TXN000495,5029.74,0,3,228,0,130.31,0,0
TXN000496,1879.78,1,3,1650,0,327.14,0,0
TXN000497,388.68,18,2,1783,0,20.26,0,0
TXN000498,906.56,23,4,985,0,316.51,0,0
TXN000499,456.86,9,1,1516,0,108.52,0,0
TXN000500,275.12,3,3,726,0,311.97,1,0
TXN000501,2768.82,3,3,1226,0,572.28,0,0
TXN000502,7401.34,12,5,465,0,31.31,0,0
TXN000503,270.81,8,4,1315,0,202.07,0,0
TXN000504,1925.55,6,4,1497,0,48.24,0,0
TXN000505,572.12,15,3,1346,0,26.22,0,0
TXN000506,673.76,17,2,1875,0,178.04,0,0
TXN000507,606.44,2,4,1564,0,20.57,0,0
TXN000508,462.21,19,5,1057,0,112.65,0,0
TXN000509,1151.16,19,3,1520,0,181.89,0,0
TXN000510,477.73,9,2,204,0,124.63,0,0
TXN000511,1437.21,23,1,370,0,214.97,0,0
TXN000512,1042.9,21,2,1730,0,290.97,0,0
TXN000513,863.55,15,2,1051,0,370.38,0,0
TXN000514,442.5,2,0,1800,0,147.72,0,0
TXN000515,615.99,10,6,1519,1,58.29,0,0
TXN000516,2334.12,9,2,199,0,128.28,0,1
TXN000517,1809.7,15,3,717,0,88.29,0,0
TXN000518,412.59,7,3,769,0,46.1,0,0
TXN000519,1211.16,8,1,730,0,135.55,0,0
TXN000520,2324.79,14,1,475,0,4.12,0,0
TXN000521,206.56,20,1,980,0,167.45,0,0
TXN000522,1888.16,2,1,962,0,310.27,0,0
TXN000523,565.31,3,1,1580,0,1346.39,0,0
TXN000524,1940.3,12,7,1027,0,458.45,0,0
TXN000525,511.19,11,5,1819,0,16.94,0,0
TXN000526,180.39,20,3,600,0,31.9,0,0
TXN000527,215.39,8,4,1812,0,26.86,0,0
TXN000528,1150.65,13,1,991,0,147.1,0,0
TXN000529,1421.86,18,2,327,0,8.46,0,0
TXN000530,443.94,6,3,1937,0,497.61,0,0
TXN000531,2076.82,15,4,539,0,11.49,0,0
TXN000532,208.2,21,0,188,0,89.34,0,0
TXN000533,1026.51,19,3,1827,1,403.93,0,0
TXN000534,326.68,4,3,816,0,533.49,0,0
TXN000535,571.44,9,1,1731,0,112.69,0,0
TXN000536,1149.86,17,2,663,1,120.65,0,1
TXN000537,463.86,10,6,1004,1,182.0,0,0
TXN000538,746.54,6,1,1470,0,94.25,0,0
TXN000539,2999.78,13,3,1413,0,70.66,0,0
TXN000540,615.91,19,4,1399,0,242.08,0,0
TXN000541,2529.29,17,3,722,0,162.86,0,0
TXN000542,354.35,10,4,1819,0,118.29,0,0
TXN000543,1862.74,21,1,1467,0,19.12,0,0
TXN000544,4635.82,11,1,155,0,12.84,1,0
TXN000545,92.61,17,3,1896,0,128.7,1,1
TXN000546,494.28,1,5,1163,0,173.9,0,0
TXN000547,1952.9,22,6,478,0,192.87,0,0
TXN000548,895.12,0,2,1195,1,405.49,0,1
TXN000549,1589.45,22,4,663,0,304.93,0,0
TXN000550,599.45,9,2,39,0,27.31,0,0
TXN000551,1195.82,20,2,1820,0,284.76,0,0
TXN000552,938.54,0,1,1048,0,203.03,0,0
TXN000553,3525.52,5,3,1070,0,316.88,0,0
TXN000554,1414.34,6,8,744,0,333.68,0,0
TXN000555,1537.02,16,6,1543,0,76.31,0,0
TXN000556,726.42,8,2,1580,0,55.0,0,0
TXN000557,673.44,6,2,1001,0,144.79,0,0
TXN000558,711.55,16,1,1056,0,63.84,0,0
TXN000559,1626.93,2,2,947,0,77.45,0,0
TXN000560,719.83,15,2,1295,0,12.9,0,0
TXN000561,1465.24,4,5,853,0,855.32,0,0
TXN000562,8737.69,19,2,1240,0,66.61,0,0
TXN000563,2620.51,17,6,823,0,272.6,0,0
TXN000564,791.54,0,2,1668,0,897.25,0,0
TXN000565,3645.37,3,3,1288,0,626.01,0,0
TXN000566,729.18,22,5,207,0,180.86,0,0
TXN000567,142.86,10,6,628,0,139.25,0,0
TXN000568,400.18,19,2,1005,0,66.6,1,0
TXN000569,168.88,8,2,346,0,355.85,0,0
TXN000570,771.62,7,3,282,0,74.25,0,0
TXN000571,1117.02,7,3,1364,0,20.31,0,0
TXN000572,5863.12,4,2,1245,0,62.69,0,0
TXN000573,1520.7,11,1,32,0,68.13,0,0
TXN000574,880.86,0,2,1211,0,228.16,0,0
TXN000575,2513.43,14,4,1239,0,33.44,0,0
TXN000576,120.16,17,1,1194,1,68.59,0,0
TXN000577,1387.99,5,3,1973,0,14.34,0,0
TXN000578,2370.52,9,6,1890,0,339.57,0,0
TXN000579,249.99,13,5,1956,0,232.23,0,0
TXN000580,3441.81,20,7,80,0,103.56,0,0
TXN000581,1538.4,7,6,851,0,101.19,0,0
TXN000582,723.94,2,3,1744,0,32.75,0,0
TXN000583,2064.79,21,4,696,0,87.35,0,0
TXN000584,10622.11,21,1,809,0,427.19,0,0
TXN000585,1315.36,18,2,454,0,26.87,0,0
TXN000586,1405.6,11,2,1428,0,260.69,0,0
TXN000587,692.73,11,7,1678,0,8.7,0,0
TXN000588,468.79,14,7,149,0,67.23,0,0
TXN000589,2515.77,6,2,630,0,337.84,0,0
TXN000590,465.87,3,5,647,0,105.98,0,0
TXN000591,1177.99,20,4,1423,0,218.34,0,0
TXN000592,680.17,8,5,446,1,19.67,0,0
TXN000593,1770.43,21,2,1260,0,207.04,0,0
TXN000594,1530.98,15,2,572,0,307.69,0,0
TXN000595,3094.99,12,0,1832,0,294.48,0,0
TXN000596,658.51,3,3,193,0,104.0,0,0
TXN000597,837.25,23,3,1686,0,422.08,0,0
TXN000598,412.09,8,3,163,0,154.01,0,0
TXN000599,703.25,20,5,664,0,306.55,1,1
TXN000600,1599.27,17,4,1354,0,43.22,0,0
TXN000601,2337.85,14,3,985,0,42.48,0,0
TXN000602,436.08,14,3,1143,0,252.7,0,0
TXN000603,2616.53,5,4,101,0,187.25,0,0
TXN000604,4254.1,10,4,388,0,203.03,0,0
TXN000605,1658.11,7,2,578,0,48.59,0,0
TXN000606,7163.8,20,3,130,0,91.84,0,0
TXN000607,505.84,16,6,1677,0,53.81,0,0
TXN000608,315.87,23,3,59,0,12.7,0,0
TXN000609,185.17,16,1,1603,0,41.05,0,0
TXN000610,4895.37,23,3,1965,0,959.71,0,0
TXN000611,2109.84,17,3,748,0,47.99,0,0
TXN000612,1037.34,3,2,1219,0,31.23,0,0
TXN000613,1450.94,14,4,1445,0,214.85,0,1
TXN000614,355.85,1,3,1024,0,165.9,0,0
TXN000615,12654.3,1,1,550,0,246.69,0,0
TXN000616,1247.9,9,1,1330,0,190.87,0,0
TXN000617,1223.41,2,2,1222,0,45.42,0,0
TXN000618,2265.99,7,4,866,0,125.09,0,0
TXN000619,1774.03,19,2,1328,0,34.99,0,0
TXN000620,1371.81,6,4,278,0,52.63,0,0
TXN000621,497.47,11,2,541,0,780.57,0,0
TXN000622,1757.18,18,5,141,0,234.8,0,0
TXN000623,7201.36,14,5,1645,0,274.89,0,0
TXN000624,4210.85,13,1,1071,0,5.49,0,1
TXN000625,5394.78,15,4,1513,0,86.67,0,0
TXN000626,657.72,13,1,1133,0,145.84,0,0
TXN000627,407.64,2,4,1946,0,29.18,1,0
TXN000628,967.01,17,5,930,0,339.75,0,0
TXN000629,1159.48,21,2,736,0,27.06,0,0
TXN000630,3275.39,5,2,228,1,182.16,0,0
TXN000631,201.85,16,4,1169,0,145.01,0,0
TXN000632,5062.17,22,4,573,0,340.66,0,0
TXN000633,936.35,13,4,252,0,67.26,0,0
TXN000634,715.6,13,1,1515,0,60.15,0,0
TXN000635,398.57,19,4,117,0,337.23,0,0
TXN000636,209.59,12,3,1485,0,45.05,0,0
TXN000637,2497.81,2,4,1726,0,246.71,0,0
TXN000638,1180.06,12,3,994,0,38.18,0,0
TXN000639,301.88,23,2,357,0,375.3,0,0
TXN000640,300.34,1,4,1951,0,328.81,0,0
TXN000641,783.85,8,6,851,0,278.76,0,0
TXN000642,5819.8,12,4,132,0,121.72,0,0
TXN000643,845.91,7,4,1027,0,6.2,0,0
TXN000644,243.92,15,0,327,0,25.58,0,0
TXN000645,857.7,23,0,704,0,109.79,0,0
TXN000646,834.87,2,5,1667,0,8.03,0,1
TXN000647,73.93,12,5,916,0,11.8,0,0
TXN000648,1038.68,3,3,218,0,24.14,0,0
TXN000649,870.5,17,4,400,0,54.4,0,0
TXN000650,2199.99,1,4,857,0,249.05,0,0
TXN000651,6967.11,19,3,279,0,8.85,0,0
TXN000652,3383.16,21,1,255,0,740.32,0,0
TXN000653,838.08,20,5,153,0,57.59,0,0
TXN000654,362.66,14,1,334,0,69.47,0,0
TXN000655,14376.64,16,3,820,0,51.28,0,0
TXN000656,1163.54,9,3,1889,0,166.01,0,0
TXN000657,1112.02,0,4,832,0,3.53,0,0
TXN000658,1070.49,5,6,427,0,17.68,0,0
TXN000659,1336.87,2,1,1331,0,18.72,0,0
TXN000660,949.22,18,2,1211,1,196.6,0,1
TXN000661,617.91,6,3,32,0,71.96,0,0
TXN000662,634.69,12,1,360,0,103.56,0,0
TXN000663,1061.3,12,4,39,0,539.14,0,0
TXN000664,636.88,16,2,608,0,40.18,0,0
TXN000665,537.62,0,3,710,0,13.1,0,0
TXN000666,1219.79,13,3,1997,0,104.83,1,0
TXN000667,849.82,2,4,1615,0,32.26,0,0
TXN000668,4934.43,13,2,1692,1,28.13,0,1
TXN000669,77.4,23,3,226,0,95.01,0,0
TXN000670,3266.61,0,6,471,0,199.37,0,0
TXN000671,3812.67,15,1,44,0,50.08,0,0
TXN000672,137.91,9,2,1175,0,375.69,0,0
TXN000673,778.46,12,4,1613,0,81.02,0,0
TXN000674,756.39,3,3,655,1,489.39,0,1
TXN000675,268.4,8,2,35,0,122.05,0,0
TXN000676,503.8,13,2,545,0,233.52,0,0
TXN000677,361.2,3,2,1332,0,340.31,0,1
TXN000678,6325.03,9,1,714,0,135.8,0,0
TXN000679,2795.25,7,3,862,1,341.87,0,0
TXN000680,3911.03,22,3,1109,0,85.46,0,0
TXN000681,2256.73,2,5,988,0,81.29,0,0
TXN000682,354.59,22,4,1068,0,284.43,0,0
TXN000683,649.03,6,2,1441,0,49.7,0,0
TXN000684,1788.93,9,1,120,0,227.24,0,0
TXN000685,323.07,2,3,746,0,14.44,0,0
TXN000686,2237.24,1,5,1812,0,181.72,0,0
TXN000687,862.36,14,6,1547,0,512.24,0,0
TXN000688,753.84,8,3,268,0,109.74,0,0
TXN000689,2232.68,14,5,1925,0,96.8,0,0
TXN000690,1710.03,16,7,1981,0,139.99,0,0
TXN000691,764.36,6,1,550,0,228.86,0,0
TXN000692,3495.84,19,3,1794,0,80.0,0,0
TXN000693,372.02,17,5,1270,0,0.02,0,1
TXN000694,2030.29,14,3,214,0,125.52,0,0
TXN000695,1984.46,17,2,224,0,97.83,0,0
TXN000696,804.69,23,7,1092,0,136.94,0,0
TXN000697,1519.49,22,2,1093,0,226.15,0,0
TXN000698,313.84,11,5,45,0,59.98,0,0
TXN000699,2762.87,22,3,1134,0,126.67,0,0
TXN000700,911.51,20,3,1656,0,52.6,0,0
TXN000701,650.2,7,4,1703,1,110.7,1,1
TXN000702,3130.69,1,3,722,0,76.03,0,1
TXN000703,542.21,1,4,94,0,82.89,0,0
TXN000704,268.15,4,6,1168,0,155.88,0,1
TXN000705,231.22,0,1,1615,1,210.59,1,0
TXN000706,2010.24,21,3,314,1,2.29,0,0
TXN000707,304.77,3,1,175,1,376.68,0,0
TXN000708,6341.02,5,2,1745,0,81.56,0,0
TXN000709,136.74,22,5,1469,0,185.71,0,0
TXN000710,5981.68,12,6,1928,0,23.5,0,0
TXN000711,1354.27,18,3,1726,0,152.53,1,1
TXN000712,995.54,10,1,1432,0,204.23,0,0
TXN000713,635.93,12,7,1523,0,30.84,0,0
TXN000714,1634.57,7,4,1928,0,437.79,0,0
TXN000715,1056.13,6,4,296,0,254.99,0,0
TXN000716,3305.36,12,0,1666,0,137.41,1,1
TXN000717,1229.33,0,2,1466,0,32.69,0,0
TXN000718,1274.49,5,3,689,0,361.18,0,0
TXN000719,762.34,6,2,1715,0,12.8,1,1
TXN000720,1035.93,15,3,765,0,22.03,0,0
TXN000721,1491.89,14,0,1039,0,215.62,0,0
TXN000722,198.31,19,3,1765,0,52.71,0,0
TXN000723,284.81,1,3,1011,0,110.69,1,0
TXN000724,2305.99,22,5,428,0,139.35,0,0
TXN000725,1300.97,15,2,320,0,110.33,0,0
TXN000726,912.34,16,0,109,0,15.77,0,0
TXN000727,1117.04,23,1,401,0,240.73,0,0
TXN000728,1552.44,14,3,1673,0,49.4,0,0
TXN000729,639.21,2,2,1530,0,241.46,0,0
TXN000730,503.56,3,5,1215,0,360.83,0,1
TXN000731,1333.88,11,3,1201,0,138.36,0,0
TXN000732,412.25,4,3,1558,0,220.58,0,0
TXN000733,1649.54,16,5,1041,0,6.77,0,0
TXN000734,199.82,5,2,1258,0,6.74,0,0
TXN000735,3069.15,9,2,853,0,39.53,0,0
TXN000736,1759.17,21,2,1872,0,79.88,0,0
TXN000737,1416.62,17,2,1002,0,36.33,0,0
TXN000738,2929.8,9,3,1916,0,181.39,0,0
TXN000739,5799.2,5,2,1650,0,58.35,0,0
TXN000740,3024.1,23,5,79,0,336.45,0,0
TXN000741,174.01,5,4,1467,0,148.02,0,0
TXN000742,305.03,19,1,150,0,85.49,0,0
TXN000743,587.09,14,3,1037,1,402.42,0,1
TXN000744,1125.62,3,3,1718,0,317.23,1,0
TXN000745,1840.25,15,3,1915,0,308.7,0,0
TXN000746,530.73,21,1,487,0,234.58,0,0
TXN000747,1321.82,23,3,1252,0,171.45,0,0
TXN000748,515.23,7,2,255,1,82.26,0,0
TXN000749,594.95,6,6,1313,1,98.86,0,0
TXN000750,268.63,18,4,1628,0,187.49,0,0
TXN000751,435.62,16,3,307,0,34.16,0,0
TXN000752,283.81,20,1,1878,0,316.65,0,0
TXN000753,413.28,12,5,1018,0,502.47,0,0
TXN000754,3145.23,14,5,1747,0,18.56,0,0
TXN000755,424.37,1,6,33,0,4.09,1,0
TXN000756,15250.72,9,5,1246,0,27.71,0,1
TXN000757,1796.0,12,5,1820,0,256.81,0,0
TXN000758,1319.27,17,2,1357,1,20.54,0,0
TXN000759,464.82,22,4,948,0,83.81,0,0
TXN000760,2209.03,10,4,180,0,11.74,0,0
TXN000761,616.69,12,2,35,0,101.99,0,0
TXN000762,1238.94,18,3,1936,1,166.68,0,0
TXN000763,14187.05,23,5,1506,0,178.24,0,0
TXN000764,996.19,23,0,1268,0,131.71,0,0
TXN000765,3460.86,21,3,1795,0,500.83,0,0
TXN000766,542.84,4,1,1380,0,136.34,0,0
TXN000767,1058.93,2,3,1698,0,352.92,0,0
TXN000768,6443.33,18,1,1982,0,893.8,0,0
TXN000769,585.83,22,2,951,0,46.99,0,0
TXN000770,6717.35,12,4,984,0,55.55,0,0
TXN000771,2225.53,4,3,114,0,132.82,0,0
TXN000772,624.86,11,3,447,0,36.24,0,0
TXN000773,2064.01,13,2,183,0,149.47,0,0
TXN000774,2900.26,5,2,743,1,207.58,0,0
TXN000775,2042.26,21,4,735,0,11.21,0,0
TXN000776,228.1,8,1,1585,0,205.88,0,0
TXN000777,529.99,16,4,1323,0,31.27,0,0
TXN000778,856.18,7,2,1299,0,64.03,0,0
TXN000779,1017.97,12,2,402,0,241.65,0,0
TXN000780,2039.93,4,3,1124,0,32.15,0,0
TXN000781,1309.89,21,2,1255,0,136.55,0,0
TXN000782,288.49,21,4,1404,0,160.13,0,0
TXN000783,1603.91,16,0,933,0,32.32,0,0
TXN000784,2019.46,2,1,87,0,57.83,1,0
TXN000785,1919.44,5,5,798,0,167.86,0,0
TXN000786,3231.76,13,3,250,0,111.31,0,0
TXN000787,2524.81,14,3,1212,0,194.18,0,0
TXN000788,1735.72,13,1,1701,0,347.23,0,0
TXN000789,1022.32,10,1,1261,0,26.11,0,0
TXN000790,208.31,10,4,267,1,13.19,0,0
TXN000791,1685.16,8,4,880,0,197.78,0,0
TXN000792,1349.77,5,6,1783,0,265.05,0,0
TXN000793,1438.82,14,1,1241,0,107.38,0,0
TXN000794,305.9,11,2,731,0,90.13,0,0
TXN000795,372.02,5,8,423,0,163.49,0,0
TXN000796,3143.69,0,2,1839,0,144.31,0,0
TXN000797,1054.1,15,4,1307,0,121.26,0,0
TXN000798,2167.87,19,5,1759,0,307.37,0,0
TXN000799,1128.13,14,3,1026,0,34.3,0,0
TXN000800,1129.76,1,4,378,0,205.78,0,0
TXN000801,2802.55,16,2,351,0,243.4,0,0
TXN000802,654.55,2,1,1233,0,416.82,0,0
TXN000803,1207.27,2,2,1888,0,522.4,0,0
TXN000804,690.71,4,1,924,0,127.62,0,0
TXN000805,710.17,16,3,1653,0,102.33,0,0
TXN000806,804.99,22,0,806,0,126.18,0,0
TXN000807,1369.41,16,6,1416,0,237.41,0,0
TXN000808,679.43,19,3,1357,0,3.12,0,0
TXN000809,3849.72,5,2,1435,0,34.44,0,0
TXN000810,448.27,0,5,857,0,428.82,0,0
TXN000811,909.71,6,6,1899,0,39.14,0,0
TXN000812,706.46,14,2,155,0,46.69,0,0
TXN000813,4660.97,6,2,1035,0,504.81,0,0
TXN000814,1334.82,18,4,403,0,62.74,0,0
TXN000815,3077.41,19,3,1233,0,61.76,0,0
TXN000816,248.25,21,2,584,0,463.18,0,0
TXN000817,1432.32,10,3,744,0,84.62,1,0
TXN000818,2669.46,22,4,1947,0,122.6,0,0
TXN000819,1190.68,13,1,847,0,147.94,0,0
TXN000820,3182.68,12,1,1672,1,364.88,0,1
TXN000821,653.74,19,2,1141,1,14.53,0,0
TXN000822,4488.83,8,8,1579,0,54.41,0,0
TXN000823,10925.97,8,6,1296,0,159.18,0,1
TXN000824,762.93,15,3,559,0,102.64,0,0
TXN000825,702.4,11,7,1281,0,58.7,1,0
TXN000826,4690.92,9,4,106,0,94.86,0,0
TXN000827,5321.83,5,3,319,0,609.94,0,0
TXN000828,650.11,17,5,880,0,3.83,0,0
TXN000829,720.4,1,6,1606,0,28.61,0,0
TXN000830,827.34,19,3,148,0,3.39,0,0
TXN000831,285.87,8,3,1640,0,161.99,0,0
TXN000832,437.62,18,3,1948,0,2.34,0,1
TXN000833,401.76,5,3,1230,0,108.93,0,0
TXN000834,508.88,1,2,247,0,352.87,0,0
TXN000835,1059.25,14,2,1634,0,18.41,0,1
TXN000836,1386.05,16,2,754,0,81.79,0,0
TXN000837,5169.34,15,2,934,0,85.47,0,0
TXN000838,404.09,20,1,845,0,80.97,0,0
TXN000839,2934.59,7,6,1065,0,234.0,0,0
TXN000840,885.37,9,4,1166,0,0.8,0,1
TXN000841,1043.71,9,2,1835,0,272.51,0,0
TXN000842,2153.43,17,2,349,0,328.79,0,0
TXN000843,356.84,9,1,55,0,101.64,0,0
TXN000844,1607.46,8,3,420,0,392.72,0,0
TXN000845,1295.24,23,3,84,0,86.35,0,0
TXN000846,1794.45,18,3,1880,0,213.58,0,0
TXN000847,1464.35,0,4,1261,0,88.63,0,0
TXN000848,12775.7,3,6,1644,0,6.94,0,1
TXN000849,579.55,23,2,1493,0,15.68,0,0
TXN000850,644.84,2,2,1889,0,105.03,0,0
TXN000851,588.08,9,2,1979,0,830.67,0,0
TXN000852,629.25,11,4,180,0,35.19,0,0
TXN000853,579.76,17,1,492,1,406.68,0,0
TXN000854,3601.18,22,3,942,0,453.27,0,0
TXN000855,4539.19,19,4,1951,0,94.87,0,0
TXN000856,619.71,5,4,1381,0,111.52,0,0
TXN000857,477.06,20,5,1251,0,125.78,0,0
TXN000858,1757.09,1,3,964,0,264.86,0,1
TXN000859,631.3,9,2,1557,0,23.77,0,0
TXN000860,2065.1,1,2,1273,0,71.72,0,0
TXN000861,1343.35,8,4,1357,0,33.69,0,0
TXN000862,240.87,9,2,540,0,379.28,0,0
TXN000863,5153.88,1,4,802,0,13.16,0,0
TXN000864,6606.95,7,0,1586,0,247.89,1,0
TXN000865,594.2,23,2,1743,0,104.28,0,0
TXN000866,744.19,16,2,433,0,225.7,0,0
TXN000867,1459.52,16,3,392,0,397.14,0,0
TXN000868,1532.2,3,0,1124,0,74.7,0,0
TXN000869,2118.67,17,3,891,0,46.35,0,0
TXN000870,8186.2,11,4,1147,0,189.08,0,0
TXN000871,918.79,16,3,748,0,1080.33,0,0
TXN000872,493.59,8,6,504,0,235.35,0,0
TXN000873,276.08,18,2,1638,0,285.8,0,0
TXN000874,527.99,13,5,1720,0,178.9,0,0
TXN000875,1060.9,13,4,799,0,82.65,0,0
TXN000876,6598.24,16,1,257,0,191.37,0,0
TXN000877,653.53,1,6,376,0,24.77,0,0
TXN000878,1371.68,7,4,1228,0,120.79,0,0
TXN000879,1078.77,4,5,837,0,153.2,0,0
TXN000880,3598.94,6,3,246,0,427.04,0,0
TXN000881,13724.43,21,3,577,0,454.0,0,0
TXN000882,644.92,15,2,1450,0,11.16,0,0
TXN000883,672.2,15,3,1922,0,179.88,0,0
TXN000884,3115.55,16,3,753,0,286.48,1,0
TXN000885,2168.72,21,1,1043,0,138.39,0,0
TXN000886,6951.46,6,6,1715,0,18.1,0,0
TXN000887,1966.34,19,1,303,0,47.68,0,0
TXN000888,765.64,7,2,144,0,67.74,0,0
TXN000889,1979.61,7,5,232,0,195.67,0,0
TXN000890,3323.27,22,2,547,0,12.21,0,0
TXN000891,2491.11,10,5,1888,0,143.58,0,0
TXN000892,1821.24,14,2,1178,0,20.76,0,0
TXN000893,3186.49,17,2,337,0,90.49,0,0
TXN000894,3530.86,5,2,1251,0,99.78,0,0
TXN000895,4368.43,21,2,1772,1,108.21,0,0
TXN000896,2097.94,11,2,1568,0,223.36,0,0
TXN000897,927.86,14,2,942,0,15.24,0,0
TXN000898,1269.93,22,2,1531,0,56.22,0,0
TXN000899,3664.73,5,2,924,0,184.46,0,0
TXN000900,484.47,17,3,95,0,517.44,0,0
TXN000901,1585.53,23,2,982,0,174.54,0,0
TXN000902,740.01,19,1,237,0,386.77,0,0
TXN000903,1128.61,8,1,307,0,621.86,0,0
TXN000904,3938.09,7,1,654,0,387.6,0,0
TXN000905,1327.56,13,6,168,1,644.93,0,0
TXN000906,1148.76,18,3,705,0,270.14,0,0
TXN000907,281.5,18,1,1362,0,392.72,0,0
TXN000908,2312.89,7,4,361,0,121.72,0,0
TXN000909,2091.18,1,4,1221,0,76.28,0,0
TXN000910,9540.06,3,2,576,0,1466.6,0,0
TXN000911,806.11,5,6,1096,0,18.52,0,0
TXN000912,1365.33,2,4,1866,0,571.47,0,0
TXN000913,1407.24,2,1,918,0,101.46,0,0
TXN000914,5310.56,18,6,710,0,4.07,0,1
TXN000915,996.95,10,3,861,0,292.43,0,0
TXN000916,1449.57,9,2,300,0,105.73,0,0
TXN000917,2014.04,11,2,329,0,288.52,0,0
TXN000918,1321.61,13,2,1095,0,8.25,0,1
TXN000919,701.74,17,4,728,0,657.96,0,0
TXN000920,1331.54,23,4,1650,0,200.13,0,0
TXN000921,3208.73,8,3,1569,0,8.85,0,0
TXN000922,392.87,14,5,1380,0,0.84,0,0
TXN000923,1252.59,23,2,314,0,162.25,0,0
TXN000924,544.51,2,2,966,0,675.13,0,0
TXN000925,3622.96,22,4,291,0,133.62,0,0
TXN000926,239.08,10,3,1988,0,78.62,0,0
TXN000927,627.08,9,3,1774,0,503.22,1,0
TXN000928,1599.12,17,3,1025,0,743.81,0,0
TXN000929,5247.59,3,3,1308,0,276.25,0,0
TXN000930,1026.85,12,3,223,0,227.8,0,0
TXN000931,629.42,5,3,110,0,0.37,0,0
TXN000932,7195.11,20,3,1658,0,67.75,0,0
TXN000933,257.75,12,2,440,0,466.67,1,1
TXN000934,121.66,19,2,1956,0,82.63,0,0
TXN000935,1702.77,4,2,1192,0,73.32,0,0
TXN000936,663.78,19,3,759,1,138.68,0,0
TXN000937,394.95,13,3,785,0,106.89,0,0
TXN000938,2226.88,12,5,1935,0,352.36,0,0
TXN000939,1399.4,13,3,1554,0,15.34,0,0
TXN000940,623.86,7,2,1156,0,193.52,0,0
TXN000941,304.81,15,5,1597,0,215.04,0,0
TXN000942,2624.01,12,1,1423,0,381.82,0,0
TXN000943,2101.07,23,2,884,0,96.75,0,1
TXN000944,993.09,14,5,80,0,62.92,0,0
TXN000945,6950.97,18,3,1291,0,177.3,0,0
TXN000946,376.12,0,2,69,0,232.33,0,0
TXN000947,238.53,21,3,1956,1,33.75,0,0
TXN000948,549.0,1,2,798,0,30.99,0,0
TXN000949,1047.76,17,2,950,0,55.08,0,1
TXN000950,1398.76,18,3,252,0,51.28,0,0
TXN000951,861.58,7,2,547,0,250.0,0,0
TXN000952,1559.4,2,6,636,0,136.17,0,0
TXN000953,313.71,22,2,410,0,142.85,0,0
TXN000954,4646.01,13,4,301,0,2.67,0,0
TXN000955,1010.14,8,2,1452,0,928.78,0,0
TXN000956,3351.94,7,5,1459,0,318.73,0,0
TXN000957,1544.92,16,0,175,0,105.55,0,0
TXN000958,1731.52,22,3,463,1,12.46,0,0
TXN000959,1938.69,22,2,869,0,213.32,0,0
TXN000960,1715.93,23,2,1959,0,137.85,0,0
TXN000961,2085.41,15,2,258,0,203.72,0,0
TXN000962,4142.91,9,2,772,0,203.74,0,0
TXN000963,1334.78,20,2,1614,0,30.26,0,0
TXN000964,2228.32,9,2,483,0,71.77,0,0
TXN000965,1002.51,23,3,392,0,3.23,0,1
TXN000966,4629.1,5,2,1304,0,725.78,0,0
TXN000967,557.58,21,3,423,0,295.61,0,0
TXN000968,6640.49,16,5,1348,0,475.63,0,0
TXN000969,1053.47,15,3,599,0,8.12,0,0
TXN000970,262.23,14,0,1764,0,124.89,0,0
TXN000971,1246.51,21,3,711,0,247.69,0,0
TXN000972,554.99,13,3,1354,1,19.71,0,0
TXN000973,2541.84,3,4,768,1,270.18,0,1
TXN000974,570.99,3,5,1081,0,187.69,0,0
TXN000975,701.92,1,2,630,0,755.41,0,0
TXN000976,165.75,10,1,633,0,27.33,0,0
TXN000977,697.63,3,2,1126,0,178.61,0,0
TXN000978,97.14,20,0,1826,0,529.2,0,0
TXN000979,225.0,20,3,342,0,245.03,0,0
TXN000980,2345.88,15,1,1133,0,73.75,0,0
TXN000981,2406.19,20,5,1082,0,22.86,0,0
TXN000982,1678.17,3,3,776,0,597.2,0,0
TXN000983,416.97,0,2,1364,0,13.43,0,0
TXN000984,1045.54,23,2,692,0,665.22,0,0
TXN000985,1092.69,18,6,86,0,65.11,0,0
TXN000986,344.34,1,4,1711,0,354.3,0,1
TXN000987,4931.5,8,4,1463,1,145.46,0,0
TXN000988,2636.91,22,3,524,1,438.69,0,0
TXN000989,879.22,12,3,1186,0,100.12,1,1
TXN000990,1126.52,17,1,1957,0,341.25,0,0
TXN000991,1350.71,15,1,1029,0,49.02,0,0
TXN000992,142.35,15,1,176,0,113.17,0,0
TXN000993,856.47,9,0,258,0,337.1,0,0
TXN000994,554.47,8,3,1977,0,22.68,0,0
TXN000995,402.78,10,2,1761,0,234.77,0,0
TXN000996,827.91,3,2,1649,0,103.36,0,1
TXN000997,6618.91,9,1,1615,0,129.59,0,0
TXN000998,2081.5,2,3,883,0,155.74,0,0
TXN000999,619.44,5,2,361,1,58.05,0,0
TXN001000,1944.16,2,1,1502,0,18.24,0,0
TXN001001,4444.2,8,3,805,0,3.39,0,1
TXN001002,2764.55,2,7,1497,0,101.47,0,0
TXN001003,1164.01,17,1,471,0,56.37,0,0
TXN001004,574.25,7,2,1030,0,180.4,0,0
TXN001005,2204.43,21,2,440,0,226.54,0,0
TXN001006,1625.36,7,4,242,0,126.12,0,0
TXN001007,2684.35,14,3,138,0,173.67,0,0
TXN001008,2069.73,12,3,1555,0,148.08,0,0
TXN001009,3132.39,6,2,574,0,0.83,0,0
TXN001010,642.11,18,4,1155,0,331.79,0,0
TXN001011,4094.48,7,6,1534,0,11.05,0,0
TXN001012,1336.22,9,3,715,1,95.08,0,0
TXN001013,8736.46,16,5,450,0,21.18,0,0
TXN001014,550.49,0,3,1802,0,195.41,0,1
TXN001015,6222.73,12,3,918,0,70.9,0,0
TXN001016,1336.64,12,1,1506,0,13.29,0,0
TXN001017,571.68,23,4,668,0,8.35,0,0
TXN001018,675.95,15,2,1964,0,48.72,0,0
TXN001019,796.04,8,7,763,0,198.07,0,0
TXN001020,1676.0,9,4,1760,0,227.99,0,0
TXN001021,1849.8,5,2,441,0,24.74,0,0
TXN001022,617.88,4,0,1756,0,26.96,0,0
TXN001023,1070.25,1,4,1147,0,161.91,0,0
TXN001024,9341.95,10,4,513,0,567.5,1,0
TXN001025,6170.55,8,3,800,0,144.9,0,0
TXN001026,1696.5,5,3,849,0,223.9,0,0
TXN001027,1139.11,7,3,73,1,154.2,0,0
TXN001028,1236.49,8,4,1369,1,19.93,0,0
TXN001029,2025.39,8,1,87,0,526.93,0,0
TXN001030,394.34,7,3,636,0,13.45,0,0
TXN001031,847.78,11,1,1195,0,256.78,0,0
TXN001032,206.73,7,2,419,0,698.43,0,0
TXN001033,1634.71,2,1,816,0,69.15,0,0
TXN001034,2094.76,12,4,1499,0,33.89,0,0
TXN001035,676.42,18,2,1058,0,150.32,0,0
TXN001036,5292.19,1,2,1812,1,285.31,0,0
TXN001037,321.9,16,2,1486,0,537.35,0,0
TXN001038,253.57,15,4,464,0,212.96,1,0
TXN001039,1372.59,3,5,152,0,73.67,0,0
TXN001040,3124.71,17,4,1043,0,122.74,0,0
TXN001041,5907.2,13,6,1847,0,257.78,0,0
TXN001042,693.06,1,4,655,0,279.15,0,0
TXN001043,3224.98,12,3,981,0,13.92,0,0
TXN001044,1055.21,20,7,788,0,171.22,0,0
TXN001045,922.76,19,2,905,0,616.05,1,0
TXN001046,2653.57,16,5,47,0,276.9,0,0
TXN001047,2105.53,14,4,1538,0,1.32,0,0
TXN001048,226.7,19,6,714,0,45.87,0,0
TXN001049,4800.81,4,5,540,0,105.98,0,0
TXN001050,4359.41,6,4,1793,0,220.52,0,0
TXN001051,586.66,17,3,1276,0,145.84,0,0
TXN001052,1629.13,23,2,751,0,14.49,0,0
TXN001053,1797.28,10,2,273,0,241.28,0,0
TXN001054,1423.22,17,4,38,0,328.42,0,0
TXN001055,632.51,4,2,1399,0,41.47,0,1
TXN001056,560.25,12,1,927,0,12.56,0,0
TXN001057,1068.96,17,2,151,0,281.74,0,0
TXN001058,3543.0,1,2,509,0,184.12,0,0
TXN001059,1888.62,19,5,1351,0,292.88,0,0
TXN001060,757.02,3,6,1418,0,150.5,0,0
TXN001061,2372.5,12,6,1379,0,100.72,0,0
TXN001062,63.53,23,1,881,0,593.81,0,0
TXN001063,3459.11,15,1,869,0,272.51,0,0
TXN001064,192.54,5,4,1162,0,95.56,0,0
TXN001065,763.23,7,6,865,0,428.53,0,0
TXN001066,357.93,15,2,886,0,906.45,0,0
TXN001067,300.46,12,6,572,0,66.33,0,0
TXN001068,3501.08,22,6,1175,0,401.41,0,1
TXN001069,686.98,3,8,304,0,8.36,0,0
TXN001070,1550.77,1,1,100,1,43.42,0,0
TXN001071,1046.37,8,4,1228,0,31.58,0,0
TXN001072,1767.0,17,5,1346,1,79.38,0,1
TXN001073,1184.2,16,2,891,0,148.85,0,0
TXN001074,303.99,7,1,1528,0,229.12,0,0
TXN001075,2969.85,14,1,1774,0,419.58,0,0
TXN001076,669.31,8,3,1789,0,31.07,0,0
TXN001077,231.23,16,2,1072,0,155.42,0,0
TXN001078,714.72,22,5,1782,0,145.62,0,0
TXN001079,4918.5,1,2,1146,0,110.41,0,0
TXN001080,2566.3,5,4,1462,0,213.49,0,0
TXN001081,773.83,4,4,1106,0,129.64,0,1
TXN001082,773.36,16,3,1051,0,143.81,0,0
TXN001083,795.02,1,3,1021,1,420.56,0,1
TXN001084,8749.47,17,4,1538,0,354.25,0,0
TXN001085,1606.7,9,3,616,0,155.01,0,0
TXN001086,1685.88,9,2,1697,0,30.57,0,0
TXN001087,3072.61,5,3,587,0,573.65,0,0
TXN001088,1392.41,11,4,1468,0,175.45,0,0
TXN001089,846.37,16,0,1601,0,296.55,1,0
TXN001090,901.13,12,1,1185,0,10.19,0,0
TXN001091,1020.86,19,0,671,0,408.84,0,0
TXN001092,1056.56,15,3,708,0,212.85,0,0
TXN001093,2270.21,9,1,1296,0,208.18,0,0
TXN001094,1155.1,20,5,1790,0,21.0,1,0
TXN001095,2281.62,1,3,1865,0,224.6,0,0
TXN001096,1011.59,1,1,120,0,14.35,0,0
TXN001097,1186.35,22,4,1399,0,10.34,0,0
TXN001098,148.68,6,4,944,0,70.84,0,0
TXN001099,2741.68,5,4,1942,0,4.22,0,0
TXN001100,1550.74,0,4,1417,0,31.3,0,1
TXN001101,2975.03,11,5,1862,0,233.12,0,0
TXN001102,60.57,12,3,1175,0,324.24,0,0
TXN001103,8851.79,11,4,388,0,35.62,0,0
TXN001104,953.76,18,5,1918,0,311.99,0,0
TXN001105,3321.54,8,3,1859,0,117.89,0,0
TXN001106,387.65,9,3,734,1,570.16,0,0
TXN001107,2023.88,16,3,1167,0,27.0,0,0
TXN001108,382.44,17,5,448,0,9.91,0,1
TXN001109,587.71,7,5,552,0,335.67,0,0
TXN001110,7435.58,6,2,216,0,80.89,0,0
TXN001111,906.25,8,3,1131,0,109.97,0,0
TXN001112,1362.99,9,4,1635,0,129.06,0,0
TXN001113,2617.74,11,1,840,0,313.91,0,0
TXN001114,1800.25,14,7,1540,0,14.23,0,0
TXN001115,1274.64,14,2,1669,0,144.18,0,0
TXN001116,1579.65,3,1,886,0,101.36,0,0
TXN001117,12129.74,3,1,756,0,74.87,0,0
TXN001118,1035.23,22,1,1683,0,77.02,0,0
TXN001119,1340.9,0,3,34,0,479.55,0,0
TXN001120,3135.85,11,4,1719,0,56.18,1,1
TXN001121,3312.72,1,5,1775,0,109.13,0,0
TXN001122,3594.03,14,5,829,0,122.19,0,0
TXN001123,2077.1,16,5,332,0,229.05,1,1
TXN001124,349.67,6,2,119,1,131.73,0,0
TXN001125,5616.32,5,5,591,0,174.75,0,0
TXN001126,348.51,11,5,384,0,91.6,0,0
TXN001127,1484.21,18,2,231,0,228.25,0,0
TXN001128,515.8,0,1,983,0,112.87,0,0
TXN001129,1028.51,20,5,1721,0,45.35,0,0
TXN001130,1523.5,13,7,1148,0,305.62,0,0
TXN001131,1512.26,3,3,1644,0,261.02,0,0
TXN001132,1672.24,4,2,724,0,177.75,0,0
TXN001133,5506.65,0,7,855,0,132.85,0,0
TXN001134,1725.95,0,2,1221,0,42.09,0,1
TXN001135,859.06,20,2,1042,0,364.98,0,0
TXN001136,2875.8,5,1,1751,0,18.4,0,0
TXN001137,3602.81,4,5,1893,0,86.97,1,1
TXN001138,321.31,1,1,459,0,344.58,0,1
TXN001139,1993.01,20,0,1895,0,162.95,0,0
TXN001140,2210.94,4,2,1738,0,103.92,0,0
TXN001141,814.39,8,3,1703,0,282.09,0,0
TXN001142,4340.34,18,2,1411,0,820.39,0,0
TXN001143,943.83,20,4,751,0,37.67,0,0
TXN001144,1243.36,14,2,1869,0,9.37,0,1
TXN001145,922.35,12,5,1785,0,111.91,0,0
TXN001146,1113.85,11,1,731,0,60.99,0,0
TXN001147,366.4,4,3,1849,0,197.8,0,0
TXN001148,259.81,1,1,143,1,122.71,0,0
TXN001149,5401.89,3,2,561,0,124.41,0,0
TXN001150,470.14,17,2,1653,1,78.93,0,1
TXN001151,406.92,20,5,534,0,42.58,0,0
TXN001152,127.31,9,2,1379,0,43.22,0,0
TXN001153,578.85,12,5,1350,0,88.08,1,0
TXN001154,292.05,11,2,1421,0,206.13,0,0
TXN001155,5664.73,1,2,893,0,74.02,0,0
TXN001156,3010.37,14,2,1827,0,71.02,0,0
TXN001157,551.06,13,1,1448,0,99.61,0,0
TXN001158,10429.94,9,3,1083,0,845.15,0,0
TXN001159,2927.09,21,5,416,0,17.22,0,0
TXN001160,792.48,7,8,997,0,62.83,0,0
TXN001161,90.07,14,2,1982,0,62.16,0,0
TXN001162,10839.4,12,3,83,0,660.44,0,0
TXN001163,273.26,7,0,716,0,94.11,0,0
TXN001164,211.58,20,3,1008,0,150.65,0,0
TXN001165,3049.0,20,1,791,0,39.75,0,0
TXN001166,12578.6,21,1,39,0,2.3,0,1
TXN001167,4377.67,13,2,1840,0,74.59,0,0
TXN001168,1927.37,0,3,1318,0,183.41,0,0
TXN001169,1987.74,12,5,164,0,211.71,0,0
TXN001170,2574.51,7,2,602,0,252.35,0,0
TXN001171,2342.39,17,3,555,0,354.76,0,0
TXN001172,1452.72,21,1,287,0,22.12,0,0
TXN001173,1217.07,8,1,1459,0,15.56,0,0
TXN001174,1030.1,12,5,473,0,278.94,0,0
TXN001175,515.96,2,0,330,0,103.01,0,0
TXN001176,828.26,17,4,1841,0,529.14,0,0
TXN001177,201.75,9,5,1079,0,517.18,0,0
TXN001178,993.92,4,5,1496,0,27.49,0,0
TXN001179,408.06,5,4,1044,0,211.53,0,0
TXN001180,363.73,7,4,993,0,12.5,0,0
TXN001181,1312.77,23,2,1092,0,92.97,0,0
TXN001182,4411.64,6,4,1299,0,331.8,0,0
TXN001183,2747.14,20,1,1029,0,111.23,0,0
TXN001184,228.04,17,4,1716,0,6.15,0,0
TXN001185,407.63,13,2,1261,0,49.48,0,0
TXN001186,2809.53,14,4,1718,0,16.26,0,0
TXN001187,410.56,9,7,657,0,94.44,0,0
TXN001188,876.0,20,5,230,0,214.75,0,0
TXN001189,1900.84,11,2,1234,0,194.38,0,0
TXN001190,416.4,6,2,410,0,228.45,0,0
TXN001191,1218.5,6,2,1960,0,87.16,0,0
TXN001192,288.87,10,4,1846,0,55.49,0,0
TXN001193,601.02,12,2,1980,1,10.55,0,0
TXN001194,1509.87,14,1,1227,0,511.2,0,0
TXN001195,222.96,17,1,696,0,22.66,0,0
TXN001196,1703.56,6,1,897,0,35.34,0,0
TXN001197,1075.31,5,3,1372,0,4.56,0,1
TXN001198,1905.48,22,3,1168,0,68.67,0,0
TXN001199,1371.85,10,2,332,0,307.51,0,0
TXN001200,4290.42,7,6,171,0,72.69,0,0
TXN001201,1242.93,19,3,1844,0,197.38,0,0
TXN001202,713.79,0,2,557,0,606.26,0,0
TXN001203,1239.29,7,4,1201,0,401.5,0,0
TXN001204,1888.05,7,2,1554,0,35.72,0,0
TXN001205,1151.55,18,2,1440,0,80.11,0,1
TXN001206,1142.06,2,4,1827,1,250.36,0,0
TXN001207,543.49,4,2,1082,0,684.24,0,0
TXN001208,565.15,2,5,289,0,226.54,0,0
TXN001209,269.72,14,3,990,0,52.31,0,0
TXN001210,6308.02,13,4,143,0,25.65,0,0
TXN001211,316.12,20,6,37,0,123.03,0,0
TXN001212,548.45,14,3,1357,0,38.59,0,0
TXN001213,534.64,23,1,284,0,46.49,0,1
TXN001214,2683.63,16,3,113,1,181.13,0,1
TXN001215,816.52,17,2,1049,1,130.19,1,0
TXN001216,3818.99,1,4,1069,0,23.15,0,1
TXN001217,559.2,11,0,1356,0,30.03,0,0
TXN001218,1449.53,15,4,1852,0,3.53,0,0
TXN001219,475.64,3,3,125,0,44.64,0,0
TXN001220,9368.88,1,2,151,0,392.97,1,0
TXN001221,334.42,13,2,255,0,283.54,0,0
TXN001222,1494.91,10,3,58,0,96.44,0,0
TXN001223,2066.84,12,3,617,0,243.82,0,0
TXN001224,1658.72,6,4,1377,1,94.05,0,0
TXN001225,911.15,9,4,1172,0,282.73,0,0
TXN001226,963.12,23,1,1224,0,36.15,0,0
TXN001227,1145.75,0,5,63,0,29.79,0,0
TXN001228,946.71,20,2,1827,0,14.61,0,0
TXN001229,2875.2,3,1,1358,0,49.83,0,1
TXN001230,10001.83,17,3,1241,0,28.48,0,0
TXN001231,627.98,5,4,1104,0,288.48,0,0
TXN001232,278.72,1,0,1574,0,49.39,0,0
TXN001233,1003.97,2,4,162,0,130.7,0,0
TXN001234,14468.21,13,2,1419,0,254.05,0,0
TXN001235,490.94,7,5,1245,0,203.46,0,0
TXN001236,5648.34,15,4,557,0,41.2,0,0
TXN001237,5870.53,18,3,1240,0,14.44,0,0
TXN001238,630.44,17,11,213,0,436.99,0,0
TXN001239,1937.17,5,1,1246,1,175.11,0,0
TXN001240,5588.11,13,1,1137,0,220.7,0,0
TXN001241,750.6,2,3,925,0,87.8,1,1
TXN001242,894.64,15,2,1984,1,49.78,0,1
TXN001243,612.97,0,5,1447,0,136.14,0,0
TXN001244,397.52,11,1,1014,0,14.59,0,0
TXN001245,572.91,13,1,1740,0,289.68,0,0
TXN001246,322.49,18,3,1556,0,191.3,0,0
TXN001247,1134.65,21,2,633,0,258.11,0,0
TXN001248,507.77,18,4,832,1,151.61,0,0
TXN001249,1385.46,8,2,1115,0,155.26,0,0
TXN001250,231.39,6,2,62,0,165.1,0,0
TXN001251,1526.73,13,3,522,0,275.98,1,0
TXN001252,2523.82,4,5,172,1,45.97,0,1
TXN001253,149.35,17,3,1394,0,205.96,0,0
TXN001254,1594.09,8,5,1415,0,144.82,0,0
TXN001255,3743.1,20,1,1984,0,123.01,0,0
TXN001256,327.13,6,4,152,0,140.13,0,0
TXN001257,5840.5,8,2,1551,0,57.19,0,0
TXN001258,1667.4,3,3,1168,0,6.8,0,0
TXN001259,541.85,16,0,1938,1,256.26,0,0
TXN001260,1037.15,11,1,1410,0,446.22,0,0
TXN001261,1916.64,5,3,1447,0,117.97,0,0
TXN001262,1183.23,17,2,1557,1,327.52,0,1
TXN001263,1879.49,7,4,621,0,145.85,0,0
TXN001264,436.73,20,2,1969,0,479.45,0,0
TXN001265,1299.01,14,2,783,0,127.82,0,0
TXN001266,266.74,2,3,1189,1,41.26,0,0
TXN001267,981.2,1,4,394,0,367.4,0,1
TXN001268,444.12,23,8,1660,0,289.94,0,0
TXN001269,525.56,22,0,293,0,91.35,0,0
TXN001270,3774.76,8,0,1194,0,332.03,0,0
TXN001271,3265.96,7,2,117,0,1.64,0,0
TXN001272,2016.54,3,4,489,0,289.47,0,0
TXN001273,367.85,1,1,1290,0,209.68,0,0
TXN001274,799.18,13,2,1563,0,85.95,0,0
TXN001275,3688.95,1,0,1624,0,282.28,0,0
TXN001276,1263.6,1,2,1902,0,24.38,0,0
TXN001277,11151.5,21,4,1228,0,40.91,0,0
TXN001278,1625.09,6,4,1625,0,137.28,0,0
TXN001279,1328.82,11,2,1222,0,383.19,0,0
TXN001280,805.03,5,6,1105,0,25.09,0,1
TXN001281,1253.31,17,1,1281,0,149.53,0,0
TXN001282,941.55,3,2,1301,0,251.8,0,0
TXN001283,2226.33,18,4,361,0,244.81,0,0
TXN001284,2854.64,12,6,917,0,177.98,0,0
TXN001285,499.7,19,3,1491,0,509.2,0,0
TXN001286,289.68,20,0,1089,0,118.45,0,0
TXN001287,174.83,22,2,1386,0,382.01,0,0
TXN001288,1822.55,1,1,128,0,173.97,0,0
TXN001289,363.81,7,3,1122,0,240.73,0,0
TXN001290,127.37,18,3,170,0,112.53,0,0
TXN001291,1617.41,8,3,523,0,33.02,0,0
TXN001292,13266.53,3,4,1765,0,20.79,0,0
TXN001293,1090.0,15,5,1044,0,206.41,0,0
TXN001294,2536.37,18,2,1320,0,85.03,0,0
TXN001295,1190.14,9,1,37,0,150.86,0,0
TXN001296,993.38,5,1,1468,0,246.71,0,0
TXN001297,2749.23,15,4,1627,0,277.93,0,0
TXN001298,820.35,9,2,1193,0,128.28,0,0
TXN001299,1432.81,12,1,1960,0,67.97,0,0
TXN001300,1512.77,8,2,1454,0,269.2,0,0
TXN001301,562.23,6,6,1464,0,96.61,0,0
TXN001302,2957.33,3,4,874,0,496.86,0,0
TXN001303,920.61,18,3,1962,0,313.29,0,0
TXN001304,515.05,3,5,1926,0,247.33,0,0
TXN001305,1875.27,18,4,883,0,49.69,0,0
TXN001306,446.54,18,7,1163,0,81.11,0,0
TXN001307,1127.98,11,4,1225,0,340.26,0,0
TXN001308,1086.68,12,2,1623,0,4.21,0,0
TXN001309,3248.33,3,0,885,0,273.75,0,0
TXN001310,1762.87,9,7,443,0,93.2,0,0
TXN001311,1069.53,20,7,938,0,289.11,0,0
TXN001312,2484.35,6,1,1061,0,144.69,0,0
TXN001313,4403.73,4,3,994,1,134.69,0,0
TXN001314,1915.65,16,3,392,0,217.67,0,0
TXN001315,1108.05,17,4,405,0,295.49,0,0
TXN001316,295.35,10,8,1629,0,212.83,0,0
TXN001317,378.0,14,3,1873,0,107.84,0,0
TXN001318,808.17,20,4,1955,0,69.64,0,0
TXN001319,596.15,21,4,1380,0,336.31,0,0
TXN001320,909.62,6,3,307,0,132.41,0,0
TXN001321,1160.55,17,3,1244,0,275.4,0,0
TXN001322,1862.53,5,6,533,0,981.58,0,0
TXN001323,1021.98,17,5,1787,0,185.85,0,0
TXN001324,1783.8,15,3,108,0,58.72,0,0
TXN001325,1169.67,1,4,1602,0,361.19,0,0
TXN001326,152.1,18,4,1990,0,57.56,0,0
TXN001327,428.66,0,3,729,0,54.3,0,1
TXN001328,949.48,10,2,689,0,13.83,0,0
TXN001329,327.11,19,4,124,0,14.73,0,0
TXN001330,1998.05,4,3,1680,0,356.91,0,0
TXN001331,5068.25,15,3,482,0,47.22,0,0
TXN001332,3709.91,22,2,1738,0,20.71,0,0
TXN001333,885.86,0,6,663,0,78.26,0,0
TXN001334,4869.4,18,2,1367,0,225.03,0,0
TXN001335,1272.41,13,1,1257,0,74.69,0,0
TXN001336,782.83,2,3,706,0,66.6,0,0
TXN001337,593.83,1,0,251,0,120.52,0,0
TXN001338,810.4,23,1,1988,0,3.86,0,1
TXN001339,743.84,4,2,800,0,121.58,0,1
TXN001340,1300.39,16,2,1642,0,829.27,0,0
TXN001341,1287.65,17,5,616,0,289.11,0,0
TXN001342,1099.98,0,6,763,0,13.16,0,0
TXN001343,1697.54,14,5,1254,0,191.47,0,0
TXN001344,3607.05,21,1,1275,0,111.28,1,0
TXN001345,2834.31,8,2,634,0,315.02,0,0
TXN001346,248.42,22,3,1603,0,18.67,0,0
TXN001347,85.29,4,5,459,0,47.68,0,0
TXN001348,2791.46,12,3,1287,0,281.9,0,0
TXN001349,279.53,18,4,150,0,340.52,1,0
TXN001350,875.88,23,6,1614,0,135.64,1,0
TXN001351,340.32,9,3,1087,0,3.58,0,0
TXN001352,180.91,19,3,1719,0,403.49,0,0
TXN001353,1884.58,20,3,159,0,86.85,0,0
TXN001354,2342.92,13,5,1432,0,7.29,0,0
TXN001355,616.15,21,6,1621,0,307.48,0,0
TXN001356,82.18,20,2,641,0,97.45,0,0
TXN001357,635.08,11,6,1188,0,37.93,0,0
TXN001358,1622.63,10,8,913,0,291.12,0,0
TXN001359,249.91,22,4,1089,0,110.15,0,0
TXN001360,1317.33,6,3,197,0,168.48,0,0
TXN001361,1079.97,16,1,235,0,311.81,0,0
TXN001362,1957.24,17,1,1528,0,133.03,0,0
TXN001363,1235.93,6,6,823,0,21.07,0,0
TXN001364,414.44,23,3,1649,1,597.18,0,0
TXN001365,3628.49,19,3,104,0,60.77,1,0
TXN001366,935.86,5,3,1143,0,928.52,0,0
TXN001367,1067.1,10,1,662,0,1.09,0,0
TXN001368,431.27,11,5,1664,0,119.02,0,0
TXN001369,703.96,15,4,1378,0,219.7,0,0
TXN001370,452.69,18,2,1325,0,426.18,0,0
TXN001371,922.47,22,2,104,0,272.82,0,0
TXN001372,6073.61,18,4,1918,0,53.14,0,0
TXN001373,278.13,10,3,166,0,50.18,0,0
TXN001374,218.42,15,3,947,0,79.37,1,0
TXN001375,4775.1,22,6,290,0,21.09,0,0
TXN001376,889.51,11,4,1265,0,199.33,0,0
TXN001377,561.68,7,0,1941,0,510.23,0,0
TXN001378,3102.32,2,3,1608,0,184.95,0,0
TXN001379,598.47,1,4,639,0,137.2,0,0
TXN001380,6809.06,5,2,827,0,125.98,0,0
TXN001381,2160.13,15,3,615,0,161.64,0,0
TXN001382,673.23,19,4,1693,0,223.2,0,0
TXN001383,9483.5,23,2,1538,0,285.25,0,0
TXN001384,598.42,14,3,1597,0,215.71,0,0
TXN001385,2303.29,13,3,245,0,219.76,0,0
TXN001386,1479.25,1,6,814,0,545.58,0,1
TXN001387,4030.89,19,1,393,0,413.29,0,0
TXN001388,5226.57,17,4,96,0,312.63,0,0
TXN001389,1132.3,13,2,260,0,7.98,0,0
TXN001390,516.25,17,2,412,0,198.94,0,0
TXN001391,1737.1,1,2,264,0,109.25,1,0
TXN001392,556.84,0,2,183,0,173.03,0,0
TXN001393,8212.29,19,3,1065,0,208.67,0,0
TXN001394,1257.07,1,8,1090,0,225.73,0,0
TXN001395,761.03,8,2,1735,0,366.45,0,0
TXN001396,1319.07,8,1,1366,0,433.41,0,0
TXN001397,285.11,15,2,41,0,168.03,0,0
TXN001398,415.04,10,2,203,0,404.26,0,0
TXN001399,3642.46,22,3,1278,0,260.38,0,0
TXN001400,568.56,5,2,184,0,40.78,0,0
TXN001401,384.94,11,3,875,0,6.47,0,0
TXN001402,1875.54,2,1,548,0,1.79,0,0
TXN001403,3589.27,11,2,1031,0,159.01,0,0
TXN001404,2250.6,22,0,265,0,132.71,0,0
TXN001405,2969.2,0,4,1091,0,214.55,0,0
TXN001406,514.5,8,1,1997,0,333.07,0,0
TXN001407,264.59,19,1,327,0,32.34,0,0
TXN001408,4921.33,21,4,1297,0,349.37,1,1
TXN001409,794.19,5,2,152,0,18.58,0,0
TXN001410,853.35,10,2,1545,0,386.58,0,0
TXN001411,4138.94,2,5,1720,0,342.07,0,0
TXN001412,1912.62,3,4,1959,0,214.9,0,0
TXN001413,1730.02,9,3,327,0,64.21,0,0
TXN001414,9556.74,18,0,787,0,17.65,0,0
TXN001415,576.22,5,4,904,1,270.98,0,0
TXN001416,2773.43,0,0,1094,0,44.23,0,0
TXN001417,1160.97,7,2,1318,1,104.67,0,0
TXN001418,1434.53,7,1,1161,0,136.23,0,0
TXN001419,5056.7,5,7,1279,0,208.19,1,1
TXN001420,1822.27,16,4,1227,0,120.3,0,0
TXN001421,1878.63,18,3,1158,0,213.46,0,0
TXN001422,3205.13,0,5,1914,0,302.8,0,1
TXN001423,761.32,14,0,367,0,224.73,1,0
TXN001424,473.8,12,6,1747,0,64.07,0,0
TXN001425,385.75,20,4,1658,0,404.46,0,0
TXN001426,153.49,2,1,1684,0,143.96,0,0
TXN001427,8571.58,1,1,1019,0,112.71,0,0
TXN001428,363.87,2,4,150,0,154.04,0,1
TXN001429,878.97,8,1,1240,0,118.82,0,0
TXN001430,831.46,15,4,810,0,253.25,0,0
TXN001431,1491.3,23,3,883,1,98.26,0,0
TXN001432,2479.31,12,4,1581,0,269.88,0,0
TXN001433,2592.75,18,2,970,0,257.0,0,0
TXN001434,612.12,17,1,573,0,58.35,0,0
TXN001435,927.86,20,2,453,0,18.15,0,0
TXN001436,1454.74,11,5,1399,0,342.63,0,0
TXN001437,855.18,11,3,1148,0,33.31,0,0
TXN001438,5471.71,0,3,1993,0,5.7,0,1
TXN001439,1791.8,19,3,1159,0,92.65,0,0
TXN001440,2286.73,7,3,1939,0,52.78,0,0
TXN001441,2127.88,16,3,1023,0,44.81,0,0
TXN001442,3545.64,20,0,1740,0,34.04,1,0
TXN001443,1314.25,19,3,910,0,248.96,0,0
TXN001444,299.82,21,3,1561,0,275.37,0,0
TXN001445,1635.47,6,1,355,0,8.55,0,0
TXN001446,571.72,8,4,985,0,142.46,0,0
TXN001447,646.38,16,3,320,0,26.13,0,0
TXN001448,1971.13,9,3,360,0,124.61,0,0
TXN001449,3783.04,3,3,1497,0,76.97,0,0
TXN001450,1120.21,21,3,1602,0,40.57,0,0
TXN001451,1493.43,6,3,1587,0,532.38,0,0
TXN001452,6016.22,6,4,1962,0,565.32,0,0
TXN001453,1395.14,7,1,941,0,149.41,0,0
TXN001454,14789.65,23,4,1783,0,37.5,0,0
TXN001455,1930.45,23,2,1651,0,157.56,0,0
TXN001456,188.53,7,0,345,0,474.85,0,0
TXN001457,2329.34,15,4,1095,0,85.4,0,0
TXN001458,1605.45,11,1,1706,0,26.68,0,0
TXN001459,3982.85,14,4,1780,0,212.97,0,0
TXN001460,2149.91,7,7,701,0,192.22,0,0
TXN001461,954.84,21,1,308,0,0.25,0,0
TXN001462,322.37,8,8,1736,0,345.86,0,0
TXN001463,889.78,2,6,189,0,194.58,0,0
TXN001464,468.47,21,1,1293,0,39.2,0,0
TXN001465,613.68,20,4,899,0,0.58,0,0
TXN001466,1975.5,15,3,185,0,645.54,0,0
TXN001467,5824.94,14,3,958,0,252.93,0,0
TXN001468,1627.29,23,1,773,0,81.76,0,0
TXN001469,331.66,3,4,1463,0,102.06,0,0
TXN001470,1710.61,19,4,1275,0,139.33,1,1
TXN001471,3628.71,15,4,1390,0,228.25,0,0
TXN001472,595.99,9,4,711,0,34.18,1,0
TXN001473,959.09,10,3,314,0,39.21,0,0
TXN001474,1112.86,4,1,1439,0,8.91,0,0
TXN001475,500.25,10,2,784,0,765.74,0,0
TXN001476,2097.04,12,5,387,0,375.12,0,0
TXN001477,971.7,14,0,1727,0,144.92,0,0
TXN001478,1668.25,5,5,655,0,101.27,0,0
TXN001479,451.47,15,1,907,0,48.79,0,0
TXN001480,708.07,14,3,1475,0,162.69,0,0
TXN001481,2258.33,10,6,297,0,211.11,0,0
TXN001482,755.34,19,2,977,0,210.34,0,0
TXN001483,6166.98,1,3,946,0,1.16,0,1
TXN001484,735.36,1,2,1144,0,217.94,0,0
TXN001485,1372.91,11,5,1349,0,362.29,0,0
TXN001486,2786.64,15,4,992,0,21.97,0,0
TXN001487,265.51,18,2,386,0,253.45,0,0
TXN001488,188.52,1,3,974,1,311.93,0,1
TXN001489,238.49,16,3,1975,0,58.18,0,0
TXN001490,3876.1,13,4,1361,0,224.13,0,0
TXN001491,631.53,23,3,1051,0,18.32,0,0
TXN001492,14160.32,15,2,347,0,188.56,0,0
TXN001493,623.75,4,6,1890,0,128.52,0,0
TXN001494,1318.9,9,3,1931,0,341.3,0,0
TXN001495,5126.15,16,3,1370,0,108.26,0,0
TXN001496,8152.61,12,1,881,0,100.58,0,0
TXN001497,8617.1,15,4,1049,0,488.67,0,0
TXN001498,3671.54,8,3,331,0,489.99,0,0
TXN001499,3053.56,23,3,1286,0,6.55,0,0
TXN001500,1983.32,3,2,613,0,119.64,0,0
TXN001501,2388.36,23,1,648,0,31.59,0,0
TXN001502,631.95,15,5,1017,0,57.56,0,0
TXN001503,483.86,22,4,1466,0,197.47,0,0
TXN001504,1092.94,10,5,1103,0,24.92,0,0
TXN001505,925.02,6,1,390,0,2.04,0,0
TXN001506,696.99,16,3,543,0,233.77,0,0
TXN001507,2200.38,21,0,989,0,184.57,0,0
TXN001508,2850.66,12,8,1555,0,419.33,0,0
TXN001509,1198.0,3,2,1119,0,140.68,0,0
TXN001510,4805.57,13,1,1539,0,523.16,0,0
TXN001511,350.13,9,2,899,0,169.17,0,0
TXN001512,903.56,9,1,1736,0,88.13,0,0
TXN001513,535.49,9,4,244,0,168.78,0,0
TXN001514,169.6,11,5,167,0,248.94,0,1
TXN001515,1009.61,1,1,906,0,76.86,0,0
TXN001516,970.93,22,1,1746,0,83.89,0,0
TXN001517,4981.32,8,2,889,0,178.93,0,0
TXN001518,2060.72,4,2,1776,0,109.45,1,0
TXN001519,393.79,7,7,1849,0,134.75,0,0
TXN001520,7002.99,20,4,413,1,723.95,0,0
TXN001521,3718.34,13,2,508,0,8.06,0,0
TXN001522,1962.74,6,2,31,0,187.89,0,0
TXN001523,874.38,6,2,1722,0,461.24,0,0
TXN001524,420.13,8,1,849,1,48.5,0,0
TXN001525,755.81,2,3,1562,0,42.89,0,0
TXN001526,3257.61,13,3,171,0,81.18,0,0
TXN001527,7219.83,16,4,57,0,13.85,0,0
TXN001528,5131.96,17,3,286,0,147.89,0,0
TXN001529,672.6,11,7,984,0,186.65,0,0
TXN001530,357.95,21,0,1865,0,308.55,0,0
TXN001531,1262.55,13,3,1039,0,12.32,0,0
TXN001532,187.08,12,4,1813,0,103.15,0,0
TXN001533,1515.0,13,3,1901,0,276.02,0,0
TXN001534,946.15,8,8,1026,0,263.22,0,0
TXN001535,688.12,18,4,1138,0,13.77,0,0
TXN001536,222.58,1,2,1296,0,2.06,0,0
TXN001537,1832.8,10,3,1259,0,275.29,0,0
TXN001538,643.74,16,4,1992,0,26.73,0,0
TXN001539,340.39,1,6,814,0,155.21,0,0
TXN001540,62.04,18,4,467,1,17.82,0,0
TXN001541,1066.87,6,7,1324,0,63.05,0,0
TXN001542,6452.68,17,1,1613,0,30.96,0,0
TXN001543,5774.8,12,5,508,0,239.99,0,0
TXN001544,694.3,4,5,1611,0,201.05,0,0
TXN001545,600.52,17,1,1049,0,26.17,0,0
TXN001546,1752.46,22,8,1230,0,11.01,0,0
TXN001547,404.08,23,4,449,0,113.04,0,0
TXN001548,1482.95,23,2,811,0,39.17,1,1
TXN001549,2359.21,15,3,1793,0,1.47,0,0
TXN001550,3740.35,14,3,504,0,55.24,0,0
TXN001551,992.12,7,2,1440,0,43.63,0,0
TXN001552,894.55,14,4,897,0,207.91,0,0
TXN001553,455.78,0,3,1307,0,355.01,0,0
TXN001554,479.68,16,1,275,0,48.84,1,0
TXN001555,874.39,14,2,1443,0,45.43,1,0
TXN001556,1583.46,13,1,1435,0,88.32,0,0
TXN001557,2734.17,13,1,1528,1,34.09,0,0
TXN001558,491.19,9,1,1587,0,528.12,0,0
TXN001559,4878.97,1,2,563,0,50.24,0,0
TXN001560,836.21,5,2,1985,0,17.64,0,0
TXN001561,1073.45,16,3,765,0,146.51,0,0
TXN001562,519.46,4,4,376,0,138.85,0,0
TXN001563,97.1,4,2,1252,1,179.9,0,1
TXN001564,2654.59,14,0,1284,0,612.41,0,0
TXN001565,2291.23,14,0,1487,0,70.34,0,0
TXN001566,827.72,19,4,1385,1,80.21,0,0
TXN001567,1172.61,10,4,1389,0,73.99,0,0
TXN001568,1837.09,4,2,259,0,178.3,1,0
TXN001569,229.86,0,0,738,0,166.77,0,0
TXN001570,646.1,10,3,1287,0,135.45,0,0
TXN001571,2426.64,10,0,1422,0,81.55,0,0
TXN001572,312.85,5,2,1051,1,100.44,1,0
TXN001573,1470.79,22,3,832,0,283.08,0,0
TXN001574,282.43,7,2,1830,0,169.14,0,0
TXN001575,1748.35,1,3,186,0,226.78,0,0
TXN001576,1058.24,14,6,1592,0,58.32,0,0
TXN001577,218.08,22,8,1789,0,436.44,0,0
TXN001578,3514.81,21,1,231,0,6.44,0,0
TXN001579,526.06,8,7,118,0,163.01,0,0
TXN001580,487.72,14,2,1368,0,301.17,0,0
TXN001581,1340.19,7,2,199,0,362.17,0,0
TXN001582,3458.66,15,3,1490,0,69.3,0,0
TXN001583,397.1,13,1,1347,0,110.83,0,0
TXN001584,1166.4,14,0,1398,0,6.39,0,0
TXN001585,1683.81,19,2,1953,0,280.72,0,0
TXN001586,2193.18,12,0,1416,0,23.95,0,0
TXN001587,1308.24,8,3,1233,0,100.58,0,0
TXN001588,759.74,0,2,537,0,844.12,0,0
TXN001589,479.34,5,1,518,0,449.61,0,0
TXN001590,1195.29,7,3,329,0,72.09,0,0
TXN001591,375.35,19,5,1588,0,45.62,0,0
TXN001592,59.07,17,2,1043,0,52.19,0,0
TXN001593,1696.9,17,3,1767,0,207.81,1,0
TXN001594,2707.92,16,4,1379,0,232.9,0,0
TXN001595,103.24,20,4,106,0,43.92,0,0
TXN001596,399.52,15,3,1276,0,49.4,0,0
TXN001597,2036.84,12,3,1890,0,70.32,0,0
TXN001598,8582.63,21,1,217,0,102.19,0,0
TXN001599,1119.67,3,4,792,0,449.03,0,1
TXN001600,529.53,3,4,929,0,4.84,0,0
TXN001601,913.34,20,0,672,0,183.0,0,0
TXN001602,4336.73,13,3,507,0,356.1,0,0
TXN001603,574.81,4,5,1076,0,231.31,0,0
TXN001604,493.15,15,4,1090,0,43.97,0,0
TXN001605,676.72,13,3,47,0,116.58,0,0
TXN001606,422.7,13,4,1920,0,433.99,0,0
TXN001607,1239.76,13,2,1826,0,22.14,0,0
TXN001608,5567.37,23,1,1606,0,788.93,0,0
TXN001609,1514.86,13,3,889,0,27.91,0,0
TXN001610,852.05,18,1,963,1,27.65,0,0
TXN001611,819.09,2,7,1996,0,301.66,0,0
TXN001612,229.71,16,4,1944,0,317.21,0,0
TXN001613,2652.11,13,2,1391,0,6.96,0,0
TXN001614,1014.51,9,6,101,0,33.17,0,0
TXN001615,915.55,12,6,1705,0,534.01,0,0
TXN001616,26718.4,21,1,1979,0,58.97,0,0
TXN001617,1478.46,3,2,1779,0,2.22,0,0
TXN001618,517.09,10,1,1571,1,52.76,1,0
TXN001619,715.97,14,4,1498,0,239.34,0,0
TXN001620,3458.0,14,2,1531,0,446.82,0,0
TXN001621,1228.16,23,4,485,0,30.35,0,0
TXN001622,260.27,1,3,1052,0,45.74,0,0
TXN001623,2749.65,10,2,148,0,104.86,0,1
TXN001624,562.2,1,1,1501,0,248.31,0,0
TXN001625,7138.78,22,2,1420,0,193.5,0,0
TXN001626,3229.39,4,5,1421,0,71.42,0,0
TXN001627,701.12,12,3,506,0,12.36,0,0
TXN001628,3948.21,0,5,610,0,52.49,0,0
TXN001629,1173.63,6,5,936,0,44.62,0,0
TXN001630,2572.86,6,5,987,0,3.83,0,1
TXN001631,1780.65,9,3,1942,0,664.29,0,0
TXN001632,470.43,5,2,942,0,53.08,0,0
TXN001633,576.2,19,6,1130,0,326.01,0,0
TXN001634,3071.62,11,3,305,0,119.4,0,0
TXN001635,784.64,12,3,1916,0,645.48,0,0
TXN001636,732.42,23,4,1975,0,29.16,0,0
TXN001637,421.95,10,3,121,0,21.11,0,0
TXN001638,1675.05,17,3,1718,0,0.44,0,1
TXN001639,8625.9,1,3,397,0,228.14,0,0
TXN001640,377.08,15,1,559,1,65.85,0,0
TXN001641,1123.52,1,6,522,0,367.73,0,0
TXN001642,4501.75,18,3,1533,0,180.83,0,0
TXN001643,1012.68,5,4,954,1,155.05,0,0
TXN001644,1723.95,0,9,1376,1,120.11,0,0
TXN001645,379.03,10,2,1600,0,53.76,0,0
TXN001646,1682.96,17,3,131,0,12.04,0,0
TXN001647,909.46,9,4,300,0,105.52,0,0
TXN001648,2938.72,17,2,336,0,18.79,0,0
TXN001649,3595.31,0,5,416,0,425.09,0,0
TXN001650,14611.49,18,1,306,0,318.24,0,0
TXN001651,1957.91,15,2,986,0,174.05,1,0
TXN001652,1518.98,6,2,288,0,108.41,0,0
TXN001653,1331.93,14,5,1600,0,108.99,0,0
TXN001654,770.34,0,3,975,0,112.42,0,0
TXN001655,1538.38,22,3,549,0,246.3,0,0
TXN001656,816.15,20,2,1485,0,24.28,0,0
TXN001657,1297.85,8,3,800,0,136.4,0,0
TXN001658,4095.31,1,4,1363,0,301.48,0,0
TXN001659,400.8,16,0,488,0,128.45,0,0
TXN001660,3428.5,23,4,909,0,2.49,0,0
TXN001661,4093.33,9,5,1439,0,50.51,0,0
TXN001662,974.51,5,0,958,0,198.79,0,0
TXN001663,131.39,4,3,1253,0,489.8,0,0
TXN001664,597.16,7,3,1705,0,403.55,0,0
TXN001665,4011.8,7,2,560,0,311.39,1,0
TXN001666,1071.84,4,3,1455,0,539.82,0,0
TXN001667,403.71,11,0,975,0,59.11,0,0
TXN001668,661.97,6,5,1138,0,2.25,0,0
TXN001669,2541.78,12,6,1075,0,78.76,0,0
TXN001670,1894.54,12,3,264,0,154.87,0,0
TXN001671,863.56,16,4,1851,0,68.49,0,0
TXN001672,759.89,3,4,879,0,8.14,0,0
TXN001673,741.18,17,1,419,1,127.37,0,0
TXN001674,435.98,9,5,1182,0,40.1,0,0
TXN001675,5515.82,2,5,1446,0,234.07,0,0
TXN001676,794.47,11,2,1617,0,16.82,0,0
TXN001677,3703.96,0,2,493,0,571.16,1,1
TXN001678,5020.66,10,2,570,0,376.74,1,0
TXN001679,2975.93,17,8,1883,0,372.66,0,0
TXN001680,712.21,12,3,58,0,280.82,0,0
TXN001681,1642.1,16,5,162,0,180.72,0,0
TXN001682,1070.42,7,2,1776,0,9.88,0,0
TXN001683,444.21,19,3,563,0,195.47,0,0
TXN001684,1516.8,18,0,1742,0,247.33,0,0
TXN001685,337.3,16,3,1684,0,25.24,0,0
TXN001686,3596.37,1,7,677,0,172.17,0,0
TXN001687,689.1,2,3,1936,0,117.32,0,0
TXN001688,1340.98,2,4,111,0,115.11,0,0
TXN001689,1455.77,5,1,905,1,40.04,0,0
TXN001690,846.49,9,4,1037,0,242.08,0,0
TXN001691,1971.78,23,1,1003,0,466.55,0,0
TXN001692,682.05,21,2,1633,0,279.04,0,0
TXN001693,2620.96,17,2,1605,0,82.89,0,0
TXN001694,285.44,17,5,1144,0,746.34,1,1
TXN001695,1244.36,13,5,693,0,81.51,0,0
TXN001696,7623.03,15,2,1787,0,48.08,0,0
TXN001697,403.3,6,0,1129,0,620.04,0,0
TXN001698,556.83,0,1,1288,0,280.76,0,0
TXN001699,1833.36,16,2,1706,0,257.82,0,0
TXN001700,1312.36,22,1,517,0,14.51,0,0
TXN001701,1557.18,4,3,463,0,38.38,0,0
TXN001702,1788.6,0,4,458,0,3.36,0,0
TXN001703,2068.79,20,2,1953,0,269.82,0,0
TXN001704,3326.58,16,4,1143,0,58.69,0,0
TXN001705,1652.13,9,3,1500,0,25.53,0,0
TXN001706,861.56,11,2,606,0,36.14,0,0
TXN001707,2148.6,19,3,1208,0,184.46,0,0
TXN001708,7331.11,1,2,1780,0,102.15,0,0
TXN001709,960.42,22,4,476,0,510.65,0,0
TXN001710,413.84,15,3,1927,0,82.0,0,0
TXN001711,3317.88,14,5,1923,0,323.1,0,0
TXN001712,972.26,12,6,168,1,142.32,0,0
TXN001713,124.88,17,1,1284,1,219.95,0,0
TXN001714,2559.13,19,6,71,0,33.25,0,0
TXN001715,642.05,21,1,265,0,248.8,1,0
TXN001716,1001.71,13,1,1522,0,16.12,1,0
TXN001717,1528.41,17,2,1651,0,211.47,0,0
TXN001718,1326.77,1,4,377,0,112.76,0,0
TXN001719,2229.32,1,3,1731,0,46.7,0,0
TXN001720,709.47,2,2,227,0,117.84,0,1
TXN001721,1831.89,4,3,1398,0,348.43,0,0
TXN001722,845.94,15,4,91,0,30.26,0,0
TXN001723,2295.74,21,2,1441,0,33.46,0,0
TXN001724,2029.14,14,2,1087,0,137.44,0,0
TXN001725,430.33,11,4,1046,0,176.67,0,0
TXN001726,3248.61,8,6,1335,0,98.11,0,0
TXN001727,641.65,13,1,1284,0,55.76,0,0
TXN001728,2460.35,20,10,402,0,12.52,0,0
TXN001729,1583.33,15,4,851,0,9.19,1,0
TXN001730,6892.46,10,3,440,0,7.5,0,0
TXN001731,877.02,5,1,708,0,416.79,0,0
TXN001732,773.31,9,4,1266,0,25.35,0,0
TXN001733,1075.54,7,1,1330,0,62.95,0,1
TXN001734,809.83,15,3,1619,0,766.99,0,0
TXN001735,2440.46,2,2,1749,0,472.29,0,0
TXN001736,217.82,1,5,250,0,7.89,0,0
TXN001737,382.34,15,3,1663,0,144.24,0,0
TXN001738,376.98,18,1,604,0,180.68,0,0
TXN001739,2836.45,8,5,1016,0,10.01,0,0
TXN001740,6066.96,15,2,583,0,234.44,0,0
TXN001741,987.87,21,5,790,0,794.17,0,0
TXN001742,926.28,3,3,139,0,100.99,0,0
TXN001743,1176.21,9,2,1719,0,107.42,0,0
TXN001744,3504.76,18,1,226,0,193.84,0,0
TXN001745,433.83,12,1,1713,0,240.1,0,0
TXN001746,1391.82,17,6,913,0,280.72,0,0
TXN001747,2907.93,14,4,1775,0,14.54,0,0
TXN001748,1810.02,3,5,978,0,290.32,0,0
TXN001749,1325.55,8,3,413,0,359.22,0,0
TXN001750,2984.08,3,5,482,0,8.33,0,0
TXN001751,73.46,15,3,1505,0,7.19,0,0
TXN001752,2160.03,20,4,1808,0,144.09,0,0
TXN001753,570.16,14,1,136,0,123.62,0,0
TXN001754,175.8,23,2,34,0,705.04,0,0
TXN001755,1828.41,1,2,1197,0,62.77,0,0
TXN001756,4331.45,13,2,166,0,160.58,0,0
TXN001757,955.8,2,2,822,0,127.19,0,0
TXN001758,2843.74,21,5,1494,0,138.11,0,0
TXN001759,5498.76,22,3,195,0,194.01,0,0
TXN001760,4084.34,3,2,1701,0,138.84,0,0
TXN001761,5653.13,0,5,1693,0,1.25,0,0
TXN001762,2303.37,22,5,1118,0,334.09,0,0
TXN001763,1182.56,8,4,444,0,40.43,0,0
TXN001764,220.97,16,1,1854,0,47.32,0,0
TXN001765,857.43,13,1,1492,0,187.93,0,0
TXN001766,471.89,16,0,409,0,116.93,0,0
TXN001767,9613.68,0,6,1181,1,153.8,0,1
TXN001768,919.76,9,7,226,0,123.87,0,0
TXN001769,1240.42,22,2,1647,0,97.39,0,0
TXN001770,1903.57,15,3,1857,0,118.85,0,1
TXN001771,1145.51,18,5,1549,0,27.38,0,0
TXN001772,5973.28,23,3,625,0,627.06,0,0
TXN001773,588.37,2,3,1555,0,153.91,0,0
TXN001774,1332.23,11,2,181,1,60.84,0,0
TXN001775,521.93,2,1,730,0,224.59,0,0
TXN001776,292.94,14,2,752,0,381.81,0,0
TXN001777,594.8,16,4,57,0,63.3,0,0
TXN001778,1056.76,17,1,1113,0,70.62,0,0
TXN001779,713.87,6,0,123,0,103.9,0,0
TXN001780,548.71,18,1,1028,1,44.1,0,0
TXN001781,268.72,6,4,876,0,298.73,0,0
TXN001782,1009.18,4,4,143,0,157.95,1,0
TXN001783,243.54,7,1,870,0,10.57,0,0
TXN001784,2345.04,20,2,1177,0,1028.71,0,0
TXN001785,1190.87,15,7,1604,0,154.01,0,0
TXN001786,255.3,15,3,1980,0,397.21,0,0
TXN001787,804.96,18,2,286,0,125.35,0,0
TXN001788,516.9,14,1,42,0,157.2,0,0
TXN001789,1508.96,6,3,769,0,109.08,0,0
TXN001790,4189.98,4,3,1247,0,98.91,0,0
TXN001791,168.15,22,3,583,0,44.33,0,0
TXN001792,1230.32,10,5,1986,0,589.22,0,0
TXN001793,934.37,9,3,1238,0,36.11,0,0
TXN001794,2145.96,20,4,64,0,134.53,0,0
TXN001795,1357.22,22,2,578,0,16.4,0,0
TXN001796,516.99,8,5,1128,0,903.09,0,0
TXN001797,797.07,0,4,279,0,146.02,0,0
TXN001798,494.71,19,3,1692,0,303.33,0,0
TXN001799,3216.37,0,2,1073,0,148.98,0,0
TXN001800,1120.26,7,1,1781,0,294.24,0,0
TXN001801,7340.71,2,3,276,0,137.6,0,1
TXN001802,1032.09,1,3,1773,1,105.97,0,1
TXN001803,540.01,3,3,1716,0,109.55,0,0
TXN001804,241.36,18,0,1492,0,0.42,0,0
TXN001805,180.7,10,4,854,0,83.35,0,0
TXN001806,224.95,4,4,1487,0,546.37,1,0
TXN001807,1432.43,23,3,1219,0,202.63,0,0
TXN001808,1823.89,9,4,1356,0,453.11,0,0
TXN001809,225.61,23,7,1673,0,40.22,0,0
TXN001810,2683.93,22,2,1402,0,121.61,0,0
TXN001811,676.5,7,2,157,0,6.32,0,0
TXN001812,1270.03,12,2,1723,0,203.45,0,0
TXN001813,5498.45,4,3,1402,0,275.86,0,0
TXN001814,2688.77,11,3,1289,0,247.96,0,0
TXN001815,838.38,12,5,663,0,16.34,0,0
TXN001816,449.8,21,7,1864,0,51.19,0,0
TXN001817,127.51,7,4,403,0,191.99,0,0
TXN001818,534.24,14,2,1286,0,256.13,0,0
TXN001819,887.91,12,7,952,0,57.69,0,0
TXN001820,408.63,0,4,1022,0,93.83,0,0
TXN001821,961.74,21,3,623,0,77.89,0,0
TXN001822,1184.23,5,0,93,0,0.82,0,0
TXN001823,875.81,10,3,1059,0,154.66,0,0
TXN001824,572.49,12,4,1917,0,199.08,0,0
TXN001825,1298.1,20,4,828,0,58.24,0,0
TXN001826,1706.06,19,4,1257,0,209.53,0,0
TXN001827,368.56,0,5,1561,0,50.05,0,0
TXN001828,4495.95,10,0,628,0,226.28,0,0
TXN001829,993.68,10,2,186,0,109.98,0,0
TXN001830,1117.5,7,3,416,0,369.94,0,0
TXN001831,2226.56,21,2,1662,0,141.64,0,0
TXN001832,1384.67,2,2,900,0,36.75,0,1
TXN001833,2844.48,18,2,1273,0,310.69,0,0
TXN001834,1461.36,11,4,1263,0,270.65,0,0
TXN001835,594.41,5,3,1161,1,15.84,0,1
TXN001836,1574.2,22,2,1562,0,8.86,0,0
TXN001837,349.42,7,2,1779,0,26.37,0,0
TXN001838,1222.39,4,1,177,0,335.95,0,0
TXN001839,1060.79,9,2,749,0,69.52,0,0
TXN001840,890.59,21,4,1111,0,126.49,0,0
TXN001841,964.36,15,1,1297,1,166.27,0,0
TXN001842,167.03,11,5,86,0,244.9,0,0
TXN001843,633.51,16,3,100,0,318.9,0,0
TXN001844,1203.33,5,1,526,0,130.57,0,0
TXN001845,1286.73,8,4,289,1,96.74,0,0
TXN001846,392.42,9,5,1607,0,39.26,0,0
TXN001847,3888.22,19,2,1411,0,168.35,0,0
TXN001848,461.2,13,0,1087,0,143.68,0,0
TXN001849,2891.29,13,4,1537,0,61.94,0,0
TXN001850,1681.08,16,0,1839,0,106.37,0,0
TXN001851,574.66,15,2,1406,0,242.23,1,0
TXN001852,6472.46,3,3,734,0,177.55,0,0
TXN001853,332.41,1,6,1933,0,118.31,0,0
TXN001854,2749.44,15,3,1974,0,57.22,0,0
TXN001855,2982.69,0,1,458,0,198.47,0,0
TXN001856,560.81,2,4,171,0,177.83,0,0
TXN001857,4413.69,22,2,1832,0,110.33,0,1
TXN001858,854.02,10,7,1686,0,49.05,0,0
TXN001859,1463.66,15,7,1489,1,34.6,0,0
TXN001860,1422.71,17,2,283,0,74.63,0,0
TXN001861,958.81,14,2,1818,0,430.88,0,0
TXN001862,2467.12,8,3,805,1,252.35,0,0
TXN001863,2424.76,11,2,345,0,399.07,0,0
TXN001864,190.85,17,1,1351,0,332.81,0,0
TXN001865,4041.37,4,1,1709,0,110.54,0,0
TXN001866,207.99,23,3,1816,0,136.07,0,0
TXN001867,3079.57,7,3,1220,0,33.45,1,0
TXN001868,3383.63,2,5,1666,0,229.7,0,0
TXN001869,368.35,1,3,380,0,98.66,0,0
TXN001870,727.19,18,2,71,0,31.66,0,0
TXN001871,362.96,7,4,431,0,18.04,0,0
TXN001872,884.55,1,3,1942,0,214.41,0,0
TXN001873,805.9,18,2,420,0,118.47,0,0
TXN001874,2391.46,0,4,417,0,1.63,0,0
TXN001875,4065.57,21,3,1149,0,313.24,0,0
TXN001876,4427.91,12,3,1020,0,173.91,0,0
TXN001877,625.05,22,4,1511,0,7.04,0,0
TXN001878,889.61,19,2,1851,0,65.41,0,0
TXN001879,203.68,16,2,207,0,230.69,0,0
TXN001880,489.87,2,3,783,0,10.95,0,0
TXN001881,2878.0,8,2,1792,0,239.9,0,0
TXN001882,5516.96,4,4,842,0,126.54,0,0
TXN001883,319.15,5,5,1340,0,274.9,0,0
TXN001884,606.4,3,2,508,1,347.88,0,0
TXN001885,1068.05,16,4,587,0,262.8,0,0
TXN001886,1451.22,20,2,467,0,14.63,0,0
TXN001887,488.04,20,2,1611,0,111.04,0,0
TXN001888,1675.83,20,1,1278,0,69.08,1,0
TXN001889,682.77,15,1,1058,0,127.85,0,0
TXN001890,1080.9,15,8,807,0,607.61,0,0
TXN001891,1893.69,21,8,139,0,23.91,0,0
TXN001892,1103.7,10,1,1296,0,361.25,0,0
TXN001893,708.83,1,1,1204,0,844.98,0,0
TXN001894,982.78,16,5,548,0,829.33,0,0
TXN001895,1003.89,14,2,343,0,286.74,0,0
TXN001896,757.47,17,4,844,0,112.78,0,0
TXN001897,846.58,9,2,889,0,35.28,0,0
TXN001898,5424.32,5,3,1330,0,168.67,0,0
TXN001899,1921.61,20,4,188,0,169.66,0,0
TXN001900,816.09,15,3,1030,0,68.48,0,0
TXN001901,2201.63,4,2,184,0,172.67,0,0
TXN001902,785.39,11,5,954,0,22.31,0,0
TXN001903,3544.4,5,6,423,1,180.93,1,1
TXN001904,1587.07,13,3,1125,0,408.66,0,0
TXN001905,985.06,22,3,678,0,114.98,0,0
TXN001906,1715.94,15,4,1704,1,260.34,0,0
TXN001907,227.95,6,3,1715,0,181.73,0,0
TXN001908,355.4,1,5,901,0,0.55,0,0
TXN001909,332.31,5,5,887,0,23.42,0,0
TXN001910,1265.15,8,1,1615,1,268.37,0,1
TXN001911,6201.3,6,3,130,0,7.43,0,0
TXN001912,10211.81,1,4,1221,0,563.26,0,0
TXN001913,2075.69,18,4,607,0,404.11,0,0
TXN001914,1809.57,7,3,988,0,81.0,0,0
TXN001915,181.08,10,3,783,0,66.89,0,0
TXN001916,637.35,3,4,1712,0,170.85,0,0
TXN001917,498.81,15,3,1295,0,170.32,0,0
TXN001918,589.43,17,0,1169,1,16.78,0,0
TXN001919,926.91,12,2,301,1,43.66,0,1
TXN001920,683.97,4,3,1697,0,182.14,0,0
TXN001921,151.52,1,5,1358,0,290.39,0,0
TXN001922,2316.73,10,5,1091,0,38.38,0,0
TXN001923,375.12,0,6,1700,0,217.88,0,0
TXN001924,1393.04,12,3,724,0,367.9,0,0
TXN001925,8726.18,4,1,1579,0,22.56,0,0
TXN001926,437.3,17,3,1769,0,104.08,0,0
TXN001927,87.33,13,5,1138,0,342.15,0,0
TXN001928,823.86,12,3,1297,0,83.35,1,0
TXN001929,3297.63,6,2,1855,0,56.51,0,0
TXN001930,7772.5,7,2,178,0,246.4,0,0
TXN001931,320.68,17,5,668,0,92.18,0,0
TXN001932,1802.08,6,8,961,0,220.54,0,0
TXN001933,688.62,19,4,1372,0,24.32,0,0
TXN001934,986.39,16,2,327,0,145.14,0,0
TXN001935,15434.23,15,3,1998,0,85.89,0,1
TXN001936,243.97,10,1,100,0,1064.95,0,0
TXN001937,1413.38,18,7,626,0,161.1,0,0
TXN001938,1750.56,0,0,679,0,206.32,0,0
TXN001939,3247.97,20,2,306,0,25.28,0,0
TXN001940,1209.53,7,5,1166,0,868.41,0,0
TXN001941,1492.27,0,2,1005,0,9.5,0,0
TXN001942,741.26,8,2,604,0,13.22,0,0
TXN001943,1435.3,18,6,118,0,14.18,0,0
TXN001944,778.06,20,5,106,1,368.07,0,1
TXN001945,2041.77,8,1,1948,0,234.74,0,0
TXN001946,757.78,20,1,148,0,650.5,0,0
TXN001947,1598.95,9,1,847,0,12.4,0,0
TXN001948,1065.01,23,4,312,1,211.79,0,1
TXN001949,3381.42,22,4,258,0,137.16,0,1
TXN001950,1041.7,10,5,1189,0,183.47,0,0
TXN001951,186.23,0,1,443,0,129.48,0,1
TXN001952,3873.53,19,5,152,0,202.5,1,0
TXN001953,443.31,7,4,1764,0,427.64,0,0
TXN001954,570.34,19,2,59,0,159.38,0,0
TXN001955,604.46,11,6,47,0,408.13,0,0
TXN001956,4334.83,0,2,52,0,274.32,0,0
TXN001957,129.58,9,3,1091,0,360.35,0,0
TXN001958,25279.49,3,4,1802,0,193.79,0,1
TXN001959,3152.83,14,3,1301,0,131.59,0,0
TXN001960,1370.92,18,2,1414,0,12.98,0,0
TXN001961,1038.06,5,4,1595,0,324.22,0,0
TXN001962,1459.07,4,1,1172,0,49.88,0,0
TXN001963,1846.64,4,1,1851,0,6.72,0,0
TXN001964,2090.62,17,0,997,1,131.77,0,0
TXN001965,1911.43,2,1,489,0,180.19,1,0
TXN001966,1199.4,21,2,103,0,195.16,0,0
TXN001967,900.24,1,3,612,0,199.4,0,0
TXN001968,942.68,3,6,1988,0,190.89,0,0
TXN001969,902.43,17,3,302,0,297.23,0,0
TXN001970,3407.62,8,2,1533,0,264.04,0,1
TXN001971,1985.36,18,3,1378,0,301.64,0,0
TXN001972,57.95,9,1,1415,0,111.0,0,0
TXN001973,2113.08,21,3,1778,0,11.68,1,0
TXN001974,1332.4,14,2,977,0,183.69,0,0
TXN001975,1076.31,0,1,1900,0,42.48,0,0
TXN001976,743.58,10,4,1194,0,353.29,0,0
TXN001977,3374.87,13,3,1803,0,230.21,0,0
TXN001978,2828.57,9,3,36,0,261.34,0,0
TXN001979,506.3,18,2,757,0,60.74,0,0
TXN001980,1647.56,23,3,530,0,180.46,0,0
TXN001981,415.03,20,3,1121,0,135.17,0,0
TXN001982,275.99,15,1,1881,0,56.27,0,0
TXN001983,585.98,7,6,1670,0,301.05,0,0
TXN001984,2597.73,1,7,1520,0,143.71,0,0
TXN001985,2844.45,22,2,459,0,38.11,0,0
TXN001986,1831.86,6,4,576,0,65.56,0,0
TXN001987,2264.47,18,4,58,0,46.37,0,0
TXN001988,1837.53,6,3,1409,0,67.42,0,0
TXN001989,577.39,14,6,1684,0,37.52,0,0
TXN001990,1689.05,7,4,1087,0,83.49,0,0
TXN001991,2441.6,13,1,1957,0,213.14,0,0
TXN001992,2331.56,0,1,1313,0,576.27,0,0
TXN001993,3600.81,12,1,1887,0,42.55,0,0
TXN001994,2226.76,2,1,891,0,64.16,0,0
TXN001995,1558.45,20,7,1366,0,0.39,0,0
TXN001996,3197.58,5,7,1914,0,45.95,0,0
TXN001997,1067.93,18,1,1697,0,97.57,0,0
TXN001998,454.01,14,1,1394,0,111.49,0,0
TXN001999,931.63,3,2,1766,0,55.75,0,0
TXN002000,520.66,20,1,479,0,29.32,0,0
TXN002001,558.26,2,1,1457,0,149.04,0,0
TXN002002,949.07,3,2,1043,0,94.73,0,0
TXN002003,496.5,4,6,654,0,100.01,0,1
TXN002004,805.96,17,3,1662,0,405.65,0,0
TXN002005,165.07,9,3,1876,0,148.37,0,0
TXN002006,1357.36,7,3,1059,0,88.48,0,0
TXN002007,1097.96,11,3,1594,0,52.69,0,0
TXN002008,484.4,21,6,365,0,100.74,0,0
TXN002009,2120.16,2,4,1921,0,356.32,0,0
TXN002010,2800.55,17,3,930,0,603.95,0,0
TXN002011,219.74,22,4,1730,0,85.24,0,0
TXN002012,511.46,7,2,422,0,42.2,1,1
TXN002013,508.19,0,3,578,0,442.7,0,0
TXN002014,428.42,13,2,511,0,28.08,0,0
TXN002015,2513.61,21,4,452,1,63.53,0,0
TXN002016,903.41,22,6,1628,0,41.1,0,0
TXN002017,841.75,12,2,1292,0,150.18,0,0
TXN002018,147.84,11,6,1303,0,94.56,0,0
TXN002019,2070.24,2,4,1750,0,60.93,0,0
TXN002020,317.58,17,1,276,0,262.93,0,0
TXN002021,1164.37,20,4,581,0,196.38,0,0
TXN002022,1447.19,12,1,93,0,973.12,0,0
TXN002023,4275.51,14,2,764,0,67.31,0,0
TXN002024,296.24,9,1,1175,0,335.91,1,1
TXN002025,53.54,0,4,672,0,64.85,0,0
TXN002026,1317.97,5,6,1864,0,1.63,0,0
TXN002027,6637.64,8,0,1178,0,29.44,0,0
TXN002028,3785.55,9,5,1590,0,127.84,0,0
TXN002029,1352.43,14,5,1876,0,298.94,0,0
TXN002030,670.73,8,4,1415,0,10.64,0,0
TXN002031,2458.05,22,1,1089,0,321.1,0,0
TXN002032,414.24,13,4,137,0,226.63,0,0
TXN002033,1765.8,10,0,215,0,6.32,0,0
TXN002034,1817.96,6,4,1514,0,20.23,0,0
TXN002035,3165.95,23,1,644,0,14.16,0,0
TXN002036,17320.74,1,6,48,0,204.53,0,0
TXN002037,1623.62,13,2,1752,0,148.2,0,0
TXN002038,659.21,5,6,941,0,80.01,0,0
TXN002039,1068.94,4,4,1799,0,16.64,0,0
TXN002040,186.97,4,1,123,0,89.86,0,0
TXN002041,547.46,18,5,1796,0,206.32,0,1
TXN002042,728.3,18,2,1408,0,17.65,0,0
TXN002043,649.31,5,6,1951,0,349.56,0,0
TXN002044,1277.11,9,3,157,0,11.7,0,0
TXN002045,481.82,22,0,344,0,168.66,0,0
TXN002046,3364.49,13,1,1869,1,37.74,0,0
TXN002047,1096.86,16,3,411,0,17.3,0,0
TXN002048,1086.48,2,1,1824,1,78.92,0,0
TXN002049,790.06,0,3,1975,0,197.89,0,0
TXN002050,1280.74,9,3,1913,0,23.23,0,0
TXN002051,2502.63,2,1,1528,0,116.22,0,0
TXN002052,460.76,4,1,1451,0,93.79,0,0
TXN002053,567.86,18,5,1295,0,100.38,0,0
TXN002054,809.38,9,2,1680,0,516.97,0,0
TXN002055,285.47,15,3,1205,0,77.27,0,0
TXN002056,483.35,0,3,1472,0,860.93,0,0
TXN002057,681.15,5,3,1681,0,139.15,0,0
TXN002058,2629.08,8,6,540,0,332.68,0,0
TXN002059,1425.9,4,1,501,0,77.23,0,0
TXN002060,1330.87,13,2,1315,0,15.95,0,0
TXN002061,2568.04,9,4,790,0,15.87,0,0
TXN002062,955.88,1,2,731,0,153.66,0,0
TXN002063,1620.46,4,5,1532,0,478.45,0,0
TXN002064,989.08,0,2,533,0,13.3,0,0
TXN002065,1429.9,9,2,762,0,210.3,0,0
TXN002066,612.31,21,5,285,0,149.11,0,0
TXN002067,95.7,8,2,321,0,190.13,0,0
TXN002068,958.84,2,3,1338,0,43.7,0,0
TXN002069,4549.39,14,4,1194,0,13.16,0,0
TXN002070,2768.93,3,6,933,0,13.98,0,0
TXN002071,2879.57,12,2,1708,0,51.0,0,0
TXN002072,3774.91,5,5,1342,0,43.26,0,0
TXN002073,1198.3,19,7,792,0,24.32,0,0
TXN002074,1335.84,16,4,886,0,55.34,0,0
TXN002075,591.31,22,4,173,0,137.43,0,0
TXN002076,799.45,4,8,114,0,537.49,0,0
TXN002077,2029.96,14,4,721,0,459.81,0,0
TXN002078,3655.12,7,2,130,0,57.07,0,0
TXN002079,953.9,4,3,1290,0,12.33,0,0
TXN002080,699.11,23,2,1902,0,978.09,0,0
TXN002081,1097.21,12,3,1471,0,116.47,0,0
TXN002082,2000.61,0,3,234,0,689.49,0,1
TXN002083,258.82,0,2,1855,0,138.85,0,0
TXN002084,110.37,6,2,156,0,391.45,0,0
TXN002085,632.36,21,0,1992,0,106.7,0,0
TXN002086,323.53,4,3,986,0,175.13,0,0
TXN002087,659.75,13,1,1004,0,138.12,0,0
TXN002088,945.98,14,5,902,0,44.69,0,0
TXN002089,696.98,20,4,1843,0,259.75,0,0
TXN002090,4686.62,16,3,336,0,10.15,1,0
TXN002091,1520.42,23,3,289,0,81.01,0,0
TXN002092,1481.0,17,3,1818,0,367.11,0,0
TXN002093,2043.07,6,3,206,0,125.74,0,0
TXN002094,351.13,21,2,1804,0,14.55,0,0
TXN002095,3099.86,17,4,1732,0,41.87,0,0
TXN002096,1016.62,18,0,756,1,20.9,0,0
TXN002097,2144.11,19,0,1258,0,58.54,0,0
TXN002098,375.46,6,1,229,1,32.53,0,0
TXN002099,231.88,7,3,542,0,224.03,0,0
TXN002100,2484.66,12,2,1222,0,193.88,0,0
TXN002101,1597.84,17,3,463,1,26.12,0,0
TXN002102,444.94,23,3,538,0,105.98,1,0
TXN002103,459.59,10,5,1518,0,63.14,0,0
TXN002104,3379.34,8,6,1838,0,74.04,0,0
TXN002105,333.82,22,6,1317,0,154.44,0,0
TXN002106,5668.46,0,2,608,1,412.12,0,0
TXN002107,445.58,21,3,1914,0,409.71,0,0
TXN002108,2076.4,7,4,147,0,95.9,0,0
TXN002109,789.49,20,4,115,1,89.92,0,0
TXN002110,2004.58,11,6,264,0,131.36,0,0
TXN002111,636.44,1,2,351,0,115.68,0,1
TXN002112,931.88,14,0,287,1,11.48,0,0
TXN002113,1142.44,20,2,1037,0,155.61,0,0
TXN002114,402.55,23,2,46,0,158.19,0,0
TXN002115,2300.37,17,3,1638,0,107.72,0,0
TXN002116,656.41,16,5,702,0,96.19,0,0
TXN002117,872.53,14,4,506,0,503.28,0,0
TXN002118,405.71,19,8,1786,0,165.3,0,0
TXN002119,84.58,19,3,723,0,304.98,0,0
TXN002120,905.94,8,1,1417,0,553.62,0,0
TXN002121,12241.85,2,1,1302,0,299.03,0,0
TXN002122,2403.31,19,1,1507,0,515.58,0,0
TXN002123,1075.71,18,6,648,0,256.35,0,0
TXN002124,843.12,17,1,931,0,33.57,0,0
TXN002125,1121.55,19,5,977,0,46.33,0,0
TXN002126,1895.27,7,2,1154,0,38.8,0,0
TXN002127,336.7,0,6,842,0,69.98,1,0
TXN002128,3341.99,23,1,798,0,78.93,0,0
TXN002129,2242.58,23,3,877,0,300.05,0,0
TXN002130,2248.88,14,8,848,0,80.57,0,0
TXN002131,1700.16,18,2,424,0,233.84,0,0
TXN002132,1118.36,9,3,819,0,421.47,0,0
TXN002133,2149.22,11,2,1727,0,21.9,1,0
TXN002134,1981.91,5,3,926,0,0.05,0,0
TXN002135,769.67,12,5,362,0,395.13,0,0
TXN002136,617.94,3,3,1102,0,48.99,0,0
TXN002137,1214.22,12,2,395,1,29.98,0,1
TXN002138,5161.69,16,6,846,0,62.97,0,0
TXN002139,317.63,0,1,535,0,37.05,0,0
TXN002140,252.77,4,3,1735,0,284.07,0,0
TXN002141,1293.05,23,1,633,0,181.17,0,0
TXN002142,1153.88,16,5,974,0,32.96,0,0
TXN002143,1304.2,17,3,1322,0,157.68,0,0
TXN002144,1399.62,6,2,259,0,42.0,0,0
TXN002145,877.26,15,4,891,0,39.62,0,0
TXN002146,4865.2,7,7,1815,0,162.9,0,0
TXN002147,221.21,11,2,257,0,196.68,0,0
TXN002148,478.91,13,0,1761,0,76.49,0,0
TXN002149,989.05,18,2,1195,0,259.45,0,0
TXN002150,212.05,10,2,961,0,326.76,0,0
TXN002151,919.79,11,4,725,0,446.59,0,0
TXN002152,5776.02,12,1,1268,0,177.06,0,0
TXN002153,1119.78,7,3,1634,0,44.73,0,0
TXN002154,1381.19,0,2,1099,0,248.43,0,0
TXN002155,311.01,8,5,44,0,20.54,0,0
TXN002156,592.08,1,4,1396,0,35.99,1,1
TXN002157,753.56,13,4,165,0,321.93,0,0
TXN002158,798.14,12,0,1687,0,435.1,0,0
TXN002159,3950.68,15,6,725,0,12.43,0,0
TXN002160,1915.42,1,1,1320,0,67.35,0,0
TXN002161,360.88,3,5,740,0,178.57,1,0
TXN002162,1403.19,11,8,1972,0,502.4,0,0
TXN002163,1804.83,15,4,714,0,152.22,0,0
TXN002164,3429.43,9,8,651,0,309.66,0,0
TXN002165,5326.98,2,4,1670,0,460.94,0,1
TXN002166,397.39,3,2,1464,1,131.76,0,0
TXN002167,487.43,5,8,1852,1,242.78,0,0
TXN002168,311.82,22,4,204,0,195.47,0,0
TXN002169,867.82,4,1,530,0,200.3,0,0
TXN002170,1748.23,17,4,1925,0,131.02,0,0
TXN002171,2943.44,2,3,1375,0,175.68,0,0
TXN002172,1016.43,9,2,905,0,145.49,0,0
TXN002173,796.44,10,6,397,0,182.77,0,0
TXN002174,1276.35,18,1,1020,0,126.65,0,0
TXN002175,475.73,13,3,1626,0,45.3,0,1
TXN002176,8862.1,20,7,805,0,212.93,0,0
TXN002177,219.72,10,3,1886,0,87.22,0,0
TXN002178,1319.15,20,5,438,0,24.6,0,0
TXN002179,8296.64,3,3,814,0,343.08,0,1
TXN002180,1104.12,23,2,1723,0,36.02,0,0
TXN002181,906.84,21,1,437,0,140.05,1,0
TXN002182,767.05,5,3,1788,0,229.85,0,0
TXN002183,915.63,16,1,1680,0,187.79,0,0
TXN002184,4327.95,21,4,795,0,31.57,0,0
TXN002185,120.08,18,4,337,1,38.85,0,0
TXN002186,5081.87,12,6,92,0,29.01,0,0
TXN002187,264.02,21,5,90,0,13.56,0,0
TXN002188,839.95,9,3,536,0,59.95,0,0
TXN002189,713.91,10,1,285,0,133.67,0,0
TXN002190,1975.45,5,3,106,1,34.18,0,1
TXN002191,221.82,1,0,1940,0,636.41,0,0
TXN002192,1740.93,0,2,119,0,216.01,0,0
TXN002193,8302.48,10,4,1853,0,157.63,0,0
TXN002194,280.57,15,4,394,0,205.9,0,0
TXN002195,1325.71,2,4,1856,0,103.07,1,0
TXN002196,565.67,4,4,301,0,114.25,0,0
TXN002197,1678.89,14,1,678,0,395.14,0,0
TXN002198,1117.83,14,3,1328,0,230.38,0,0
TXN002199,577.39,3,1,1989,0,159.69,0,0
TXN002200,1786.25,22,2,69,0,540.0,0,0
TXN002201,6663.15,3,3,203,0,195.59,0,0
TXN002202,906.05,7,4,1552,0,91.56,0,0
TXN002203,2252.41,6,3,1674,0,8.75,0,0
TXN002204,300.88,16,4,672,0,89.17,0,0
TXN002205,421.39,14,3,695,0,465.78,0,0
TXN002206,1758.83,4,7,1410,0,8.22,1,0
TXN002207,4837.32,12,0,613,0,36.73,0,0
TXN002208,1564.96,3,3,355,0,297.75,0,0
TXN002209,801.87,21,2,1570,0,81.73,0,0
TXN002210,1095.86,16,1,754,1,37.02,0,0
TXN002211,314.06,21,4,312,0,304.38,0,0
TXN002212,2007.24,16,3,1225,0,147.14,0,0
TXN002213,2650.05,13,8,1347,0,143.12,1,1
TXN002214,697.78,13,5,1509,0,62.61,0,0
TXN002215,685.37,16,1,243,0,202.38,0,0
TXN002216,1430.64,7,3,118,0,356.26,0,0
TXN002217,708.59,1,4,1636,0,249.68,0,0
TXN002218,1026.46,12,4,1899,0,170.61,0,0
TXN002219,8952.8,21,5,413,0,77.68,0,0
TXN002220,856.6,15,3,1222,0,347.34,0,0
TXN002221,766.37,15,4,855,0,150.29,0,0
TXN002222,573.9,5,1,1978,0,396.63,0,0
TXN002223,2308.13,21,0,464,0,52.79,0,0
TXN002224,914.86,23,3,1763,0,191.19,0,0
TXN002225,572.85,3,0,637,0,492.53,0,0
TXN002226,4110.52,2,4,348,0,84.34,0,1
TXN002227,4535.1,5,2,48,0,543.85,0,0
TXN002228,601.59,3,4,696,0,89.7,0,0
TXN002229,169.6,17,5,1147,0,103.63,0,0
TXN002230,3003.44,5,5,1423,0,295.6,0,0
TXN002231,553.01,4,3,1106,0,54.39,0,1
TXN002232,2417.83,8,5,894,0,220.27,0,0
TXN002233,152.92,10,4,1026,1,63.79,0,0
TXN002234,2677.39,5,3,458,0,162.15,0,0
TXN002235,326.63,15,1,1576,0,269.27,0,0
TXN002236,2277.34,18,0,917,0,4.77,0,0
TXN002237,1112.4,10,4,134,0,16.67,0,0
TXN002238,422.45,20,5,1575,0,490.28,0,0
TXN002239,729.94,14,7,762,0,304.54,0,0
TXN002240,2178.34,23,4,371,0,377.22,0,0
TXN002241,1219.13,8,5,49,0,104.03,0,0
TXN002242,1967.29,23,2,1712,0,226.8,0,0
TXN002243,7914.41,18,0,885,0,1145.28,1,0
TXN002244,229.47,18,7,1017,1,101.98,0,0
TXN002245,5525.96,23,3,284,0,337.66,0,0
TXN002246,1217.26,8,5,671,0,14.87,0,0
TXN002247,446.4,22,4,453,0,141.29,0,0
TXN002248,289.94,3,1,1300,0,72.96,1,0
TXN002249,907.67,9,2,175,0,133.28,0,0
TXN002250,2756.32,8,4,1135,0,21.8,0,0
TXN002251,965.31,18,3,543,0,82.51,0,0
TXN002252,4969.9,14,3,1868,0,14.33,0,0
TXN002253,256.94,18,3,1486,0,108.63,0,0
TXN002254,1083.46,1,0,404,0,104.95,0,0
TXN002255,313.44,9,2,789,0,72.01,0,0
TXN002256,1577.56,18,4,948,0,533.26,0,0
TXN002257,2662.14,16,2,76,0,15.58,0,0
TXN002258,719.99,19,2,529,0,313.61,0,0
TXN002259,81.11,23,2,536,0,78.91,0,0
TXN002260,1338.02,20,3,1644,0,40.01,0,0
TXN002261,1697.21,1,4,1177,0,57.28,0,0
TXN002262,1643.03,18,1,374,0,417.91,0,0
TXN002263,3773.59,16,2,458,0,313.63,0,0
TXN002264,375.76,17,6,1647,1,2.86,0,1
TXN002265,2165.09,16,1,818,0,28.69,0,0
TXN002266,3613.77,1,0,1484,0,202.32,0,1
TXN002267,185.2,18,6,1085,0,68.74,0,0
TXN002268,1509.68,0,3,816,0,452.71,0,0
TXN002269,662.37,10,2,1199,0,277.94,0,0
TXN002270,1010.78,9,4,1845,0,374.36,0,0
TXN002271,1552.58,4,3,972,0,38.57,0,0
TXN002272,673.69,15,1,647,0,29.4,0,0
TXN002273,557.96,23,0,699,0,483.7,0,0
TXN002274,1134.73,4,4,1146,0,93.21,0,0
TXN002275,369.72,23,4,275,0,96.73,0,0
TXN002276,370.25,22,3,1394,0,207.69,0,0
TXN002277,2163.26,11,3,1714,0,91.19,0,0
TXN002278,347.65,3,4,333,0,374.58,0,0
TXN002279,2135.19,22,4,479,0,575.28,0,0
TXN002280,1741.66,5,3,970,0,72.76,0,0
TXN002281,195.23,18,3,1182,1,41.99,0,0
TXN002282,556.93,8,1,563,0,14.09,0,0
TXN002283,3619.57,11,2,597,0,43.43,0,0
TXN002284,411.1,14,1,453,0,27.03,0,0
TXN002285,689.24,15,5,67,0,5.32,0,0
TXN002286,1740.73,12,3,560,0,8.6,0,0
TXN002287,2400.4,20,0,1968,0,128.17,0,0
TXN002288,852.75,23,2,1759,0,221.45,0,0
TXN002289,603.35,6,3,634,0,736.17,0,0
TXN002290,4547.67,22,3,1935,0,30.46,0,0
TXN002291,6241.02,19,7,911,0,215.66,0,0
TXN002292,2918.6,3,1,244,0,145.34,0,0
TXN002293,1194.3,10,2,1740,0,117.06,0,0
TXN002294,488.69,7,5,1879,0,230.32,0,0
TXN002295,477.97,5,4,982,0,49.08,0,1
TXN002296,1849.21,9,2,285,0,67.13,0,0
TXN002297,1666.36,6,8,1559,0,87.39,0,0
TXN002298,4454.18,6,0,1819,0,36.25,0,0
TXN002299,2101.59,3,4,1485,0,117.23,0,0
TXN002300,243.94,2,1,1528,0,25.45,0,0
TXN002301,3139.9,23,1,586,0,68.93,0,0
TXN002302,404.21,6,2,244,0,21.62,0,0
TXN002303,746.97,3,2,1273,0,6.58,0,0
TXN002304,1408.39,12,2,1557,0,78.99,0,0
TXN002305,8068.05,19,5,1081,0,173.01,1,0
TXN002306,24585.66,16,2,345,0,29.65,1,0
TXN002307,2011.68,6,1,802,0,905.29,0,0
TXN002308,913.06,16,6,943,0,57.72,0,0
TXN002309,1871.52,3,0,1019,1,4.13,0,1
TXN002310,2664.19,10,4,1986,0,5.12,0,0
TXN002311,795.79,2,2,1261,0,197.7,0,0
TXN002312,6602.55,10,1,1018,0,199.49,0,0
TXN002313,1380.32,2,3,1019,0,419.4,0,0
TXN002314,1803.97,11,5,1846,0,17.14,0,0
TXN002315,2134.36,0,5,1475,0,85.0,0,0
TXN002316,1671.68,3,3,1562,0,396.12,0,0
TXN002317,2537.51,13,5,1694,0,287.62,0,0
TXN002318,591.55,0,1,1221,0,47.85,0,0
TXN002319,627.47,13,2,980,1,397.26,0,0
TXN002320,364.98,12,5,772,0,205.56,0,0
TXN002321,1701.9,12,0,892,0,55.25,0,0
TXN002322,2389.73,23,2,1220,0,8.25,0,0
TXN002323,1733.28,14,5,1660,0,123.85,0,0
TXN002324,5851.73,16,3,617,0,224.74,0,0
TXN002325,1090.51,11,8,950,0,56.31,0,0
TXN002326,2140.39,21,5,1300,0,33.27,1,1
TXN002327,368.08,22,1,1460,0,14.09,0,0
TXN002328,744.64,13,2,712,0,332.16,0,0
TXN002329,2198.52,11,2,1434,0,10.13,0,0
TXN002330,2563.43,17,1,1357,0,169.21,0,0
TXN002331,817.32,3,1,1273,0,259.33,1,1
TXN002332,1020.86,13,5,1534,0,272.94,0,0
TXN002333,240.36,18,3,323,0,190.88,0,0
TXN002334,767.37,12,3,887,1,190.41,0,0
TXN002335,2671.47,22,1,821,0,115.67,0,0
TXN002336,1949.26,17,0,283,0,97.03,0,0
TXN002337,1809.25,10,4,1186,0,26.6,0,0
TXN002338,1152.6,5,2,777,0,137.97,0,0
TXN002339,1104.41,8,1,473,0,13.26,0,0
TXN002340,566.61,11,4,942,0,113.67,0,0
TXN002341,2205.76,18,3,1218,0,236.28,0,0
TXN002342,1670.66,13,2,300,0,105.29,0,0
TXN002343,1793.67,14,2,1759,0,127.77,0,0
TXN002344,648.05,10,3,1023,0,332.36,0,0
TXN002345,127.31,5,5,1841,0,187.22,1,0
TXN002346,3285.1,13,6,699,0,24.57,0,0
TXN002347,679.37,2,3,941,0,140.93,0,0
TXN002348,462.77,18,2,1609,0,81.62,0,0
TXN002349,2193.99,19,2,1752,0,41.71,0,0
TXN002350,740.99,10,4,1185,0,187.93,0,0
TXN002351,3165.09,23,0,188,0,87.94,0,0
TXN002352,2032.47,16,4,1975,0,262.45,0,0
TXN002353,2172.36,16,1,788,0,158.96,0,0
TXN002354,279.79,22,4,1350,0,19.82,1,0
TXN002355,3684.7,2,3,536,0,77.64,0,0
TXN002356,1424.04,13,1,1641,0,56.61,0,0
TXN002357,758.03,6,4,415,0,29.25,0,0
TXN002358,1265.71,18,2,1573,0,289.9,0,0
TXN002359,185.63,2,3,1131,0,85.62,0,1
TXN002360,1650.2,1,5,1973,0,171.0,0,0
TXN002361,391.75,16,3,1672,0,384.69,0,0
TXN002362,283.53,8,2,1093,0,140.96,0,0
TXN002363,239.28,21,5,646,0,53.73,0,0
TXN002364,3336.54,5,4,694,0,281.5,0,0
TXN002365,584.49,23,3,347,0,103.01,0,0
TXN002366,5083.36,20,3,1623,0,149.35,0,0
TXN002367,641.75,8,4,1380,0,418.25,0,0
TXN002368,198.87,4,1,1469,0,120.95,0,0
TXN002369,359.05,1,3,1938,1,73.35,0,0
TXN002370,3773.7,21,2,1652,0,233.95,0,0
TXN002371,938.33,14,3,203,0,25.79,0,1
TXN002372,633.79,8,5,388,0,441.04,0,0
TXN002373,1286.93,18,2,1719,0,444.88,0,0
TXN002374,1811.27,9,4,839,0,155.9,0,0
TXN002375,3352.29,3,2,1060,0,30.17,0,0
TXN002376,4668.06,9,1,597,0,108.3,0,0
TXN002377,765.27,7,3,972,0,99.08,0,0
TXN002378,291.18,21,4,463,0,63.77,0,0
TXN002379,725.26,12,4,458,0,34.65,0,0
TXN002380,1422.66,6,1,1633,0,55.1,0,0
TXN002381,418.32,6,3,1353,0,145.96,0,0
TXN002382,421.09,3,5,1974,0,208.34,0,0
TXN002383,1546.56,14,2,337,0,700.57,0,0
TXN002384,1044.56,11,2,1711,0,43.75,0,0
TXN002385,1133.2,15,4,1444,0,41.07,0,0
TXN002386,513.63,5,4,307,0,22.4,0,0
TXN002387,870.96,8,5,1825,0,503.42,0,0
TXN002388,435.18,2,4,1210,0,86.58,0,0
TXN002389,2670.97,7,2,1781,0,463.82,0,0
TXN002390,3087.91,6,1,403,0,396.39,0,0
TXN002391,173.09,3,2,197,1,8.09,0,1
TXN002392,432.89,12,4,1489,0,59.07,0,0
TXN002393,245.54,18,0,399,0,64.85,0,0
TXN002394,572.48,6,9,857,0,58.47,0,1
TXN002395,1008.85,9,1,1027,0,99.71,0,0
TXN002396,257.33,11,5,1222,0,124.52,0,0
TXN002397,436.22,2,3,614,0,255.54,0,1
TXN002398,401.84,23,2,1836,0,56.08,0,0
TXN002399,1349.2,11,3,1565,0,63.88,0,0
TXN002400,1175.38,18,3,408,0,164.31,0,0
TXN002401,532.86,14,3,106,0,35.56,0,0
TXN002402,1308.74,7,3,598,0,115.37,0,0
TXN002403,634.81,11,4,1915,0,52.02,0,0
TXN002404,835.76,19,1,128,0,39.71,0,0
TXN002405,5845.64,5,5,192,0,285.83,0,0
TXN002406,4190.02,9,2,1911,0,221.04,1,1
TXN002407,298.99,1,6,1328,0,51.74,0,1
TXN002408,2514.26,23,2,946,0,96.56,0,0
TXN002409,2468.58,12,7,1010,0,30.15,0,0
TXN002410,347.84,6,2,426,0,9.83,0,0
TXN002411,2486.86,7,1,818,0,158.4,0,0
TXN002412,5104.78,22,2,373,0,81.34,0,0
TXN002413,356.9,15,3,1079,0,41.8,0,0
TXN002414,438.12,10,4,1033,0,21.91,0,0
TXN002415,3034.07,3,1,1109,0,205.11,0,0
TXN002416,1438.7,16,0,572,0,57.01,0,0
TXN002417,1903.55,15,4,1083,0,428.28,0,0
TXN002418,1541.62,18,3,565,0,38.55,0,0
TXN002419,1620.83,22,2,637,0,50.29,1,0
TXN002420,291.06,10,1,1211,1,343.58,0,1
TXN002421,3125.4,6,3,1174,0,152.94,0,0
TXN002422,3531.9,12,7,183,0,20.65,0,0
TXN002423,871.84,18,1,899,0,143.52,0,0
TXN002424,1049.98,16,4,1135,0,66.3,0,0
TXN002425,237.2,21,3,1414,0,240.37,0,0
TXN002426,1834.0,12,6,1363,0,14.58,0,0
TXN002427,1943.13,11,6,910,0,449.94,0,0
TXN002428,1030.51,6,2,1945,0,117.09,0,0
TXN002429,3375.68,0,1,361,0,238.56,0,0
TXN002430,785.19,0,2,1330,0,219.53,0,0
TXN002431,1928.71,19,0,436,0,35.34,0,0
TXN002432,395.57,22,3,155,0,381.79,0,0
TXN002433,1071.11,13,2,1337,0,47.68,1,1
TXN002434,921.17,14,5,1689,0,38.06,0,0
TXN002435,1373.76,10,2,622,0,132.36,0,0
TXN002436,757.84,23,3,1900,0,750.59,0,0
TXN002437,961.53,8,5,1844,0,67.68,0,0
TXN002438,2505.01,16,4,472,0,600.63,0,0
TXN002439,708.56,3,1,1234,0,102.8,0,0
TXN002440,219.95,19,5,1874,0,323.97,0,0
TXN002441,6308.06,18,2,191,0,135.9,0,0
TXN002442,4365.35,6,4,1529,0,41.35,0,0
TXN002443,301.19,0,6,1889,0,381.64,0,1
TXN002444,2185.74,8,2,1414,0,13.44,0,0
TXN002445,663.17,12,1,1577,0,206.65,0,0
TXN002446,1427.22,23,3,159,0,319.76,0,1
TXN002447,1471.77,1,3,310,0,321.11,0,0
TXN002448,867.48,1,4,1909,0,191.71,0,0
TXN002449,500.81,23,2,892,0,52.02,1,1
TXN002450,549.75,14,3,1690,0,136.54,0,0
TXN002451,438.7,16,1,1505,0,178.74,0,0
TXN002452,477.32,12,2,1737,0,396.81,0,0
TXN002453,1025.38,6,4,1983,1,31.31,0,0
TXN002454,536.06,8,5,1187,0,112.56,0,0
TXN002455,2169.07,11,2,1916,0,72.93,0,0
TXN002456,4852.48,2,3,1604,0,100.46,0,0
TXN002457,613.97,22,2,924,1,36.39,1,0
TXN002458,1393.26,21,1,719,0,44.13,0,0
TXN002459,1807.47,14,3,1845,0,264.42,0,0
TXN002460,1758.12,6,5,502,0,117.15,0,0
TXN002461,1183.17,22,5,34,0,129.93,0,0
TXN002462,2304.65,0,2,1619,0,409.98,0,0
TXN002463,1776.23,13,4,1875,0,49.39,0,0
TXN002464,318.09,18,2,807,0,71.89,0,0
TXN002465,2615.36,15,0,111,0,66.43,0,0
TXN002466,2663.22,9,5,250,0,193.78,0,0
TXN002467,511.18,0,3,872,0,148.78,0,1
TXN002468,1139.04,4,2,782,0,114.8,0,0
TXN002469,2171.84,2,4,1659,0,198.46,0,0
TXN002470,889.52,16,1,904,0,119.07,0,0
TXN002471,3206.64,17,2,98,0,304.67,0,0
TXN002472,11659.45,20,3,1571,0,95.05,0,0
TXN002473,499.7,18,3,1771,0,398.31,0,0
TXN002474,275.6,21,4,1581,0,22.93,0,0
TXN002475,1485.96,21,6,1625,0,17.76,0,0
TXN002476,2256.48,17,3,171,1,191.92,0,0
TXN002477,870.56,15,2,830,0,88.89,0,0
TXN002478,4690.34,1,1,533,0,109.49,0,0
TXN002479,287.55,14,3,1410,0,214.34,0,0
TXN002480,2192.77,12,4,994,0,43.47,0,0
TXN002481,598.33,12,3,1989,0,8.09,0,1
TXN002482,6120.37,15,2,1259,0,104.01,0,0
TXN002483,8042.66,7,6,69,0,405.21,0,0
TXN002484,509.46,10,0,1574,0,107.85,0,0
TXN002485,632.98,7,7,1656,0,152.74,0,0
TXN002486,2590.45,21,4,529,0,42.06,0,0
TXN002487,744.62,9,5,736,0,112.28,1,0
TXN002488,1047.95,22,1,1255,0,117.93,0,0
TXN002489,1124.83,0,1,1101,0,48.25,1,1
TXN002490,160.83,11,2,1023,0,32.2,0,0
TXN002491,1081.56,8,3,1502,0,77.61,0,0
TXN002492,550.19,4,3,539,0,7.14,0,1
TXN002493,669.73,8,1,1319,0,32.77,0,0
TXN002494,4645.4,15,0,274,0,236.58,0,0
TXN002495,312.15,17,3,291,0,188.52,0,0
TXN002496,2473.04,7,3,1371,0,67.52,0,0
TXN002497,829.68,22,3,572,0,144.2,0,0
TXN002498,829.02,10,1,1827,0,318.3,0,0
TXN002499,2417.22,19,3,1404,0,328.91,0,0
TXN002500,1540.79,18,3,63,0,191.23,0,0
TXN002501,1940.33,3,6,517,0,23.84,0,0
TXN002502,2887.61,19,0,1810,0,32.01,0,0
TXN002503,787.36,9,3,1402,0,62.07,0,0
TXN002504,594.53,23,3,1888,0,199.95,0,0
TXN002505,370.5,12,7,1499,0,53.71,0,0
TXN002506,480.39,19,3,499,0,112.4,0,0
TXN002507,20933.26,13,5,809,0,314.28,0,1
TXN002508,3807.32,20,1,323,0,400.24,0,1
TXN002509,283.99,1,5,240,0,328.24,1,1
TXN002510,292.23,3,3,1188,1,22.28,0,1
TXN002511,1775.55,6,1,1629,0,434.94,0,0
TXN002512,1895.55,18,1,1012,0,207.44,0,0
TXN002513,1898.62,16,3,916,0,173.59,0,0
TXN002514,849.84,15,4,917,0,51.19,0,0
TXN002515,967.34,12,2,408,0,474.17,0,0
TXN002516,1522.15,23,7,1812,0,3.15,0,0
TXN002517,1194.99,23,4,362,0,15.44,1,0
TXN002518,119.19,21,1,1441,0,30.03,0,1
TXN002519,871.49,22,4,306,0,213.24,0,0
TXN002520,468.06,17,4,619,0,175.52,0,0
TXN002521,1306.64,20,4,1729,0,521.02,0,0
TXN002522,21704.16,11,4,527,0,77.26,0,0
TXN002523,1583.64,22,2,1444,0,76.88,0,0
TXN002524,801.49,0,3,106,0,199.31,0,0
TXN002525,2756.73,14,2,448,0,34.44,0,0
TXN002526,1777.01,2,3,1434,0,112.27,0,0
TXN002527,1669.19,5,1,718,0,2.8,0,0
TXN002528,2011.93,13,3,638,0,161.39,0,0
TXN002529,8574.46,22,0,1430,0,275.84,0,0
TXN002530,353.93,5,1,1192,0,41.01,0,0
TXN002531,1760.99,0,3,1296,0,66.05,0,0
TXN002532,434.25,19,3,1924,0,25.45,0,0
TXN002533,1911.25,5,2,1910,0,172.13,0,0
TXN002534,437.6,7,3,523,0,149.43,0,0
TXN002535,722.44,14,4,388,1,315.18,0,0
TXN002536,816.4,13,2,280,0,633.25,0,0
TXN002537,2909.73,15,2,821,0,740.36,0,0
TXN002538,2747.52,19,4,307,0,20.4,0,0
TXN002539,315.54,22,6,200,0,144.99,0,0
TXN002540,1158.56,15,1,1232,0,280.62,0,0
TXN002541,539.38,18,3,1549,0,193.65,0,0
TXN002542,311.53,23,2,718,0,409.12,0,0
TXN002543,882.7,0,2,1431,0,104.92,0,0
TXN002544,805.54,3,3,523,0,100.27,0,1
TXN002545,12415.69,23,2,405,0,4.76,0,0
TXN002546,1690.8,9,5,307,0,2.84,0,0
TXN002547,276.55,19,2,364,0,212.36,0,0
TXN002548,623.42,17,0,1071,0,114.78,0,0
TXN002549,3045.39,1,3,329,0,194.31,1,1
TXN002550,8852.39,3,2,138,0,48.98,0,0
TXN002551,224.53,14,5,1085,0,357.92,0,0
TXN002552,167.35,3,2,1495,0,419.7,0,0
TXN002553,7122.15,15,3,1109,0,195.41,0,0
TXN002554,1619.08,14,2,1793,0,58.58,0,0
TXN002555,460.22,17,6,1127,0,43.84,0,0
TXN002556,1871.75,6,4,1574,0,176.79,1,1
TXN002557,78.59,14,7,476,0,508.76,0,0
TXN002558,1100.34,21,0,521,0,155.34,0,0
TXN002559,1522.06,10,3,630,0,329.08,0,0
TXN002560,2763.55,18,1,918,0,150.0,0,0
TXN002561,397.86,7,2,161,0,202.09,0,0
TXN002562,1194.74,23,4,835,0,150.99,0,0
TXN002563,434.66,0,2,1291,0,154.17,0,1
TXN002564,1415.71,2,9,1409,0,241.95,0,0
TXN002565,447.94,4,3,279,0,90.83,0,0
TXN002566,729.16,17,2,1095,0,421.81,0,0
TXN002567,405.12,11,6,1026,0,358.45,0,1
TXN002568,2103.03,11,1,260,0,232.58,0,0
TXN002569,2587.51,20,4,1956,0,244.86,0,0
TXN002570,867.3,18,3,1735,0,95.97,0,0
TXN002571,1139.38,8,4,1939,0,321.65,0,0
TXN002572,257.6,10,5,857,0,485.51,0,0
TXN002573,812.67,16,3,1143,0,285.38,0,0
TXN002574,1042.94,15,6,433,0,25.69,0,0
TXN002575,15075.0,3,3,220,0,278.04,0,0
TXN002576,360.7,9,6,1945,0,112.44,0,0
TXN002577,4741.82,21,4,1434,0,168.89,0,0
TXN002578,2971.61,14,3,1932,0,851.12,0,0
TXN002579,1451.91,18,5,1842,0,80.15,0,0
TXN002580,6365.32,2,2,156,0,77.13,0,0
TXN002581,1590.98,20,2,1698,0,54.96,0,0
TXN002582,1618.34,22,3,406,0,24.47,0,0
TXN002583,1039.9,4,3,827,0,33.14,0,0
TXN002584,3727.78,10,1,604,0,129.98,0,0
TXN002585,3282.86,23,3,269,0,433.03,0,0
TXN002586,586.59,4,4,1496,0,298.84,0,0
TXN002587,293.17,6,2,1091,0,36.27,0,0
TXN002588,895.18,5,2,1729,0,148.47,0,0
TXN002589,492.73,12,3,1603,0,337.83,0,0
TXN002590,1029.14,1,4,308,0,139.58,0,0
TXN002591,3779.84,18,2,1204,1,436.32,0,0
TXN002592,694.16,10,3,599,0,429.25,0,0
TXN002593,1050.66,19,2,717,0,77.06,0,0
TXN002594,1162.15,4,4,784,0,372.76,0,0
TXN002595,2561.71,8,3,1443,0,158.36,0,0
TXN002596,115.94,5,6,392,0,117.65,0,0
TXN002597,597.83,16,3,203,0,267.91,0,0
TXN002598,1354.63,18,1,884,0,280.59,0,0
TXN002599,3641.24,22,2,1196,0,202.54,0,0
TXN002600,670.55,7,4,286,0,299.78,0,0
TXN002601,167.91,6,5,129,0,544.43,0,0
TXN002602,2037.97,4,4,516,0,371.57,0,0
TXN002603,580.93,14,3,1401,0,13.89,0,0
TXN002604,333.73,9,2,1767,0,341.52,0,0
TXN002605,587.37,23,2,574,0,273.8,0,0
TXN002606,911.85,15,7,1419,0,470.48,1,0
TXN002607,599.0,8,0,1205,0,242.18,0,0
TXN002608,120.84,6,4,611,0,378.46,0,0
TXN002609,2689.38,10,5,683,0,1.85,0,0
TXN002610,3924.03,8,5,275,0,685.42,0,0
TXN002611,2103.85,16,4,125,0,38.13,0,0
TXN002612,351.54,8,0,368,0,359.42,0,0
TXN002613,896.51,2,2,1507,0,477.67,0,0
TXN002614,1089.5,21,3,1137,0,0.4,0,0
TXN002615,1995.79,7,3,1526,0,440.94,0,0
TXN002616,2139.53,18,8,154,0,318.12,0,0
TXN002617,526.28,19,3,369,0,460.14,0,0
TXN002618,1190.34,15,1,1219,0,35.04,0,0
TXN002619,1732.43,6,1,680,0,270.46,0,0
TXN002620,4702.37,6,1,1562,0,120.32,0,0
TXN002621,2218.32,19,2,1500,0,53.64,0,0
TXN002622,2414.04,12,4,701,0,254.03,0,0
TXN002623,1192.52,2,1,1466,0,115.39,0,0
TXN002624,4493.82,11,4,1339,1,414.26,0,1
TXN002625,1652.03,23,4,1466,0,223.27,0,0
TXN002626,463.55,7,3,1139,0,26.97,0,0
TXN002627,4462.08,12,2,168,0,51.97,0,0
TXN002628,2203.72,19,2,462,0,55.31,0,0
TXN002629,704.13,15,4,1009,0,75.9,0,0
TXN002630,678.92,6,5,1158,0,197.63,0,0
TXN002631,1475.24,3,3,107,0,404.54,0,0
TXN002632,1742.69,11,2,760,0,162.12,0,0
TXN002633,1335.81,16,3,733,0,250.83,0,0
TXN002634,1497.14,0,3,407,0,68.56,0,0
TXN002635,6002.66,16,2,1987,1,133.04,0,0
TXN002636,3202.04,1,2,1241,0,126.26,0,0
TXN002637,1326.95,5,8,737,0,217.35,1,0
TXN002638,2811.04,11,5,1444,0,131.35,0,0
TXN002639,390.52,10,5,1915,0,73.23,0,0
TXN002640,1632.6,20,3,1639,0,50.33,0,0
TXN002641,6696.27,10,2,932,0,52.92,0,0
TXN002642,881.79,17,2,1314,0,712.31,0,0
TXN002643,469.83,7,7,844,0,79.62,0,0
TXN002644,571.3,6,3,1345,0,295.74,1,0
TXN002645,368.84,13,2,172,1,13.33,0,0
TXN002646,500.32,15,2,1860,0,16.91,0,0
TXN002647,757.1,11,3,1091,1,208.59,0,1
TXN002648,268.93,8,0,1089,0,109.99,0,0
TXN002649,1113.9,19,4,144,0,382.39,0,0
TXN002650,2703.43,22,1,543,0,356.78,0,0
TXN002651,442.41,20,4,1068,0,253.65,0,0
TXN002652,5010.46,15,2,1649,0,304.04,0,0
TXN002653,1827.66,20,6,340,0,367.94,0,0
TXN002654,3073.53,18,2,1819,0,275.49,0,0
TXN002655,568.03,15,2,1279,0,134.72,0,0
TXN002656,2577.37,8,5,874,0,55.36,0,0
TXN002657,367.99,12,5,1241,0,278.69,0,0
TXN002658,2671.1,4,1,54,0,68.81,0,1
TXN002659,1302.24,21,5,811,0,50.54,0,0
TXN002660,1906.93,18,5,518,0,33.9,0,0
TXN002661,338.46,9,7,1293,0,177.6,0,0
TXN002662,448.06,6,1,1811,0,49.99,0,0
TXN002663,1992.67,8,5,1446,0,84.55,0,0
TXN002664,424.81,13,3,1230,0,222.24,0,0
TXN002665,1742.73,14,1,403,0,284.23,0,0
TXN002666,279.46,12,2,704,0,68.04,0,0
TXN002667,2561.05,9,3,755,0,333.04,0,0
TXN002668,319.73,13,4,1314,0,10.75,0,0
TXN002669,1905.12,20,1,265,0,766.74,0,0
TXN002670,2050.07,22,4,1922,0,97.08,0,0
TXN002671,546.33,11,2,1515,0,70.72,0,0
TXN002672,1962.6,18,3,686,0,463.1,0,0
TXN002673,1422.89,5,0,1563,0,25.56,0,0
TXN002674,639.8,11,2,98,0,79.71,0,0
TXN002675,399.99,23,6,1002,0,80.02,0,0
TXN002676,154.06,12,5,1304,0,99.41,0,0
TXN002677,1555.65,7,5,595,0,339.5,1,1
TXN002678,229.34,15,4,716,0,340.74,0,0
TXN002679,1206.34,1,1,764,0,161.21,0,0
TXN002680,842.65,21,3,1742,0,863.75,0,0
TXN002681,2162.77,6,2,1383,0,334.61,0,0
TXN002682,810.75,11,2,1549,0,205.7,0,0
TXN002683,788.83,6,2,1050,0,40.04,0,0
TXN002684,2279.86,18,3,603,0,143.62,0,0
TXN002685,1533.12,13,0,1972,0,43.32,0,0
TXN002686,1504.41,8,4,378,1,64.63,0,0
TXN002687,1753.32,17,10,45,0,208.43,0,0
TXN002688,236.14,10,3,238,0,36.69,0,0
TXN002689,2337.39,15,2,676,0,17.14,0,0
TXN002690,2023.27,18,5,1096,0,136.5,0,0
TXN002691,396.75,10,4,1003,1,0.17,0,1
TXN002692,859.13,17,2,713,0,168.99,0,0
TXN002693,1054.36,10,5,1958,1,416.9,0,0
TXN002694,958.63,3,9,868,0,37.98,0,0
TXN002695,1531.28,17,0,1645,0,86.85,0,0
TXN002696,4588.77,18,2,1753,0,446.64,0,0
TXN002697,3234.94,12,2,423,0,219.05,0,0
TXN002698,295.24,3,2,668,0,26.17,0,0
TXN002699,2042.79,9,9,409,0,86.63,0,0
TXN002700,4142.0,21,1,930,0,253.9,0,0
TXN002701,1614.55,4,2,1360,0,196.73,0,1
TXN002702,3264.89,2,2,1060,0,30.46,0,0
TXN002703,8203.12,15,1,51,0,11.61,0,0
TXN002704,3052.48,7,3,565,0,206.04,0,0
TXN002705,1407.13,23,3,411,0,169.04,0,0
TXN002706,3118.44,6,3,389,0,11.01,0,0
TXN002707,1267.61,18,4,1351,0,662.65,0,0
TXN002708,1123.16,13,2,792,0,52.37,0,0
TXN002709,771.69,14,1,1203,1,87.8,0,0
TXN002710,5236.52,16,5,1044,0,35.19,0,0
TXN002711,483.75,20,6,192,0,317.39,0,0
TXN002712,5076.45,0,4,1169,0,591.34,0,0
TXN002713,1807.8,5,2,1236,0,43.18,0,0
TXN002714,270.61,22,3,1811,1,59.92,0,0
TXN002715,1583.91,14,2,1184,0,220.67,0,0
TXN002716,134.29,11,3,1420,0,135.1,0,0
TXN002717,2049.82,20,2,1927,0,19.98,0,0
TXN002718,2657.74,19,2,304,0,475.15,0,0
TXN002719,606.46,1,3,455,0,170.02,1,0
TXN002720,1240.84,4,3,1562,0,64.53,0,0
TXN002721,7740.0,8,2,1995,0,121.13,0,0
TXN002722,661.33,19,1,1381,0,124.86,0,0
TXN002723,380.35,13,2,666,0,134.16,0,0
TXN002724,4825.47,17,7,756,0,123.8,0,0
TXN002725,7805.53,21,3,945,0,148.51,0,0
TXN002726,1100.69,7,1,1854,0,89.97,0,0
TXN002727,3015.33,1,4,419,0,28.44,0,0
TXN002728,4194.28,8,2,300,0,196.63,0,0
TXN002729,521.92,6,1,98,0,283.06,0,0
TXN002730,674.99,17,5,1003,0,331.01,0,0
TXN002731,3755.12,15,2,486,0,4.0,0,0
TXN002732,5913.62,20,0,375,0,93.34,0,0
TXN002733,1925.38,4,1,1533,0,690.63,0,0
TXN002734,454.95,22,3,1309,0,11.63,0,0
TXN002735,7998.91,14,1,1852,0,277.15,0,0
TXN002736,644.86,4,2,803,0,24.26,0,0
TXN002737,784.36,10,2,1438,0,313.36,0,0
TXN002738,1544.32,21,4,1200,0,200.77,0,0
TXN002739,5188.3,13,3,1580,0,232.4,0,0
TXN002740,2575.96,18,2,1855,0,681.54,0,0
TXN002741,1660.49,2,1,989,0,504.87,0,0
TXN002742,1742.87,23,1,1392,0,65.33,0,0
TXN002743,1145.41,9,2,1230,0,84.66,0,0
TXN002744,1916.28,5,4,1135,0,94.12,0,0
TXN002745,87.4,2,1,1739,0,35.85,0,0
TXN002746,815.17,1,4,1104,1,86.38,0,0
TXN002747,1395.94,12,5,296,0,695.6,0,0
TXN002748,346.88,17,6,1544,0,121.05,0,0
TXN002749,1613.76,1,3,1569,0,548.85,0,0
TXN002750,893.84,14,5,879,0,13.35,0,0
TXN002751,6345.34,4,1,521,0,7.21,0,1
TXN002752,5287.07,14,3,1012,0,154.16,0,0
TXN002753,688.28,20,3,1862,0,239.9,0,0
TXN002754,943.09,16,4,1026,0,44.14,0,0
TXN002755,1018.47,1,1,1501,0,125.98,0,1
TXN002756,698.08,17,1,286,0,371.36,0,0
TXN002757,1332.78,14,0,1014,0,258.18,0,0
TXN002758,513.74,19,1,38,0,47.47,0,0
TXN002759,354.03,22,5,1988,0,73.29,0,0
TXN002760,2044.1,2,5,350,0,65.7,0,0
TXN002761,2058.08,4,2,401,0,228.82,0,0
TXN002762,490.63,10,3,1838,0,620.59,0,0
TXN002763,2684.78,8,1,352,0,59.15,0,0
TXN002764,583.14,4,4,1396,0,159.74,0,0
TXN002765,1412.57,0,6,1310,0,804.69,0,0
TXN002766,2490.76,13,6,949,0,30.87,0,0
TXN002767,1060.39,4,2,1943,0,193.7,0,1
TXN002768,1728.04,7,1,1201,0,72.62,0,0
TXN002769,654.3,20,0,221,0,861.79,0,0
TXN002770,901.03,13,2,945,1,20.73,0,0
TXN002771,892.6,15,2,1177,0,108.02,0,1
TXN002772,519.79,5,6,1257,0,52.98,0,0
TXN002773,918.94,7,6,1390,0,5.8,1,0
TXN002774,233.08,1,7,114,0,596.36,0,0
TXN002775,671.05,18,2,965,1,151.15,0,0
TXN002776,824.79,8,3,1525,1,217.19,0,0
TXN002777,848.8,4,6,1723,0,174.3,0,0
TXN002778,861.35,4,2,436,0,28.93,0,0
TXN002779,1030.95,18,6,1588,0,33.66,0,0
TXN002780,1771.25,3,1,1173,0,177.24,0,0
TXN002781,2629.42,15,3,1109,0,272.39,0,0
TXN002782,572.63,15,4,1868,0,169.98,0,0
TXN002783,329.24,15,3,430,0,152.07,0,0
TXN002784,386.82,6,1,543,0,246.65,0,0
TXN002785,673.71,17,6,391,0,50.26,0,0
TXN002786,771.3,23,3,1781,0,236.78,0,0
TXN002787,507.76,20,4,62,1,95.35,0,0
TXN002788,300.03,0,6,1814,0,201.78,0,0
TXN002789,694.98,2,2,778,0,57.81,0,0
TXN002790,1314.78,20,2,649,0,26.62,0,0
TXN002791,1988.29,7,2,300,0,5.33,0,0
TXN002792,628.02,0,1,1853,0,292.85,0,0
TXN002793,725.6,6,4,1415,0,39.49,0,0
TXN002794,434.11,6,2,703,0,81.31,0,0
TXN002795,1062.69,7,4,473,0,263.65,0,0
TXN002796,469.45,18,0,1523,0,107.67,0,0
TXN002797,1945.22,16,5,1852,1,44.16,0,0
TXN002798,183.85,10,0,1836,1,38.99,0,0
TXN002799,765.38,14,0,177,0,94.35,0,0
TXN002800,1481.94,8,2,1671,0,149.91,0,0
TXN002801,1317.95,16,8,500,0,89.67,0,1
TXN002802,16204.33,10,3,572,0,422.88,0,0
TXN002803,1555.89,5,4,287,1,0.69,0,1
TXN002804,401.8,8,1,298,0,92.55,0,0
TXN002805,996.79,17,1,381,0,244.45,0,0
TXN002806,185.63,19,2,398,0,398.77,0,0
TXN002807,1011.71,1,3,429,0,79.88,0,0
TXN002808,476.73,3,4,812,0,201.53,0,0
TXN002809,2739.12,17,4,54,0,156.3,0,0
TXN002810,632.99,0,2,1565,0,40.51,1,0
TXN002811,975.78,10,6,361,0,205.63,0,0
TXN002812,580.82,2,4,569,0,51.68,0,0
TXN002813,6240.72,7,4,134,0,275.77,0,0
TXN002814,795.33,4,4,809,0,361.65,0,0
TXN002815,6853.79,19,0,918,0,117.16,0,0
TXN002816,2475.39,20,8,754,0,10.02,0,0
TXN002817,1775.91,21,3,1513,1,240.65,0,0
TXN002818,1585.62,21,4,1552,0,113.33,0,0
TXN002819,1625.87,4,5,467,0,17.87,0,0
TXN002820,159.55,10,6,1239,0,72.39,0,0
TXN002821,829.74,11,5,1422,0,61.81,0,0
TXN002822,2553.34,21,0,173,0,233.27,0,0
TXN002823,1044.3,8,4,731,0,99.32,0,0
TXN002824,269.03,20,1,103,0,159.2,1,0
TXN002825,1040.64,12,1,1045,0,125.16,0,0
TXN002826,6027.61,21,2,1959,0,231.89,0,0
TXN002827,3815.75,19,2,1553,0,227.89,0,0
TXN002828,1030.7,2,3,991,0,107.22,0,1
TXN002829,2839.69,12,1,1144,0,26.11,0,0
TXN002830,760.13,21,4,1105,0,94.33,0,0
TXN002831,199.56,10,1,827,0,31.41,0,0
TXN002832,435.08,10,4,1662,0,575.65,0,0
TXN002833,5233.78,20,2,1069,0,539.75,0,0
TXN002834,833.81,19,4,167,0,109.81,0,0
TXN002835,859.73,20,3,684,0,5.04,0,0
TXN002836,812.54,6,10,823,0,84.5,0,0
TXN002837,7362.37,16,2,218,0,405.84,0,0
TXN002838,5574.51,15,2,1045,0,61.15,0,0
TXN002839,10084.76,13,4,556,0,175.11,0,1
TXN002840,935.38,0,4,1699,0,36.59,0,1
TXN002841,1473.84,10,6,1674,0,313.9,0,0
TXN002842,240.65,12,1,158,0,400.44,0,0
TXN002843,4802.7,0,3,143,0,171.87,0,0
TXN002844,341.12,1,2,1140,0,175.96,0,1
TXN002845,1362.09,8,4,255,0,85.63,0,0
TXN002846,366.02,12,4,1728,0,221.02,0,0
TXN002847,608.58,4,3,153,0,117.18,1,1
TXN002848,474.73,8,4,1672,0,246.31,0,0
TXN002849,597.12,12,1,1910,0,622.47,0,0
TXN002850,639.62,4,2,158,0,311.06,0,0
TXN002851,633.8,14,3,374,0,131.12,0,0
TXN002852,2523.33,6,4,323,0,694.43,0,1
TXN002853,363.27,13,2,493,0,168.15,0,0
TXN002854,1367.23,15,4,780,0,12.07,0,0
TXN002855,3706.93,5,4,1606,0,235.93,0,0
TXN002856,656.42,1,4,1193,0,308.73,1,1
TXN002857,534.9,15,2,1501,0,26.07,0,1
TXN002858,870.85,18,2,1191,0,204.7,0,0
TXN002859,3567.87,4,9,1720,0,456.71,0,0
TXN002860,1331.56,3,3,533,0,52.13,0,0
TXN002861,644.7,13,2,1988,0,158.31,0,0
TXN002862,1779.12,5,2,1799,0,57.78,0,0
TXN002863,364.2,7,3,484,0,268.02,0,0
TXN002864,2167.56,23,1,355,0,156.43,0,0
TXN002865,1650.13,2,5,1610,0,100.57,0,0
TXN002866,806.09,3,2,1832,0,5.29,0,0
TXN002867,474.1,0,2,1819,0,521.42,1,0
TXN002868,451.84,1,3,821,0,123.95,0,1
TXN002869,1872.1,12,3,342,0,293.44,0,0
TXN002870,3748.01,8,3,581,0,89.53,0,0
TXN002871,579.81,11,2,1910,0,340.41,0,0
TXN002872,1734.35,9,2,322,0,31.39,0,0
TXN002873,136.04,9,2,1824,0,47.4,0,0
TXN002874,611.17,17,2,993,0,73.0,0,0
TXN002875,1063.1,11,3,1633,0,16.7,0,0
TXN002876,441.56,21,2,406,0,105.61,0,0
TXN002877,429.87,15,3,774,0,119.77,0,0
TXN002878,562.4,22,2,926,1,21.95,0,0
TXN002879,1468.79,5,1,1659,0,100.27,0,0
TXN002880,909.3,23,1,748,0,39.56,0,0
TXN002881,116.95,23,2,330,0,374.6,0,0
TXN002882,131.54,20,2,1340,0,128.14,0,0
TXN002883,597.73,23,3,322,0,546.45,0,0
TXN002884,1733.13,9,2,143,0,75.18,0,0
TXN002885,70.28,14,2,1608,0,75.17,0,0
TXN002886,665.32,8,3,1138,0,74.44,0,0
TXN002887,647.91,23,2,1152,0,56.23,0,0
TXN002888,4395.51,1,4,801,0,276.04,0,1
TXN002889,746.19,17,1,228,1,59.82,0,0
TXN002890,1608.39,11,5,663,0,61.15,0,0
TXN002891,1263.02,2,2,570,1,8.65,0,1
TXN002892,130.25,6,2,1921,0,605.3,0,0
TXN002893,2364.23,8,6,1664,0,391.34,0,0
TXN002894,1360.21,7,3,1661,0,62.29,0,0
TXN002895,1823.05,5,2,903,0,132.4,1,1
TXN002896,55616.64,0,1,541,0,118.66,0,0
TXN002897,136.44,13,6,785,0,16.52,0,0
TXN002898,6153.01,15,4,1192,1,136.36,0,0
TXN002899,822.67,15,0,1551,0,21.65,0,0
TXN002900,1461.66,3,1,318,0,102.48,0,0
TXN002901,1047.84,5,1,1490,0,16.54,0,0
TXN002902,717.49,14,4,1798,0,160.01,0,1
TXN002903,620.28,21,2,1686,0,9.05,0,0
TXN002904,1524.63,7,6,1582,0,178.2,0,0
TXN002905,240.53,0,5,1705,0,221.1,0,0
TXN002906,2322.92,12,1,542,0,152.28,0,0
TXN002907,723.29,17,2,1237,0,114.1,0,0
TXN002908,354.22,17,4,52,0,11.29,0,0
TXN002909,699.24,12,3,1572,1,2.06,0,1
TXN002910,3855.09,21,3,1387,0,75.46,0,0
TXN002911,642.05,13,2,966,0,265.52,0,0
TXN002912,1569.41,10,6,1545,0,187.57,0,0
TXN002913,527.97,6,3,1618,0,24.09,0,0
TXN002914,2340.04,17,3,1797,0,209.62,0,0
TXN002915,2176.57,20,2,1828,0,153.98,0,0
TXN002916,6964.69,21,2,491,0,32.83,0,0
TXN002917,920.06,3,2,1663,0,253.39,0,0
TXN002918,2140.2,16,3,1247,0,319.27,0,0
TXN002919,1209.63,18,1,1306,0,47.64,0,0
TXN002920,4007.3,13,3,1905,0,181.85,0,0
TXN002921,534.41,9,1,238,0,85.51,0,0
TXN002922,2310.01,5,5,103,0,10.84,0,0
TXN002923,902.62,17,2,466,0,355.65,0,0
TXN002924,1028.45,3,3,1570,0,309.41,0,0
TXN002925,1202.01,10,2,1918,0,68.88,0,0
TXN002926,1411.26,12,3,386,0,136.48,1,0
TXN002927,976.3,7,3,705,0,129.28,0,0
TXN002928,1359.28,9,5,841,0,35.16,0,1
TXN002929,5314.1,22,2,1419,0,28.34,0,0
TXN002930,2937.9,10,1,151,1,334.73,0,0
TXN002931,2615.35,2,4,680,0,363.62,0,1
TXN002932,695.38,14,3,477,0,232.49,1,1
TXN002933,450.68,7,4,178,0,13.6,0,0
TXN002934,2850.64,19,2,417,0,431.72,0,0
TXN002935,2633.44,17,3,1398,1,711.07,0,0
TXN002936,4782.27,20,5,518,0,268.99,0,0
TXN002937,599.45,0,6,576,1,78.49,0,0
TXN002938,871.71,23,3,832,0,93.69,1,0
TXN002939,212.83,7,3,64,0,366.74,0,0
TXN002940,740.65,2,2,1220,0,59.18,0,0
TXN002941,2970.75,0,2,830,0,27.54,0,0
TXN002942,687.8,19,4,1130,0,311.49,0,0
TXN002943,2080.74,15,3,1889,0,38.67,0,0
TXN002944,906.41,8,4,1430,0,428.11,0,0
TXN002945,1516.34,16,3,1481,0,163.0,0,0
TXN002946,348.04,15,4,1797,0,145.89,0,0
TXN002947,1194.17,22,4,336,0,269.1,0,0
TXN002948,55.08,5,1,1301,0,2.99,0,0
TXN002949,909.69,22,5,323,0,225.03,0,1
TXN002950,214.76,6,3,1607,0,164.26,0,0
TXN002951,3662.84,23,4,202,0,133.54,0,0
TXN002952,2386.08,15,5,1083,1,44.11,0,0
TXN002953,1748.78,7,2,1216,0,318.35,0,0
TXN002954,5019.1,9,6,1081,0,51.94,0,0
TXN002955,424.57,13,2,1478,0,121.12,0,0
TXN002956,6294.07,10,0,1415,0,30.97,0,0
TXN002957,2785.52,1,6,1226,0,654.94,0,0
TXN002958,865.62,11,4,333,0,38.94,0,0
TXN002959,3413.93,19,5,1876,0,292.62,0,0
TXN002960,362.75,19,5,933,0,54.95,0,0
TXN002961,480.82,12,1,695,0,53.24,0,0
TXN002962,596.7,14,4,904,0,98.58,0,1
TXN002963,646.14,11,2,1791,0,336.57,0,0
TXN002964,381.25,12,2,1690,1,209.4,0,0
TXN002965,3725.97,7,3,912,0,369.52,0,0
TXN002966,846.53,15,1,698,0,8.71,0,0
TXN002967,1560.1,2,0,852,0,560.99,0,0
TXN002968,619.96,12,5,1759,0,14.45,0,0
TXN002969,177.58,11,4,1379,0,229.82,0,0
TXN002970,1436.63,18,2,1357,0,41.79,0,0
TXN002971,162.02,1,4,1828,0,330.82,0,0
TXN002972,1023.89,0,2,1640,0,356.96,0,0
TXN002973,279.13,7,4,152,0,144.23,0,0
TXN002974,8000.63,8,3,1133,1,92.81,0,0
TXN002975,2728.11,7,2,1699,0,283.83,0,0
TXN002976,1218.96,20,0,450,0,372.91,0,0
TXN002977,3880.45,16,3,1446,0,241.27,0,0
TXN002978,470.45,8,5,1312,0,427.37,0,0
TXN002979,1888.39,5,1,1490,0,177.29,0,0
TXN002980,1339.18,14,3,1658,0,199.82,0,0
TXN002981,1427.99,22,3,146,0,152.7,0,0
TXN002982,3914.15,23,2,933,0,120.55,0,0
TXN002983,2281.28,12,2,197,0,191.49,0,0
TXN002984,1463.7,20,3,558,0,148.25,0,0
TXN002985,209.58,21,4,411,0,236.51,0,0
TXN002986,419.87,11,3,771,0,489.9,0,0
TXN002987,970.0,12,4,1417,1,84.04,0,0
TXN002988,1203.96,6,1,1868,1,95.33,0,0
TXN002989,354.18,22,0,1064,0,2.73,0,0
TXN002990,12230.36,17,1,1959,0,134.77,0,1
TXN002991,4996.01,13,0,1114,0,25.36,0,0
TXN002992,2002.43,10,3,1439,0,226.58,0,0
TXN002993,1178.55,13,2,274,0,272.21,0,0
TXN002994,886.95,16,2,1978,0,230.9,0,0
TXN002995,423.3,23,3,99,0,142.39,0,0
TXN002996,1184.98,20,3,1872,0,137.53,0,0
TXN002997,1419.06,1,1,1806,0,187.2,0,0
TXN002998,316.79,18,2,1382,0,145.62,0,0
TXN002999,1531.77,15,0,1437,0,249.74,0,0
TXN003000,938.93,21,2,1759,0,404.88,1,1
TXN003001,162.75,9,3,1889,0,138.27,0,1
TXN003002,463.87,21,6,854,0,21.05,0,0
TXN003003,725.16,7,0,198,0,25.28,0,0
TXN003004,7242.25,20,3,1285,0,84.87,1,0
TXN003005,1913.24,4,7,1147,0,123.44,0,1
TXN003006,288.45,6,3,673,0,45.89,0,0
TXN003007,1782.97,12,0,1950,0,108.51,0,0
TXN003008,233.39,15,4,488,0,26.26,0,0
TXN003009,3237.93,4,1,548,1,49.6,0,1
TXN003010,684.63,15,4,1647,0,238.34,0,0
TXN003011,998.61,14,2,165,0,762.92,0,0
TXN003012,4129.03,8,4,1915,0,37.09,0,0
TXN003013,302.73,21,1,620,0,74.55,0,0
TXN003014,271.21,22,2,1495,0,77.73,0,0
TXN003015,611.8,11,6,551,0,45.49,0,0
TXN003016,3097.59,7,2,1163,0,41.08,0,0
TXN003017,240.0,12,5,792,0,25.42,0,0
TXN003018,64.58,4,0,223,0,428.53,0,0
TXN003019,698.43,13,7,1671,0,188.65,0,0
TXN003020,1904.05,15,7,912,0,61.77,0,0
TXN003021,3641.9,10,4,748,0,53.74,0,0
TXN003022,690.1,19,2,1203,0,160.37,1,0
TXN003023,726.74,11,2,977,0,215.06,0,0
TXN003024,3476.92,14,3,1279,0,52.51,0,0
TXN003025,169.06,23,1,1998,1,76.76,1,0
TXN003026,743.58,11,0,352,0,61.8,0,0
TXN003027,1326.67,8,4,1313,0,16.52,0,0
TXN003028,1718.52,0,4,630,0,87.95,0,1
TXN003029,658.65,2,4,98,0,137.29,0,0
TXN003030,1135.06,11,4,1362,0,191.75,0,0
TXN003031,91.07,19,5,1973,0,97.04,1,0
TXN003032,567.79,12,2,1904,0,737.38,0,0
TXN003033,1725.91,22,5,1021,0,176.95,0,0
TXN003034,410.64,5,2,1436,0,391.81,0,0
TXN003035,1163.26,9,1,1961,0,445.82,0,0
TXN003036,1714.49,9,4,514,0,310.07,0,0
TXN003037,778.56,15,3,1236,0,56.64,0,0
TXN003038,1300.45,0,2,1612,0,101.59,0,0
TXN003039,418.75,15,1,1848,0,0.07,0,0
TXN003040,891.93,3,2,1711,0,108.07,0,0
TXN003041,2018.71,5,3,1014,0,62.6,0,0
TXN003042,1283.02,18,1,1872,0,21.36,0,0
TXN003043,610.01,1,6,1908,0,328.28,0,0
TXN003044,1372.26,17,6,473,0,201.45,0,0
TXN003045,2240.85,9,2,982,0,1263.07,0,0
TXN003046,141.18,3,5,1686,0,124.19,0,0
TXN003047,3494.95,0,3,608,0,72.28,0,0
TXN003048,783.48,14,2,1567,0,55.13,0,0
TXN003049,1678.22,9,5,424,0,102.88,0,0
TXN003050,3630.94,17,5,786,0,66.76,0,0
TXN003051,278.2,15,6,1154,0,843.13,0,0
TXN003052,539.45,12,0,1019,0,36.34,0,0
TXN003053,821.76,14,0,170,0,3.48,0,0
TXN003054,500.82,1,2,1221,0,25.07,0,0
TXN003055,6216.34,19,3,1443,0,399.83,0,0
TXN003056,465.55,3,5,553,0,213.1,0,0
TXN003057,629.2,0,2,516,0,275.82,0,0
TXN003058,1345.32,6,0,1608,0,69.54,0,0
TXN003059,329.59,22,5,101,0,175.45,0,0
TXN003060,738.28,10,4,1382,0,221.52,0,0
TXN003061,1506.36,9,2,1569,0,71.13,0,0
TXN003062,786.14,0,1,1218,1,232.07,0,0
TXN003063,998.86,10,5,705,0,178.8,0,0
TXN003064,645.91,23,3,61,0,63.24,0,0
TXN003065,241.18,9,4,214,0,9.77,0,0
TXN003066,1512.61,13,4,1193,0,48.89,0,0
TXN003067,6341.9,13,3,1967,0,173.95,0,0
TXN003068,1117.0,6,1,1340,0,164.5,0,0
TXN003069,1373.7,22,1,524,0,127.54,0,0
TXN003070,2192.34,10,4,709,1,52.14,0,0
TXN003071,308.18,21,2,1416,0,105.83,0,0
TXN003072,6018.03,3,3,971,0,28.0,0,0
TXN003073,1342.55,23,2,452,1,195.45,0,1
TXN003074,5607.48,1,4,604,0,366.08,0,0
TXN003075,526.88,6,2,1786,0,112.15,0,0
TXN003076,6755.16,18,5,269,0,43.11,0,0
TXN003077,2380.71,13,2,1364,0,316.73,0,0
TXN003078,1906.53,18,3,837,0,67.6,0,0
TXN003079,1385.79,6,2,1978,0,162.24,0,0
TXN003080,855.32,11,3,1272,0,14.12,0,0
TXN003081,3642.89,2,4,1448,0,227.81,1,0
TXN003082,1261.88,14,3,382,0,111.14,0,0
TXN003083,153.38,4,4,270,0,99.09,0,0
TXN003084,358.82,7,1,1860,0,491.55,0,0
TXN003085,910.65,13,3,1263,0,121.73,0,0
TXN003086,1495.18,3,2,713,0,3.04,0,1
TXN003087,1036.3,6,1,561,0,578.59,0,0
TXN003088,3710.68,6,2,1149,0,2.21,0,0
TXN003089,155.85,17,4,882,0,138.17,0,0
TXN003090,1265.96,13,4,386,0,180.72,0,0
TXN003091,178.04,7,1,56,0,404.8,0,0
TXN003092,2344.23,11,0,323,0,204.66,0,0
TXN003093,997.79,9,3,1015,0,300.01,0,0
TXN003094,1668.38,13,5,1396,0,264.48,0,0
TXN003095,462.26,8,4,383,0,43.24,0,0
TXN003096,3942.08,5,1,105,1,217.0,0,0
TXN003097,3107.97,4,3,1832,0,182.69,0,0
TXN003098,1965.58,0,6,1729,0,50.34,0,0
TXN003099,963.41,0,5,957,0,24.72,0,1
TXN003100,1958.35,19,4,1284,0,250.72,0,0
TXN003101,540.83,16,6,904,0,638.07,0,0
TXN003102,2580.03,10,2,1755,0,241.4,0,0
TXN003103,5707.18,11,4,1433,0,249.14,0,0
TXN003104,3199.05,2,5,1837,0,32.83,0,0
TXN003105,528.69,5,0,71,0,51.08,0,0
TXN003106,1574.07,10,2,444,0,158.64,0,0
TXN003107,300.92,12,5,262,0,5.75,0,0
TXN003108,1943.78,10,1,867,0,198.43,0,0
TXN003109,1720.9,7,3,1578,0,28.16,0,0
TXN003110,169.05,9,2,1601,0,96.01,0,0
TXN003111,343.17,1,4,104,0,69.47,0,1
TXN003112,826.22,23,10,1704,0,20.26,0,0
TXN003113,811.71,13,0,665,0,155.62,0,0
TXN003114,327.18,15,2,923,0,80.68,0,0
TXN003115,1618.05,16,6,1357,0,8.1,0,0
TXN003116,1410.18,10,4,1303,0,105.79,0,0
TXN003117,903.01,1,2,433,0,160.6,0,0
TXN003118,515.02,23,2,1722,0,25.15,0,0
TXN003119,3129.75,22,3,1584,0,158.3,0,0
TXN003120,5741.11,4,5,666,1,64.72,0,0
TXN003121,676.17,15,1,507,0,54.11,1,0
TXN003122,594.57,15,3,419,0,285.68,1,0
TXN003123,1792.22,1,3,853,0,113.51,0,0
TXN003124,766.6,15,1,1262,1,85.44,0,0
TXN003125,953.94,4,2,668,0,301.82,0,0
TXN003126,2297.68,7,4,1519,0,434.12,0,0
TXN003127,162.49,19,1,641,0,68.12,0,0
TXN003128,4098.2,13,2,1940,0,9.31,0,1
TXN003129,1179.3,9,1,793,1,140.06,0,1
TXN003130,726.69,22,2,1455,0,226.04,0,0
TXN003131,1003.02,1,2,1800,0,159.52,0,0
TXN003132,1056.2,2,3,1257,1,209.69,0,0
TXN003133,194.18,17,1,327,0,187.29,0,0
TXN003134,4889.95,20,3,601,0,562.22,0,0
TXN003135,1142.9,1,0,1309,0,361.67,0,1
TXN003136,1707.87,20,2,85,0,25.45,0,0
TXN003137,2839.97,8,3,288,0,108.46,0,0
TXN003138,394.98,1,2,524,1,109.18,0,0
TXN003139,1760.71,6,2,1519,0,109.7,0,0
TXN003140,839.12,6,3,1005,0,480.49,0,0
TXN003141,2557.46,13,3,1732,0,71.33,0,0
TXN003142,130.68,4,3,72,0,171.47,0,0
TXN003143,993.17,7,1,441,0,407.95,0,0
TXN003144,600.15,22,2,1991,0,9.33,0,0
TXN003145,1689.63,21,1,1190,0,379.49,0,0
TXN003146,1754.68,17,0,369,0,260.64,0,0
TXN003147,540.43,5,2,303,0,41.95,0,0
TXN003148,537.98,13,5,1398,0,70.88,0,0
TXN003149,981.75,17,5,791,0,66.94,0,0
TXN003150,447.36,16,2,1074,0,45.02,0,0
TXN003151,2545.25,8,5,1034,0,183.16,0,0
TXN003152,758.08,12,1,183,0,731.61,0,0
TXN003153,59.92,15,5,564,0,32.81,0,0
TXN003154,753.84,20,4,935,1,47.56,0,0
TXN003155,388.17,9,2,530,0,61.74,0,0
TXN003156,214.59,9,8,969,0,499.27,0,0
TXN003157,318.17,3,1,1834,0,176.94,0,1
TXN003158,1223.42,11,2,210,0,43.04,0,0
TXN003159,4140.79,7,3,1811,0,293.33,0,0
TXN003160,1499.95,14,3,1858,0,461.21,0,0
TXN003161,597.94,20,3,1749,0,92.98,0,0
TXN003162,1730.05,22,3,984,0,34.15,0,0
TXN003163,692.92,18,3,681,0,66.77,0,0
TXN003164,547.52,14,3,1560,0,44.06,0,0
TXN003165,345.72,7,2,513,0,40.49,0,0
TXN003166,190.22,7,3,32,1,33.71,0,0
TXN003167,742.54,18,7,1707,0,375.81,1,0
TXN003168,1284.41,8,4,704,0,16.16,0,0
TXN003169,995.63,23,2,1407,0,96.0,0,0
TXN003170,723.45,16,4,773,0,2.67,0,0
TXN003171,425.92,7,3,890,1,62.51,0,1
TXN003172,2014.74,11,3,187,0,220.93,0,0
TXN003173,293.79,14,1,612,0,40.81,0,0
TXN003174,2382.79,3,2,915,0,1200.32,0,0
TXN003175,402.54,5,0,1759,0,8.91,0,1
TXN003176,516.75,15,1,1967,0,26.41,0,0
TXN003177,252.96,4,3,1591,0,278.26,0,1
TXN003178,664.21,22,6,494,0,671.33,0,0
TXN003179,2908.27,12,2,203,0,554.29,0,0
TXN003180,1836.52,14,4,937,0,288.12,0,0
TXN003181,2917.32,16,2,1751,0,650.06,0,0
TXN003182,1848.52,21,5,527,0,330.76,0,0
TXN003183,363.7,19,2,854,0,10.76,0,0
TXN003184,787.77,21,6,1469,0,336.32,0,0
TXN003185,502.6,4,1,1678,0,119.02,0,0
TXN003186,4148.8,18,3,1018,0,109.83,0,0
TXN003187,331.36,6,4,269,0,0.46,0,0
TXN003188,2680.34,2,2,1885,0,174.29,0,0
TXN003189,2678.34,12,4,231,0,200.44,0,0
TXN003190,6833.69,13,0,769,1,281.53,0,0
TXN003191,728.01,15,1,351,0,71.0,0,0
TXN003192,2235.73,12,5,962,0,24.68,0,0
TXN003193,10739.16,1,3,683,0,104.32,1,0
TXN003194,591.32,13,5,167,0,80.98,0,0
TXN003195,236.27,19,5,1157,0,251.8,0,0
TXN003196,167.33,6,2,349,0,46.91,0,0
TXN003197,2236.6,4,2,966,1,26.77,0,0
TXN003198,166.81,13,3,1684,0,104.43,0,0
TXN003199,755.73,8,3,818,0,177.99,0,0
TXN003200,1698.18,9,2,1762,0,59.38,0,0
TXN003201,1319.72,6,2,806,0,21.87,0,0
TXN003202,1678.15,13,1,678,0,104.08,0,0
TXN003203,1369.62,13,0,431,1,588.05,0,0
TXN003204,3939.72,1,2,1173,0,615.75,0,0
TXN003205,423.13,16,0,98,0,222.0,0,0
TXN003206,557.24,19,6,91,0,270.23,0,0
TXN003207,506.41,3,2,1709,0,40.96,0,0
TXN003208,2515.41,12,3,1791,0,84.5,0,0
TXN003209,2698.36,17,3,150,0,167.08,0,0
TXN003210,1721.97,2,6,545,0,249.83,0,1
TXN003211,3581.34,18,0,1458,1,32.81,0,1
TXN003212,337.63,4,2,660,0,110.12,0,0
TXN003213,5809.35,0,2,1423,0,31.97,0,0
TXN003214,5030.32,8,0,1154,0,180.61,0,0
TXN003215,2288.43,23,3,1285,0,266.24,0,0
TXN003216,6514.59,7,3,1225,0,322.49,0,0
TXN003217,209.22,2,3,1771,0,237.26,0,1
TXN003218,649.08,1,2,1272,0,31.2,0,1
TXN003219,525.68,0,4,654,0,317.28,0,0
TXN003220,2256.29,11,3,361,0,73.28,0,0
TXN003221,383.7,21,1,1976,0,325.16,0,0
TXN003222,2339.04,12,2,1301,0,52.0,0,0
TXN003223,4317.95,9,3,1215,0,116.23,0,0
TXN003224,2197.78,16,4,1825,0,154.69,0,0
TXN003225,1456.44,10,1,1545,0,6.36,1,0
TXN003226,408.35,4,3,1360,0,421.24,0,0
TXN003227,470.2,8,4,1951,0,128.97,0,0
TXN003228,3826.17,12,1,775,0,38.38,0,0
TXN003229,2390.72,19,5,1031,0,31.56,0,0
TXN003230,1054.67,22,3,445,0,208.82,0,0
TXN003231,722.05,10,3,927,0,15.35,0,0
TXN003232,144.63,22,2,599,1,104.31,0,0
TXN003233,375.83,3,2,179,0,139.88,0,0
TXN003234,7416.18,20,3,48,0,47.78,0,0
TXN003235,304.77,10,1,1783,1,24.9,0,0
TXN003236,1325.41,8,4,49,0,121.45,0,0
TXN003237,3003.23,6,4,385,1,74.88,0,0
TXN003238,312.65,15,0,1967,0,27.2,0,0
TXN003239,1319.11,22,3,785,1,42.52,0,0
TXN003240,2801.51,22,5,1999,0,114.6,0,0
TXN003241,1110.43,4,6,1067,0,25.7,0,0
TXN003242,19310.48,5,4,817,0,495.13,0,0
TXN003243,206.73,18,1,330,0,268.86,0,0
TXN003244,3161.27,0,1,1909,1,70.9,0,0
TXN003245,922.6,15,1,1356,0,53.8,1,0
TXN003246,2373.02,17,4,1292,0,373.29,0,0
TXN003247,1704.98,23,1,854,0,100.21,0,0
TXN003248,526.81,12,3,60,0,357.43,0,0
TXN003249,1378.84,0,1,977,0,244.18,0,1
TXN003250,171.07,9,5,1153,0,17.4,0,0
TXN003251,2004.7,6,4,492,1,302.38,0,0
TXN003252,1477.58,4,7,1611,0,139.73,0,0
TXN003253,2076.96,12,2,932,0,203.75,0,0
TXN003254,3159.34,21,4,846,0,44.49,0,0
TXN003255,1583.86,15,4,436,0,0.05,0,0
TXN003256,1271.67,23,1,1018,0,73.08,0,0
TXN003257,454.38,19,2,582,0,38.07,0,0
TXN003258,537.96,21,4,929,0,102.84,0,0
TXN003259,3592.97,13,2,124,0,17.15,0,0
TXN003260,4611.62,10,2,623,0,405.76,0,0
TXN003261,864.27,18,2,1162,0,22.75,0,0
TXN003262,1148.26,22,3,188,0,260.05,0,0
TXN003263,443.81,1,1,76,0,504.4,0,0
TXN003264,3543.1,7,1,385,0,28.88,0,0
TXN003265,2133.28,12,1,1583,0,76.57,0,0
TXN003266,7640.49,6,3,231,0,236.39,0,0
TXN003267,455.63,11,2,1316,0,225.61,0,0
TXN003268,751.44,7,5,579,0,6.86,0,0
TXN003269,1382.22,15,4,1738,0,13.2,0,0
TXN003270,2093.28,17,6,1081,0,23.04,0,0
TXN003271,883.89,18,2,1071,0,151.09,0,0
TXN003272,458.08,3,4,1020,0,10.19,0,0
TXN003273,2647.6,11,5,1043,0,159.79,0,0
TXN003274,2255.52,15,4,1062,0,75.47,1,0
TXN003275,438.66,20,6,904,0,199.24,0,0
TXN003276,4253.27,21,5,1581,0,274.22,0,0
TXN003277,3534.05,16,3,1371,0,282.12,0,0
TXN003278,1254.25,3,4,1949,1,6.91,0,1
TXN003279,1187.49,19,3,69,0,529.41,0,0
TXN003280,1908.47,23,3,1526,0,159.02,0,0
TXN003281,463.26,23,2,642,0,406.89,0,0
TXN003282,1130.07,21,3,1147,0,171.88,0,0
TXN003283,127.44,23,3,1036,1,119.14,0,0
TXN003284,2634.52,8,3,87,0,235.5,0,0
TXN003285,230.1,4,4,991,0,44.59,0,1
TXN003286,4931.61,16,4,1762,1,19.61,0,1
TXN003287,788.3,16,2,647,0,17.07,0,0
TXN003288,887.43,1,2,379,0,340.45,0,1
TXN003289,585.38,1,3,1328,0,438.39,0,0
TXN003290,822.18,20,2,1771,0,303.16,0,0
TXN003291,4530.25,22,2,1592,0,422.63,0,0
TXN003292,91.12,6,0,315,0,753.28,0,0
TXN003293,3932.24,3,4,74,0,134.4,0,0
TXN003294,1537.67,12,1,1003,0,30.08,0,0
TXN003295,327.99,19,3,444,0,168.54,0,0
TXN003296,374.16,10,2,65,0,78.62,0,0
TXN003297,5862.86,2,3,964,0,76.56,0,0
TXN003298,426.02,1,3,1359,0,234.22,0,0
TXN003299,346.07,15,1,1915,0,17.1,0,0
TXN003300,3419.72,2,5,67,0,6.89,0,0
TXN003301,1538.48,23,3,268,0,213.9,0,0
TXN003302,429.26,14,4,936,0,54.38,0,0
TXN003303,1361.88,16,4,1902,0,87.65,0,0
TXN003304,393.17,15,2,1639,0,66.18,0,0
TXN003305,3297.18,19,3,813,0,171.74,0,0
TXN003306,3169.63,6,1,1744,0,30.21,0,0
TXN003307,1866.85,15,1,1512,0,229.51,0,0
TXN003308,1574.45,4,1,196,1,466.07,0,1
TXN003309,6381.69,1,4,1816,0,325.54,0,0
TXN003310,1096.29,0,3,1913,0,427.6,0,0
TXN003311,336.34,21,5,1266,0,497.83,0,0
TXN003312,1718.96,12,2,761,0,83.83,0,0
TXN003313,8831.21,15,7,1045,0,285.91,0,0
TXN003314,397.52,4,6,788,0,122.91,0,0
TXN003315,763.98,2,6,1716,0,56.59,0,0
TXN003316,1663.11,14,3,1419,0,247.3,0,0
TXN003317,1039.08,15,3,350,0,50.38,0,0
TXN003318,410.63,10,3,1358,0,20.9,0,0
TXN003319,3367.27,18,2,986,0,219.51,0,0
TXN003320,11159.44,17,5,1235,0,61.03,0,0
TXN003321,1334.26,20,2,1706,0,65.73,0,0
TXN003322,444.05,8,4,997,1,383.34,0,0
TXN003323,233.0,7,0,1136,0,26.22,0,0
TXN003324,1419.38,21,2,693,0,260.55,0,0
TXN003325,3307.27,18,8,133,0,87.86,0,0
TXN003326,1763.7,21,3,1230,0,402.3,0,0
TXN003327,1094.0,4,2,1688,0,104.48,0,0
TXN003328,608.34,16,2,1730,0,94.68,0,0
TXN003329,367.91,4,1,1782,0,101.14,0,0
TXN003330,2526.91,13,3,904,0,327.29,0,0
TXN003331,2734.69,6,2,311,0,1.9,0,0
TXN003332,233.75,8,2,1419,0,219.66,0,0
TXN003333,5376.75,16,3,1991,0,41.35,0,0
TXN003334,1947.05,2,5,509,0,384.86,0,0
TXN003335,4445.26,7,1,1289,0,84.87,0,0
TXN003336,286.54,21,3,1824,0,74.51,1,0
TXN003337,279.83,12,4,646,0,224.45,0,0
TXN003338,944.85,15,4,474,0,230.72,0,0
TXN003339,1813.08,20,5,1736,0,180.78,0,0
TXN003340,6610.14,9,5,1382,0,72.03,1,1
TXN003341,2221.81,17,0,1630,1,169.65,0,0
TXN003342,860.33,2,4,943,0,10.04,0,0
TXN003343,392.93,11,3,96,0,558.92,0,0
TXN003344,3751.84,15,2,1707,1,108.5,0,0
TXN003345,417.92,17,3,477,0,65.36,0,0
TXN003346,5588.51,16,4,317,0,354.9,0,0
TXN003347,825.19,6,5,1761,0,70.53,0,0
TXN003348,5380.74,18,5,1241,0,1056.36,0,0
TXN003349,2162.31,22,2,642,0,211.16,0,0
TXN003350,956.24,22,4,434,0,188.75,0,0
TXN003351,652.36,7,1,391,0,29.65,0,0
TXN003352,779.84,16,6,1208,0,169.43,0,0
TXN003353,1682.97,20,5,674,0,30.34,0,0
TXN003354,1184.6,6,4,608,0,275.52,1,0
TXN003355,605.58,0,1,753,0,26.81,0,0
TXN003356,929.24,7,2,710,0,80.0,0,0
TXN003357,1186.28,18,3,1161,0,116.58,0,0
TXN003358,130.49,19,5,31,0,294.43,0,0
TXN003359,1733.97,19,1,1096,0,180.31,0,0
TXN003360,411.69,9,0,1182,0,248.08,0,0
TXN003361,346.08,11,2,1972,0,50.34,0,0
TXN003362,202.89,23,2,205,0,48.75,0,0
TXN003363,182.38,0,4,1846,0,86.23,0,0
TXN003364,282.75,23,1,119,0,3.39,0,0
TXN003365,539.68,20,1,1942,0,319.7,0,0
TXN003366,7733.05,3,3,1888,0,83.16,0,0
TXN003367,648.15,3,5,1305,0,12.59,0,0
TXN003368,1309.96,8,2,1148,0,370.33,0,0
TXN003369,1636.77,14,1,1656,0,618.59,0,0
TXN003370,1250.21,23,3,746,0,187.22,0,0
TXN003371,1014.91,14,3,972,0,79.37,0,0
TXN003372,331.86,6,1,1534,0,96.12,0,0
TXN003373,4679.41,11,3,1398,0,53.27,0,0
TXN003374,6682.16,2,1,1428,0,223.61,0,0
TXN003375,203.84,19,4,1109,0,79.23,0,0
TXN003376,393.85,8,2,1112,0,5.94,0,0
TXN003377,828.97,13,1,1453,0,8.51,0,0
TXN003378,417.99,12,3,1996,0,171.7,0,0
TXN003379,1818.86,23,3,771,0,61.75,0,0
TXN003380,529.39,11,5,1143,0,33.23,0,0
TXN003381,9557.26,0,3,83,0,144.68,0,0
TXN003382,3606.7,18,2,792,0,58.74,0,0
TXN003383,1356.38,15,2,1612,0,13.71,0,0
TXN003384,3062.5,11,2,977,1,38.73,0,0
TXN003385,3313.96,9,1,687,0,270.84,0,0
TXN003386,623.94,1,1,238,0,343.91,0,0
TXN003387,484.82,17,4,1099,0,370.24,0,0
TXN003388,1185.76,12,6,147,0,137.76,0,0
TXN003389,2595.76,23,2,246,0,542.69,0,0
TXN003390,1260.24,5,2,663,0,29.61,0,0
TXN003391,226.56,11,3,1207,1,204.18,0,0
TXN003392,491.36,21,2,1565,0,219.29,0,0
TXN003393,1018.44,3,4,1583,0,9.84,0,0
TXN003394,1016.72,0,2,1358,0,59.74,0,0
TXN003395,7883.62,10,1,1246,0,535.84,0,0
TXN003396,274.24,22,1,907,0,256.15,0,0
TXN003397,1818.18,7,3,1956,0,10.12,0,0
TXN003398,4861.55,1,2,1211,0,140.09,0,1
TXN003399,10630.15,1,4,1662,0,188.26,0,1
TXN003400,731.87,15,3,182,0,650.7,0,0
TXN003401,1792.61,0,4,822,0,226.86,0,0
TXN003402,1938.68,3,3,952,0,183.23,0,0
TXN003403,1333.39,5,2,64,1,430.51,0,0
TXN003404,993.42,20,3,136,0,194.68,0,0
TXN003405,1695.91,19,2,1391,0,484.21,0,0
TXN003406,87.16,13,2,918,0,122.18,0,0
TXN003407,2169.1,19,4,1467,0,228.21,0,0
TXN003408,1244.11,14,1,299,0,179.82,0,0
TXN003409,877.89,6,2,1728,0,144.74,0,0
TXN003410,8491.85,6,4,1599,0,70.51,0,0
TXN003411,558.39,17,2,940,0,421.4,0,0
TXN003412,732.84,22,0,1572,0,56.66,0,0
TXN003413,8034.93,1,3,938,0,31.25,0,0
TXN003414,477.2,19,3,769,0,224.09,1,0
TXN003415,632.63,14,1,453,1,142.36,0,0
TXN003416,946.69,0,7,217,0,54.9,0,0
TXN003417,2542.07,20,6,530,0,367.67,0,0
TXN003418,1349.92,16,6,831,0,60.69,0,1
TXN003419,301.08,19,4,298,0,11.86,0,0
TXN003420,644.09,12,6,289,0,2.79,0,0
TXN003421,597.44,11,5,1962,0,461.17,0,0
TXN003422,1015.14,23,3,1101,0,92.6,0,0
TXN003423,1678.82,21,1,137,0,43.23,0,0
TXN003424,1666.04,14,5,1194,0,150.71,0,0
TXN003425,185.67,23,4,756,0,120.46,0,0
TXN003426,3177.79,4,1,1402,0,1576.27,0,0
TXN003427,1411.73,6,4,1598,0,394.88,0,0
TXN003428,4378.81,7,1,564,0,56.92,0,0
TXN003429,1709.91,22,3,608,0,215.35,0,0
TXN003430,3298.83,13,5,701,0,88.14,1,0
TXN003431,1748.56,3,2,1492,0,81.58,0,0
TXN003432,4214.25,20,7,544,0,82.34,0,0
TXN003433,1848.72,13,5,937,0,183.53,0,0
TXN003434,994.35,9,2,153,0,138.99,0,0
TXN003435,10640.63,21,2,1365,0,253.21,0,0
TXN003436,2667.87,15,6,1249,0,29.89,0,1
TXN003437,1946.41,10,1,574,0,99.74,0,0
TXN003438,306.03,21,1,1085,0,354.32,0,0
TXN003439,302.38,13,2,686,0,0.57,0,1
TXN003440,1469.56,13,2,1638,1,175.83,0,0
TXN003441,1268.41,1,2,1826,0,277.3,0,1
TXN003442,593.41,21,1,538,0,87.17,0,0
TXN003443,1262.67,12,2,306,0,387.15,0,0
TXN003444,5370.23,2,2,1312,0,239.52,0,0
TXN003445,2198.22,17,2,1938,0,167.67,0,1
TXN003446,350.37,21,8,1284,0,39.79,0,0
TXN003447,980.92,3,2,1248,0,199.62,0,0
TXN003448,490.31,20,4,322,1,322.99,0,0
TXN003449,744.19,20,3,265,0,235.62,0,0
TXN003450,725.15,18,6,1856,1,153.96,0,0
TXN003451,680.18,15,2,574,0,225.68,0,0
TXN003452,312.58,3,1,1235,0,678.14,0,0
TXN003453,965.21,18,2,1824,0,1.96,0,0
TXN003454,626.03,22,3,1741,0,196.28,0,0
TXN003455,58.59,14,5,687,0,283.5,0,0
TXN003456,8543.89,0,3,672,0,183.34,0,0
TXN003457,3257.68,15,5,1658,0,57.41,0,0
TXN003458,752.72,14,1,1922,0,311.44,0,0
TXN003459,1117.47,15,4,674,0,440.15,0,0
TXN003460,339.8,21,2,1062,0,207.08,0,0
TXN003461,5977.29,19,3,1257,0,128.78,0,0
TXN003462,7312.12,0,3,1581,0,82.12,0,0
TXN003463,1282.66,16,2,888,0,72.1,0,0
TXN003464,3051.93,4,3,614,0,231.22,0,0
TXN003465,1306.73,4,3,719,0,168.17,0,0
TXN003466,288.09,6,3,1299,0,30.71,0,0
TXN003467,726.46,12,8,1562,0,27.38,0,0
TXN003468,1251.29,11,6,214,0,13.28,0,0
TXN003469,696.07,3,1,1622,0,207.08,0,0
TXN003470,881.25,3,3,1416,0,67.93,0,0
TXN003471,1000.85,22,3,115,0,3.68,0,0
TXN003472,1011.43,20,2,1070,0,74.16,0,0
TXN003473,1155.47,20,2,862,0,321.21,0,0
TXN003474,379.71,5,2,854,0,51.22,0,0
TXN003475,535.38,23,8,732,0,180.7,0,0
TXN003476,303.51,14,3,224,0,104.26,0,0
TXN003477,2915.56,20,2,34,0,143.29,0,0
TXN003478,133.53,18,5,435,0,163.04,0,0
TXN003479,3475.84,5,3,926,0,109.19,0,0
TXN003480,4386.77,11,3,204,0,10.73,1,0
TXN003481,810.64,13,3,1998,0,150.95,0,0
TXN003482,81.2,17,1,1185,0,91.21,0,0
TXN003483,764.09,11,2,1971,0,40.14,0,0
TXN003484,1028.46,23,2,629,0,408.29,0,0
TXN003485,399.18,23,6,724,0,239.77,0,0
TXN003486,655.1,14,3,1853,0,60.15,0,0
TXN003487,5065.43,18,1,139,0,139.37,0,0
TXN003488,2132.24,7,2,1631,0,593.98,0,0
TXN003489,435.04,8,2,641,0,50.7,0,0
TXN003490,221.94,4,2,1506,1,530.05,0,0
TXN003491,790.75,4,2,868,0,207.0,0,0
TXN003492,885.85,5,6,257,0,140.1,0,0
TXN003493,1801.18,22,3,773,0,735.63,0,0
TXN003494,642.06,2,3,776,0,73.09,0,0
TXN003495,1828.95,4,5,1829,0,58.69,0,1
TXN003496,7594.31,0,2,1601,0,74.68,0,0
TXN003497,2478.73,10,2,520,0,250.15,0,0
TXN003498,1045.15,20,1,1321,0,73.98,1,0
TXN003499,913.1,19,4,697,0,19.52,0,0
TXN003500,767.64,0,2,543,1,186.07,0,1
TXN003501,3571.14,6,2,908,0,45.41,0,0
TXN003502,585.63,14,2,1643,0,0.75,0,0
TXN003503,1147.36,16,1,688,0,39.98,0,0
TXN003504,1154.24,7,5,1394,0,307.81,0,0
TXN003505,663.96,1,5,334,1,507.16,0,0
TXN003506,277.98,12,1,397,0,195.22,1,0
TXN003507,1514.7,11,0,1858,0,66.92,0,0
TXN003508,1031.73,4,1,1745,0,103.24,0,0
TXN003509,1808.48,12,0,1522,0,38.94,0,0
TXN003510,643.16,5,1,1017,0,382.82,1,1
TXN003511,3717.55,14,2,601,0,197.17,0,0
TXN003512,456.33,22,3,1278,0,15.87,0,0
TXN003513,6075.63,21,2,839,0,82.29,0,1
TXN003514,191.02,20,3,804,0,139.0,0,0
TXN003515,1693.87,21,3,839,1,287.31,0,0
TXN003516,1764.16,10,2,214,0,455.77,0,0
TXN003517,494.94,3,3,813,0,25.62,0,0
TXN003518,1676.38,0,4,1026,0,323.84,0,0
TXN003519,3942.3,14,4,1680,0,12.25,0,0
TXN003520,119.48,11,1,1462,0,49.51,0,0
TXN003521,1813.01,8,3,1475,0,3.82,0,1
TXN003522,90.62,10,5,329,0,11.87,0,0
TXN003523,417.52,4,9,1603,0,5.93,0,1
TXN003524,5592.41,23,3,1309,0,28.41,0,0
TXN003525,612.91,6,4,263,0,376.51,0,0
TXN003526,339.04,7,4,842,1,60.09,0,0
TXN003527,899.7,0,4,272,0,117.61,0,0
TXN003528,8672.45,0,1,699,0,120.19,0,0
TXN003529,175.62,2,2,1518,0,963.42,0,0
TXN003530,383.25,7,1,1965,0,81.65,0,0
TXN003531,4902.16,10,5,1441,0,55.44,0,0
TXN003532,7028.32,0,3,379,0,594.63,0,0
TXN003533,988.88,13,1,1265,0,161.6,0,0
TXN003534,317.65,0,3,320,0,61.52,0,0
TXN003535,8918.15,5,3,602,0,61.01,0,0
TXN003536,5401.56,20,4,1563,0,16.26,0,0
TXN003537,2162.34,5,4,1560,0,146.5,1,0
TXN003538,486.68,2,2,1698,0,231.52,0,0
TXN003539,1044.16,9,0,1674,0,115.89,0,0
TXN003540,934.15,11,5,1387,0,388.43,0,0
TXN003541,1526.68,9,2,925,0,119.08,0,0
TXN003542,4679.76,21,0,1478,0,76.54,0,0
TXN003543,2642.33,1,3,838,0,51.97,0,0
TXN003544,373.39,23,0,1925,0,50.18,0,0
TXN003545,4343.76,21,2,1849,0,68.5,0,0
TXN003546,1499.87,12,4,167,0,868.53,0,0
TXN003547,2179.97,15,2,147,0,80.56,0,0
TXN003548,4753.05,12,7,666,0,133.85,0,0
TXN003549,360.83,3,0,1233,0,57.8,0,0
TXN003550,1058.04,3,1,251,0,27.89,0,0
TXN003551,644.55,10,2,1423,1,186.84,0,0
TXN003552,228.64,22,1,189,0,141.83,0,0
TXN003553,1551.09,13,1,1257,0,12.64,0,0
TXN003554,13515.01,2,3,586,0,385.88,0,0
TXN003555,174.15,18,2,557,0,127.56,0,0
TXN003556,1061.8,21,3,631,0,73.52,1,0
TXN003557,2080.87,0,1,832,1,272.02,0,0
TXN003558,1240.26,4,3,646,0,21.4,0,1
TXN003559,979.33,16,2,1710,0,115.57,0,0
TXN003560,299.1,0,3,1165,0,143.24,0,0
TXN003561,1384.07,18,2,244,0,268.6,1,0
TXN003562,514.52,18,7,455,0,83.24,0,0
TXN003563,122.74,3,4,1971,0,347.54,0,0
TXN003564,3621.31,18,7,719,0,215.32,0,0
TXN003565,2859.45,5,2,1586,1,265.39,0,1
TXN003566,1154.78,14,1,767,1,625.73,0,0
TXN003567,1378.95,3,4,1099,0,335.29,0,0
TXN003568,3210.94,23,2,1110,0,76.65,0,0
TXN003569,1372.43,0,5,802,0,186.83,0,0
TXN003570,2708.14,23,2,1539,0,365.33,0,0
TXN003571,814.45,16,2,1617,0,134.05,1,1
TXN003572,4072.38,10,1,1468,0,206.68,0,0
TXN003573,1511.39,16,1,1982,0,34.03,0,0
TXN003574,1331.49,22,5,1484,0,304.62,0,0
TXN003575,307.95,0,2,1184,0,254.99,0,0
TXN003576,1461.12,8,3,1618,0,395.51,0,0
TXN003577,477.25,13,2,624,0,222.91,0,0
TXN003578,579.24,14,4,1071,0,377.06,1,0
TXN003579,485.23,23,3,441,0,31.86,0,0
TXN003580,377.57,0,5,172,0,302.42,0,0
TXN003581,9179.9,1,2,1359,0,550.24,0,0
TXN003582,4151.97,17,2,446,0,304.23,0,0
TXN003583,7482.84,17,4,1593,0,171.92,0,0
TXN003584,322.82,5,3,843,0,469.88,1,1
TXN003585,1177.62,19,2,1166,0,17.87,0,0
TXN003586,300.81,7,3,657,0,3.06,0,0
TXN003587,546.92,0,2,869,0,605.09,0,0
TXN003588,437.85,14,7,1429,0,206.8,0,0
TXN003589,3787.96,9,2,1541,1,21.82,0,0
TXN003590,737.87,3,5,1816,0,74.8,0,1
TXN003591,3191.92,9,2,1678,0,248.67,0,0
TXN003592,2006.45,10,2,1147,0,249.81,0,0
TXN003593,10977.89,4,5,1054,0,33.54,0,0
TXN003594,249.77,8,3,484,0,114.33,0,0
TXN003595,3863.13,4,5,1748,1,296.4,0,1
TXN003596,3451.07,10,2,1879,0,612.92,0,0
TXN003597,414.31,2,3,1515,0,175.38,0,0
TXN003598,3002.3,3,0,1202,0,182.97,0,0
TXN003599,1534.78,9,3,1621,0,114.06,0,0
TXN003600,873.51,6,3,1635,0,139.41,0,0
TXN003601,481.09,0,4,1710,0,18.75,0,0
TXN003602,534.26,5,2,107,0,77.43,0,0
TXN003603,8516.94,7,2,676,0,127.41,0,0
TXN003604,1097.38,16,3,1132,0,57.88,0,0
TXN003605,2397.38,23,7,869,0,80.28,0,0
TXN003606,497.25,6,3,985,0,638.51,1,0
TXN003607,502.78,0,0,277,0,0.94,0,0
TXN003608,3235.65,8,4,1741,0,64.88,0,0
TXN003609,284.41,10,3,1063,0,157.85,0,0
TXN003610,724.0,18,5,1274,0,58.87,0,0
TXN003611,1134.59,1,6,1180,0,203.12,0,0
TXN003612,1225.83,22,3,70,0,64.02,0,0
TXN003613,916.82,10,3,1968,0,183.0,1,0
TXN003614,1629.16,2,3,1755,0,341.32,0,0
TXN003615,2192.63,16,4,991,0,193.47,0,0
TXN003616,2286.18,9,1,933,0,9.21,0,0
TXN003617,409.2,2,4,443,0,285.44,0,0
TXN003618,825.38,21,4,1672,0,43.07,0,0
TXN003619,3621.93,2,5,705,0,181.31,0,0
TXN003620,2682.88,20,2,1231,0,187.3,0,0
TXN003621,277.87,6,2,111,0,293.09,0,0
TXN003622,1558.5,1,2,1439,0,126.88,0,0
TXN003623,151.68,0,4,1570,1,84.88,0,0
TXN003624,1149.33,6,1,1739,0,131.38,0,0
TXN003625,7315.62,19,4,362,0,142.04,0,1
TXN003626,425.01,10,0,325,0,310.21,0,0
TXN003627,476.12,22,7,470,0,41.31,0,0
TXN003628,2354.37,5,2,808,0,337.72,0,0
TXN003629,234.44,22,6,1683,0,81.94,0,0
TXN003630,582.45,3,0,741,0,245.17,1,0
TXN003631,1991.1,18,2,524,0,73.63,0,1
TXN003632,581.56,20,5,1987,0,222.13,1,0
TXN003633,866.13,18,3,558,0,288.96,0,0
TXN003634,2308.11,13,2,1640,0,146.99,0,0
TXN003635,1671.62,2,3,1174,0,173.95,0,0
TXN003636,1431.99,3,2,1847,0,221.43,0,0
TXN003637,781.24,7,4,1604,0,209.9,0,0
TXN003638,1587.73,17,2,895,0,233.97,0,0
TXN003639,969.0,3,3,224,0,341.09,0,0
TXN003640,1733.34,10,2,527,0,44.84,0,0
TXN003641,667.19,15,2,182,0,43.51,0,0
TXN003642,913.63,2,6,373,0,635.32,0,0
TXN003643,407.5,6,4,1810,0,343.07,0,0
TXN003644,1058.91,1,1,145,0,161.24,0,0
TXN003645,487.36,0,5,1012,0,1.48,0,0
TXN003646,359.95,0,2,1979,0,347.28,0,1
TXN003647,1420.35,5,1,971,1,250.69,0,0
TXN003648,1356.6,18,1,1094,1,563.79,0,0
TXN003649,2399.16,6,1,133,0,2.38,0,1
TXN003650,712.57,23,0,277,0,5.21,0,1
TXN003651,1649.21,4,3,1016,1,131.16,0,0
TXN003652,1902.26,20,4,975,0,348.89,0,0
TXN003653,1710.9,17,4,393,0,854.34,0,0
TXN003654,480.27,23,8,713,0,69.43,0,0
TXN003655,1273.3,12,2,1319,0,6.67,0,0
TXN003656,1578.36,0,1,1894,0,39.16,1,0
TXN003657,1104.53,9,4,1439,0,377.22,0,0
TXN003658,136.12,8,3,917,0,113.08,0,0
TXN003659,1287.54,16,5,1202,0,345.49,0,0
TXN003660,10021.93,0,2,1256,0,105.63,0,1
TXN003661,765.06,0,4,1427,1,9.88,0,0
TXN003662,529.49,6,1,1078,0,173.02,0,0
TXN003663,1592.96,3,6,994,1,102.98,0,0
TXN003664,1498.74,22,4,1843,0,121.68,0,0
TXN003665,3614.6,20,5,1506,0,535.56,0,0
TXN003666,311.73,11,3,486,0,109.94,0,0
TXN003667,2278.75,15,2,40,0,286.6,0,0
TXN003668,1979.15,13,2,1993,0,10.93,0,0
TXN003669,951.32,22,1,1314,0,117.37,0,0
TXN003670,1538.69,9,4,547,0,159.04,0,0
TXN003671,3070.08,13,3,254,0,21.63,0,0
TXN003672,2623.63,6,2,1325,1,64.78,0,0
TXN003673,349.67,3,2,789,0,242.19,0,0
TXN003674,2490.3,1,1,75,0,36.58,0,0
TXN003675,1027.94,23,1,437,0,24.75,0,0
TXN003676,1179.53,17,1,43,0,64.02,0,0
TXN003677,1179.91,15,5,565,0,352.57,0,0
TXN003678,943.65,8,1,394,0,259.1,0,0
TXN003679,3610.88,4,3,283,0,269.94,0,0
TXN003680,1008.56,8,1,873,0,70.07,0,0
TXN003681,357.97,7,2,1460,0,18.75,0,0
TXN003682,739.87,23,1,964,0,5.85,0,0
TXN003683,1311.2,19,2,1827,0,158.83,0,0
TXN003684,3748.89,15,4,1812,0,218.09,0,0
TXN003685,2004.39,19,2,518,1,85.44,0,0
TXN003686,468.47,17,2,1842,0,135.47,0,0
TXN003687,13163.33,3,2,1165,0,58.88,0,0
TXN003688,1429.06,15,0,230,0,81.55,0,0
TXN003689,3926.06,3,3,1355,0,235.56,0,0
TXN003690,942.26,5,1,134,0,227.99,0,0
TXN003691,1869.37,2,5,257,0,5.13,0,0
TXN003692,2538.86,17,2,1478,1,519.58,0,0
TXN003693,3707.8,14,3,517,0,56.4,0,0
TXN003694,3156.97,7,2,1752,0,428.67,0,0
TXN003695,2623.32,17,0,482,0,129.1,0,0
TXN003696,800.24,23,3,909,1,124.47,0,1
TXN003697,619.09,22,3,1735,0,107.81,0,0
TXN003698,1529.36,2,3,1240,0,460.18,0,0
TXN003699,2788.13,5,3,1984,0,42.0,0,0
TXN003700,877.68,21,4,582,0,170.25,0,0
TXN003701,3181.7,20,0,1376,0,68.83,0,0
TXN003702,4687.32,23,4,1392,0,444.22,0,0
TXN003703,438.64,14,6,112,0,33.4,0,0
TXN003704,474.89,11,3,862,1,202.97,0,0
TXN003705,953.01,4,2,371,0,98.6,0,0
TXN003706,1491.61,6,1,176,0,194.83,0,0
TXN003707,649.0,21,3,1015,0,30.87,0,0
TXN003708,4239.51,14,7,364,0,90.06,1,1
TXN003709,1675.84,6,4,1712,0,20.42,0,0
TXN003710,1140.76,12,2,822,0,623.99,0,0
TXN003711,260.89,2,3,708,0,43.34,0,0
TXN003712,294.18,22,1,1821,0,899.04,0,0
TXN003713,1452.45,12,3,252,0,97.59,0,0
TXN003714,129.98,2,4,635,0,13.36,0,0
TXN003715,3018.87,1,3,1429,0,3.19,0,0
TXN003716,936.22,22,2,1726,0,164.46,0,0
TXN003717,28087.87,3,3,277,0,171.69,0,0
TXN003718,11024.95,16,2,493,0,133.92,0,1
TXN003719,914.66,5,5,453,0,12.37,0,0
TXN003720,986.01,10,5,1321,0,72.49,0,0
TXN003721,2967.82,5,3,889,0,80.07,0,0
TXN003722,6021.99,21,2,1723,0,219.63,0,0
TXN003723,213.14,1,5,1635,0,97.7,0,0
TXN003724,183.76,16,3,711,1,153.16,0,1
TXN003725,588.73,2,3,427,0,60.72,0,0
TXN003726,1964.0,11,2,290,0,233.02,0,0
TXN003727,1802.4,13,2,1473,0,8.62,0,0
TXN003728,3196.37,1,1,1496,0,803.84,0,0
TXN003729,330.4,21,3,470,0,184.65,0,0
TXN003730,108.19,21,3,1780,0,29.01,0,0
TXN003731,2586.38,4,2,1881,0,227.53,0,0
TXN003732,479.05,9,3,1533,0,277.99,0,0
TXN003733,145.69,9,3,1020,1,279.72,0,1
TXN003734,1267.83,20,4,619,0,56.83,0,0
TXN003735,2424.0,8,2,1021,0,573.37,0,0
TXN003736,970.63,20,6,1500,0,3.22,0,0
TXN003737,693.78,12,3,974,0,86.0,0,0
TXN003738,935.09,9,2,1758,0,19.81,1,0
TXN003739,757.04,5,2,910,0,87.46,0,0
TXN003740,284.85,10,2,337,0,10.61,0,0
TXN003741,536.64,3,3,678,0,186.4,0,0
TXN003742,1846.93,13,1,173,1,11.61,0,1
TXN003743,1512.74,16,2,1600,0,172.21,0,0
TXN003744,1297.33,19,3,359,0,48.0,0,0
TXN003745,405.39,1,5,1934,0,35.53,0,0
TXN003746,914.61,9,1,813,0,76.71,0,0
TXN003747,124.33,2,4,1019,0,184.38,0,0
TXN003748,1310.91,6,6,1214,0,155.38,0,0
TXN003749,4577.27,6,0,336,0,205.36,0,0
TXN003750,251.1,0,3,1370,0,452.35,0,0
TXN003751,610.37,7,3,620,0,40.91,0,0
TXN003752,1524.02,22,0,856,0,96.0,1,0
TXN003753,3838.52,0,4,1180,0,55.62,0,0
TXN003754,700.49,7,4,1924,1,158.89,0,1
TXN003755,548.81,13,2,485,0,59.98,0,0
TXN003756,153.1,13,2,33,0,146.97,0,0
TXN003757,1216.14,1,5,1545,0,311.86,0,0
TXN003758,8451.3,7,1,1439,0,144.11,0,0
TXN003759,1447.16,18,5,1892,0,327.77,0,0
TXN003760,1072.47,9,1,534,0,170.11,0,0
TXN003761,1513.35,6,4,215,0,367.66,0,0
TXN003762,1084.54,12,3,899,0,479.74,0,0
TXN003763,486.38,21,4,1115,0,127.6,0,0
TXN003764,2498.09,20,4,1919,0,281.47,0,0
TXN003765,1374.38,14,0,1334,0,113.88,0,0
TXN003766,1116.12,10,0,1892,0,219.86,0,0
TXN003767,413.49,13,2,1334,0,6.88,0,1
TXN003768,4038.01,10,5,1688,0,613.55,0,0
TXN003769,2131.76,1,2,1887,0,404.54,0,0
TXN003770,630.86,1,2,1847,0,402.77,0,1
TXN003771,2986.4,11,2,769,0,59.44,0,0
TXN003772,666.76,14,2,1037,0,59.92,0,0
TXN003773,501.7,16,4,899,0,92.73,0,0
TXN003774,513.01,13,5,391,0,381.93,0,0
TXN003775,186.59,15,4,212,0,352.16,0,0
TXN003776,1757.32,7,2,1035,0,61.51,0,0
TXN003777,175.71,23,4,160,1,140.47,0,0
TXN003778,321.04,16,3,1995,0,116.04,0,0
TXN003779,137.61,4,1,1722,0,189.32,0,0
TXN003780,1006.19,11,5,215,1,43.32,0,0
TXN003781,943.58,5,2,1448,0,16.0,0,0
TXN003782,791.0,17,4,1800,0,4.97,0,0
TXN003783,386.61,4,2,1714,0,86.46,0,0
TXN003784,339.6,5,1,1096,0,527.43,0,0
TXN003785,1744.76,8,3,1057,0,207.83,0,0
TXN003786,632.35,14,1,1378,0,248.91,0,0
TXN003787,1504.71,9,0,1251,1,522.61,0,0
TXN003788,452.48,16,0,819,0,98.69,0,0
TXN003789,1314.3,18,3,907,0,115.77,0,0
TXN003790,4037.08,11,5,1412,0,80.2,0,0
TXN003791,1970.74,8,2,1059,0,36.02,0,0
TXN003792,726.03,14,4,1715,0,261.74,0,0
TXN003793,1418.28,13,2,813,0,426.92,0,0
TXN003794,862.07,0,4,193,0,302.64,0,0
TXN003795,1105.31,16,2,719,0,8.8,0,0
TXN003796,791.86,0,3,1623,0,63.98,0,0
TXN003797,930.45,22,7,740,0,161.41,0,0
TXN003798,1355.73,20,5,628,0,71.33,0,0
TXN003799,406.12,21,3,1432,0,29.28,0,0
TXN003800,397.07,12,0,1232,0,139.14,0,0
TXN003801,273.54,7,1,1643,0,132.67,0,0
TXN003802,221.35,12,3,1100,0,222.75,0,0
TXN003803,324.64,15,3,1490,0,1606.8,0,0
TXN003804,1286.22,1,1,1699,0,188.06,0,0
TXN003805,449.09,12,3,1031,0,68.6,1,1
TXN003806,1832.83,17,1,694,0,563.81,0,0
TXN003807,1135.37,2,2,1440,0,152.46,0,0
TXN003808,153.16,12,2,1834,0,186.79,1,0
TXN003809,2111.12,18,3,1680,0,79.65,0,0
TXN003810,2467.1,12,4,82,0,108.21,0,0
TXN003811,405.91,18,6,1807,0,97.63,1,0
TXN003812,1669.35,3,2,864,0,495.4,0,0
TXN003813,465.68,18,3,1340,0,298.54,0,0
TXN003814,1209.15,17,1,1436,0,17.12,0,0
TXN003815,309.67,5,4,608,0,67.8,0,0
TXN003816,182.53,18,6,1390,0,10.31,1,0
TXN003817,747.84,3,2,1236,0,130.9,1,0
TXN003818,969.01,3,2,260,0,58.99,0,1
TXN003819,736.8,23,2,1503,0,13.72,0,0
TXN003820,335.62,6,2,418,0,266.12,0,0
TXN003821,735.17,6,5,422,0,17.2,0,0
TXN003822,1435.54,22,3,1338,0,57.03,0,0
TXN003823,1048.49,15,4,1216,0,265.83,0,0
TXN003824,1316.2,15,5,1157,0,128.98,0,0
TXN003825,561.09,4,6,1216,0,305.8,0,0
TXN003826,3539.42,14,5,335,0,96.35,0,0
TXN003827,338.26,22,1,1851,0,303.6,0,0
TXN003828,1785.69,3,5,1324,0,139.06,0,0
TXN003829,3575.61,23,2,1594,0,16.57,0,0
TXN003830,1773.85,12,2,438,1,114.79,0,0
TXN003831,895.58,18,2,1128,0,145.15,0,0
TXN003832,646.58,6,3,1538,0,170.46,0,1
TXN003833,3090.5,11,4,1366,0,473.3,0,0
TXN003834,264.28,8,2,141,0,36.5,0,0
TXN003835,415.66,16,3,1301,0,167.67,0,0
TXN003836,736.89,1,2,1872,0,251.0,0,0
TXN003837,3780.66,15,5,865,0,397.24,0,0
TXN003838,1603.22,6,2,921,0,134.12,0,0
TXN003839,416.53,17,7,787,0,43.33,0,0
TXN003840,804.07,6,2,520,0,306.36,0,0
TXN003841,593.29,0,5,1623,0,423.79,0,0
TXN003842,539.27,2,4,1705,0,20.24,0,0
TXN003843,2918.69,20,5,509,0,46.98,0,0
TXN003844,278.18,10,2,354,0,369.28,0,0
TXN003845,5479.56,21,7,1415,0,119.24,0,0
TXN003846,2510.48,14,6,1808,0,33.34,0,0
TXN003847,3264.5,2,3,514,0,186.56,0,0
TXN003848,690.25,23,4,450,0,110.34,0,0
TXN003849,943.94,12,6,1462,0,619.34,0,0
TXN003850,261.61,3,3,1889,0,45.35,0,0
TXN003851,648.94,22,3,1461,0,80.94,0,0
TXN003852,1796.61,21,4,833,0,32.71,0,0
TXN003853,4008.06,7,3,791,0,9.18,0,0
TXN003854,362.43,21,7,159,0,57.61,0,0
TXN003855,760.89,3,4,1856,0,308.49,0,0
TXN003856,942.66,17,6,1178,1,55.97,1,0
TXN003857,271.57,6,4,1921,0,214.53,0,0
TXN003858,1980.98,10,5,1829,0,134.39,0,0
TXN003859,531.66,3,7,1766,0,132.01,0,0
TXN003860,902.0,12,3,313,0,273.81,0,0
TXN003861,697.88,8,2,217,0,173.11,0,0
TXN003862,498.03,8,3,467,0,31.35,0,0
TXN003863,1088.93,22,3,1947,0,44.9,1,0
TXN003864,883.94,20,3,901,0,141.26,0,0
TXN003865,756.08,18,4,73,0,335.95,0,0
TXN003866,529.29,2,2,1575,0,29.75,0,0
TXN003867,1509.49,11,2,1058,1,20.35,0,1
TXN003868,5730.84,10,0,898,0,131.19,0,0
TXN003869,1261.29,19,2,405,1,37.63,0,0
TXN003870,2969.41,10,5,204,0,928.09,0,0
TXN003871,273.08,16,3,1212,0,0.79,0,0
TXN003872,1284.03,20,3,1297,0,107.24,0,0
TXN003873,366.0,13,2,58,0,31.93,0,0
TXN003874,250.4,15,3,416,0,205.71,1,1
TXN003875,523.55,23,2,1207,0,179.03,0,0
TXN003876,3611.58,9,5,636,1,296.17,0,0
TXN003877,2835.62,3,2,31,0,149.17,1,0
TXN003878,1398.29,9,4,364,0,37.79,0,0
TXN003879,236.82,19,2,490,0,9.86,0,0
TXN003880,901.19,11,1,1657,0,230.52,0,0
TXN003881,1482.82,8,2,85,0,104.34,0,0
TXN003882,1307.06,14,1,777,1,45.23,0,0
TXN003883,173.5,8,3,427,0,52.22,0,0
TXN003884,450.2,6,2,1385,0,29.05,0,0
TXN003885,1028.57,23,0,1580,0,60.03,0,0
TXN003886,1874.86,11,1,626,0,282.66,0,0
TXN003887,121.98,19,5,921,0,174.48,0,0
TXN003888,932.51,23,2,403,0,787.31,0,0
TXN003889,1265.28,13,1,1819,0,133.73,0,0
TXN003890,2564.74,21,0,1786,0,132.67,0,0
TXN003891,2192.63,15,1,1814,0,38.24,0,0
TXN003892,1963.67,18,4,1051,0,158.94,0,0
TXN003893,492.78,22,2,1098,0,168.74,0,0
TXN003894,162.71,2,5,844,0,41.64,0,1
TXN003895,740.22,10,3,1585,1,16.57,0,0
TXN003896,2985.83,22,5,153,0,82.82,0,0
TXN003897,4418.05,20,3,687,0,34.0,0,0
TXN003898,2231.77,19,4,259,0,125.92,0,0
TXN003899,1684.7,18,3,1388,0,134.42,0,0
TXN003900,1603.01,7,2,602,0,168.64,0,0
TXN003901,628.84,19,2,150,0,166.21,0,0
TXN003902,962.89,7,2,1309,0,202.24,0,0
TXN003903,5820.08,2,4,1769,0,47.15,0,0
TXN003904,427.28,9,4,1535,0,236.24,0,0
TXN003905,5512.53,12,2,546,0,133.93,0,0
TXN003906,794.71,8,1,343,0,103.5,0,0
TXN003907,4127.52,5,4,1390,0,187.89,0,0
TXN003908,268.59,14,2,106,0,125.22,0,0
TXN003909,1970.23,15,1,857,0,134.25,0,0
TXN003910,524.91,4,4,1706,0,4.23,0,0
TXN003911,266.33,20,3,129,0,291.54,0,0
TXN003912,1364.49,12,2,1773,0,99.35,0,0
TXN003913,3009.33,18,4,325,0,131.39,1,0
TXN003914,471.09,1,3,1760,0,88.95,0,0
TXN003915,244.93,5,4,1745,0,144.34,0,0
TXN003916,1000.4,0,5,1311,0,10.0,0,0
TXN003917,1004.82,14,4,1014,0,87.18,0,0
TXN003918,1897.55,14,2,1490,0,198.84,0,0
TXN003919,2834.43,13,3,736,0,501.81,0,0
TXN003920,1033.37,6,1,1704,0,340.5,0,0
TXN003921,7012.88,4,1,552,0,592.55,0,0
TXN003922,1372.29,19,1,807,0,273.79,0,0
TXN003923,775.55,15,7,1593,0,180.24,0,0
TXN003924,218.86,16,1,1172,0,99.07,0,0
TXN003925,843.31,10,2,424,0,23.65,0,0
TXN003926,783.38,14,2,1550,0,51.98,0,0
TXN003927,2864.95,19,4,1302,0,56.94,0,0
TXN003928,1741.47,15,0,1060,1,100.51,0,1
TXN003929,337.18,2,1,1466,0,169.42,0,0
TXN003930,1302.78,5,3,990,0,173.53,0,0
TXN003931,2146.37,20,2,1489,0,109.43,0,0
TXN003932,5054.49,22,3,684,0,57.8,0,0
TXN003933,2663.79,12,2,1572,0,10.47,0,0
TXN003934,2346.89,0,3,1505,0,809.12,0,0
TXN003935,1164.55,20,4,596,0,505.1,0,0
TXN003936,1616.97,13,5,1952,0,36.36,0,0
TXN003937,3825.73,1,0,1073,0,167.38,0,0
TXN003938,289.23,1,4,1945,0,63.09,1,1
TXN003939,773.22,14,4,32,0,38.92,0,0
TXN003940,506.45,17,3,442,0,207.6,0,0
TXN003941,1602.23,8,1,49,0,277.68,0,0
TXN003942,3752.67,2,1,1831,1,93.94,0,0
TXN003943,603.67,3,7,474,0,10.96,0,1
TXN003944,100.45,14,1,256,0,92.4,0,0
TXN003945,726.17,4,4,1399,1,136.75,0,0
TXN003946,2733.87,19,1,1915,0,402.65,0,0
TXN003947,1877.38,19,1,1783,0,192.5,0,0
TXN003948,1682.75,4,3,706,0,223.13,0,0
TXN003949,828.82,9,2,1393,0,40.76,0,0
TXN003950,305.2,15,4,1104,0,229.31,0,0
TXN003951,1835.91,11,4,402,0,125.42,0,0
TXN003952,476.14,13,3,711,0,309.08,0,0
TXN003953,9740.98,21,4,998,0,43.89,0,0
TXN003954,1940.12,10,2,382,0,130.2,0,0
TXN003955,613.61,18,6,1083,0,42.31,0,0
TXN003956,595.03,5,1,507,0,60.62,0,0
TXN003957,999.3,9,1,273,0,321.3,0,0
TXN003958,863.07,19,3,1610,0,209.54,0,0
TXN003959,3350.4,2,1,756,0,234.67,0,0
TXN003960,1321.36,21,3,1921,0,12.78,0,0
TXN003961,527.62,14,1,437,0,234.85,0,0
TXN003962,7262.22,10,3,1468,0,121.7,0,0
TXN003963,1152.06,21,3,1076,0,110.63,0,0
TXN003964,2365.72,1,1,82,0,95.78,0,0
TXN003965,596.91,23,1,1095,0,343.65,0,0
TXN003966,1576.74,5,3,1729,0,35.17,0,0
TXN003967,1496.84,16,3,1669,0,302.87,0,0
TXN003968,165.73,17,2,910,0,474.41,0,0
TXN003969,8227.81,3,2,1215,0,33.16,0,0
TXN003970,3986.4,22,2,882,0,1406.54,0,0
TXN003971,737.16,8,3,1207,0,838.81,0,0
TXN003972,364.21,9,3,1380,0,174.79,0,0
TXN003973,1552.41,20,4,438,0,56.29,0,0
TXN003974,1195.95,1,3,1568,0,101.06,0,0
TXN003975,1565.04,10,3,402,0,33.62,0,0
TXN003976,1328.2,10,2,584,0,23.05,0,0
TXN003977,1819.36,10,1,1519,0,219.15,0,0
TXN003978,4662.49,0,1,931,0,156.08,0,0
TXN003979,1935.47,13,2,1619,0,149.24,0,0
TXN003980,383.89,0,3,849,1,51.25,0,0
TXN003981,4283.66,20,5,1547,0,48.2,0,0
TXN003982,5656.81,22,6,554,1,824.21,0,1
TXN003983,25643.79,8,3,1503,0,178.37,0,0
TXN003984,356.56,23,2,1677,0,308.12,0,0
TXN003985,1398.12,0,4,1052,0,85.61,0,0
TXN003986,136.72,20,1,1109,0,334.05,0,0
TXN003987,1906.74,21,4,1157,1,230.67,0,0
TXN003988,633.84,21,3,204,0,77.58,0,0
TXN003989,7505.91,3,2,990,0,227.66,0,0
TXN003990,505.42,0,3,351,0,467.75,0,0
TXN003991,202.52,18,6,1121,0,43.28,0,0
TXN003992,684.53,9,3,1578,0,142.79,0,0
TXN003993,152.1,14,0,827,0,612.13,0,0
TXN003994,2324.13,19,2,521,0,310.07,0,0
TXN003995,139.06,3,3,361,0,174.3,0,1
TXN003996,1128.29,19,5,1726,1,13.02,0,0
TXN003997,137.3,13,3,1731,0,93.86,0,0
TXN003998,796.08,4,2,1352,0,189.36,0,0
TXN003999,5672.46,14,5,909,1,94.87,0,0
TXN004000,1572.86,14,4,895,0,1050.75,0,0
TXN004001,462.44,15,6,800,0,251.99,0,0
TXN004002,1062.94,15,2,1096,1,37.28,0,0
TXN004003,1116.57,3,7,870,0,121.34,0,0
TXN004004,1759.23,8,3,228,0,87.2,0,0
TXN004005,279.54,0,2,1697,0,162.18,0,0
TXN004006,1983.4,4,4,1145,0,106.49,0,0
TXN004007,73.38,8,1,519,0,48.9,0,0
TXN004008,584.13,19,0,573,0,231.97,0,0
TXN004009,672.99,4,0,1822,1,20.3,0,0
TXN004010,2065.91,3,4,1962,0,136.72,0,0
TXN004011,1121.73,15,2,65,0,66.83,1,0
TXN004012,268.93,1,3,1335,0,611.48,0,0
TXN004013,409.53,15,3,1258,0,65.12,1,0
TXN004014,1337.66,17,5,1715,0,75.05,0,0
TXN004015,1013.26,1,5,885,0,221.02,0,1
TXN004016,614.54,15,2,680,0,24.75,0,0
TXN004017,678.01,0,2,822,0,70.65,1,0
TXN004018,2199.9,15,2,876,0,214.28,1,0
TXN004019,653.48,2,4,202,0,5.62,0,0
TXN004020,1004.16,14,5,1729,0,67.05,0,0
TXN004021,9604.02,10,3,643,0,1.49,0,0
TXN004022,264.1,9,2,319,0,29.3,0,0
TXN004023,172.11,16,4,1471,0,166.83,0,0
TXN004024,2400.88,3,8,317,0,109.82,0,0
TXN004025,556.33,16,3,1155,0,30.53,0,0
TXN004026,797.72,3,2,694,0,14.62,0,0
TXN004027,502.12,18,2,480,0,10.44,0,0
TXN004028,845.73,0,3,150,0,16.06,0,0
TXN004029,5423.72,13,4,1110,0,18.18,0,0
TXN004030,2445.8,23,5,136,1,16.25,0,0
TXN004031,2597.29,10,1,268,0,10.2,0,0
TXN004032,266.07,6,1,1466,0,214.94,0,0
TXN004033,346.83,16,2,50,0,510.25,0,0
TXN004034,64.13,3,3,1638,0,348.8,0,0
TXN004035,488.15,9,5,882,1,55.63,0,0
TXN004036,2854.65,16,3,1586,0,41.13,1,0
TXN004037,1838.94,3,4,996,0,8.84,0,0
TXN004038,878.74,18,4,972,1,30.54,0,0
TXN004039,1072.45,17,0,1469,0,150.98,0,0
TXN004040,550.66,16,0,1971,0,1130.23,0,0
TXN004041,1345.82,5,5,1351,0,352.66,0,0
TXN004042,2358.73,6,4,40,0,130.22,0,0
TXN004043,217.92,5,4,1044,1,99.13,0,1
TXN004044,1479.78,11,5,1623,0,28.79,0,0
TXN004045,2786.2,8,1,383,0,97.61,0,1
TXN004046,724.08,17,4,1805,0,162.63,0,0
TXN004047,2209.9,1,3,1862,0,162.91,0,0
TXN004048,18299.97,16,4,115,0,146.78,0,0
TXN004049,987.97,20,3,1974,0,312.73,0,0
TXN004050,1625.07,0,4,685,0,128.43,0,0
TXN004051,524.24,22,6,1278,0,115.25,0,0
TXN004052,1314.55,8,2,1247,0,65.69,0,0
TXN004053,1737.62,5,3,1156,0,35.77,0,0
TXN004054,1332.54,1,6,905,0,0.25,0,0
TXN004055,395.56,5,6,1039,0,69.98,0,0
TXN004056,1347.98,8,3,1891,0,180.47,0,0
TXN004057,4732.44,2,6,703,0,147.33,0,0
TXN004058,1717.52,15,7,331,0,136.1,0,0
TXN004059,2869.77,23,1,1101,0,266.41,0,0
TXN004060,865.22,14,1,775,0,47.71,0,0
TXN004061,2321.34,11,3,1346,0,204.28,0,0
TXN004062,1449.93,22,6,1075,0,168.19,0,0
TXN004063,423.73,7,5,1901,0,74.52,0,0
TXN004064,1507.97,5,3,676,1,44.39,0,0
TXN004065,406.79,2,1,204,0,148.88,0,0
TXN004066,582.38,22,2,1386,0,522.56,0,0
TXN004067,1325.21,3,2,1934,0,14.3,0,0
TXN004068,1476.23,9,4,1807,0,550.31,0,0
TXN004069,333.88,13,3,46,0,112.51,0,0
TXN004070,3146.31,20,1,1824,0,222.84,0,0
TXN004071,1943.03,23,4,425,0,292.61,0,0
TXN004072,542.0,14,1,739,0,29.57,0,0
TXN004073,235.67,6,1,1129,0,8.28,0,0
TXN004074,948.7,6,3,232,0,24.76,0,0
TXN004075,702.09,7,7,262,0,75.05,0,0
TXN004076,1228.0,9,5,816,0,564.52,0,0
TXN004077,762.71,18,3,1049,0,7.87,0,0
TXN004078,147.31,18,2,700,0,454.18,0,0
TXN004079,743.71,1,3,1168,1,148.31,0,0
TXN004080,807.85,14,4,799,1,19.43,0,1
TXN004081,2066.6,0,1,1802,0,29.84,0,0
TXN004082,545.55,9,4,125,0,210.43,0,1
TXN004083,5876.25,5,3,669,0,168.78,0,0
TXN004084,162.12,21,4,303,0,32.99,0,0
TXN004085,4069.06,12,4,852,0,422.44,1,0
TXN004086,876.28,9,4,1825,0,25.67,0,0
TXN004087,2590.44,11,4,1971,0,128.98,0,0
TXN004088,1187.73,23,3,1429,0,135.25,0,0
TXN004089,3427.39,5,2,1387,0,367.94,0,0
TXN004090,744.44,5,3,619,0,4.03,0,0
TXN004091,365.54,0,3,378,0,26.41,0,0
TXN004092,4539.19,11,2,1552,1,33.69,0,0
TXN004093,978.99,22,1,831,0,11.69,0,1
TXN004094,1368.62,22,3,205,0,179.69,0,0
TXN004095,3769.7,9,6,1692,0,46.95,0,0
TXN004096,390.74,13,2,1763,0,154.73,0,0
TXN004097,1989.21,14,3,392,0,274.69,0,0
TXN004098,607.96,22,4,1769,0,94.53,0,0
TXN004099,960.86,23,2,1973,0,263.64,0,0
TXN004100,1178.83,3,0,74,0,270.81,0,0
TXN004101,244.64,0,3,1432,0,55.03,0,0
TXN004102,503.29,7,1,1914,1,2.86,0,0
TXN004103,4234.72,2,3,935,0,19.62,0,0
TXN004104,2660.29,13,2,459,0,312.22,0,0
TXN004105,1030.05,16,4,705,0,93.55,0,0
TXN004106,1398.46,1,5,1663,0,328.85,0,0
TXN004107,817.1,14,4,1360,0,142.74,0,0
TXN004108,4258.12,5,5,957,0,39.58,0,0
TXN004109,897.53,4,4,445,0,224.21,0,0
TXN004110,1382.77,13,3,1296,1,147.04,0,1
TXN004111,3449.66,18,0,1708,0,78.04,0,0
TXN004112,504.03,8,2,166,0,16.52,0,0
TXN004113,5212.37,7,5,1111,0,19.43,0,0
TXN004114,237.35,2,6,961,0,37.6,0,0
TXN004115,5595.08,17,2,1971,0,201.17,0,0
TXN004116,755.46,7,4,810,0,234.33,0,0
TXN004117,860.32,15,3,198,0,179.41,0,0
TXN004118,165.67,14,3,649,0,74.05,0,1
TXN004119,695.9,20,3,491,0,104.52,0,0
TXN004120,387.69,14,3,439,0,222.54,0,0
TXN004121,597.26,15,5,1941,0,194.11,0,0
TXN004122,955.93,0,1,1437,0,266.92,0,0
TXN004123,2857.75,9,4,1498,0,49.67,0,0
TXN004124,1349.65,18,1,585,0,0.81,0,1
TXN004125,1491.71,4,3,502,0,55.77,1,1
TXN004126,366.68,17,1,627,0,76.96,0,1
TXN004127,454.52,2,2,827,0,581.72,0,0
TXN004128,6625.79,3,1,618,0,44.2,0,0
TXN004129,525.74,3,3,1295,0,315.18,0,0
TXN004130,5745.71,10,2,253,0,175.36,0,0
TXN004131,860.01,8,1,1986,0,33.01,0,0
TXN004132,1099.15,0,2,855,0,93.0,0,0
TXN004133,3198.27,15,2,1904,0,128.46,0,0
TXN004134,3912.35,8,6,1728,1,75.93,0,0
TXN004135,981.6,10,4,151,0,46.15,0,0
TXN004136,743.79,5,1,1561,0,52.47,0,0
TXN004137,1036.99,16,1,1742,0,158.4,0,0
TXN004138,1537.57,11,2,1752,0,209.72,0,0
TXN004139,2673.93,21,5,273,0,113.93,0,0
TXN004140,1101.28,7,1,250,0,511.7,0,0
TXN004141,2036.29,15,3,1188,0,234.73,0,0
TXN004142,5644.06,4,6,64,0,400.21,0,0
TXN004143,1605.69,20,3,1220,0,116.21,0,0
TXN004144,1497.65,0,7,1315,1,2.7,0,1
TXN004145,240.11,16,1,1387,0,161.4,1,0
TXN004146,78.99,23,7,761,0,306.93,0,1
TXN004147,1617.08,20,6,1118,1,138.42,0,0
TXN004148,997.42,7,2,1163,0,151.04,0,0
TXN004149,655.38,9,2,882,0,663.79,0,0
TXN004150,1399.02,17,1,440,0,82.07,0,0
TXN004151,1032.35,14,2,1011,0,291.39,0,0
TXN004152,3387.27,19,2,1448,0,126.6,0,0
TXN004153,1195.25,12,2,38,0,112.15,0,0
TXN004154,519.61,9,0,935,0,28.32,0,0
TXN004155,2951.79,8,3,1235,0,248.38,0,0
TXN004156,882.6,12,3,1096,0,311.99,0,0
TXN004157,1856.66,2,3,1685,0,101.46,0,0
TXN004158,680.34,21,4,1359,0,259.55,0,0
TXN004159,572.59,22,4,142,1,156.63,0,0
TXN004160,1192.93,2,5,971,0,53.61,0,0
TXN004161,1110.79,0,2,1372,0,463.19,0,1
TXN004162,1771.93,1,2,1486,1,214.79,0,1
TXN004163,838.28,10,2,795,1,379.17,0,0
TXN004164,174.8,13,3,260,0,59.5,0,0
TXN004165,711.39,9,3,1020,1,446.63,0,0
TXN004166,2425.56,6,1,1533,0,81.65,0,0
TXN004167,814.54,22,1,1468,0,1.72,0,0
TXN004168,857.15,0,8,988,0,14.04,0,0
TXN004169,2940.62,6,4,1189,0,16.85,0,0
TXN004170,538.09,14,0,541,0,41.78,0,0
TXN004171,234.44,10,5,709,0,37.16,0,0
TXN004172,933.9,5,2,985,0,10.73,0,0
TXN004173,675.75,21,0,1744,0,406.36,0,0
TXN004174,417.28,6,2,1954,0,317.17,0,1
TXN004175,920.23,6,6,444,0,259.01,0,0
TXN004176,1792.75,0,3,1956,0,117.41,0,0
TXN004177,1086.49,9,0,1819,0,99.66,0,0
TXN004178,1490.67,20,0,970,0,99.72,0,0
TXN004179,6723.79,14,1,76,0,54.63,0,0
TXN004180,778.31,7,1,1195,0,168.69,0,0
TXN004181,1448.59,23,3,1846,0,10.96,0,0
TXN004182,659.04,18,7,1138,0,193.54,0,0
TXN004183,470.43,2,6,460,0,129.83,0,0
TXN004184,611.0,22,3,122,0,305.22,0,0
TXN004185,679.42,14,2,1483,0,648.43,0,0
TXN004186,1571.01,3,3,1482,0,376.63,0,1
TXN004187,11488.2,5,3,188,0,229.09,0,0
TXN004188,535.9,9,4,1617,0,102.06,0,1
TXN004189,722.98,17,3,924,1,43.46,0,0
TXN004190,1029.55,15,2,1825,1,196.78,0,0
TXN004191,1629.13,17,3,147,0,40.53,0,0
TXN004192,1427.32,5,4,1611,0,3.68,0,0
TXN004193,3960.38,18,4,186,0,153.27,0,0
TXN004194,96.89,16,2,1486,0,90.2,0,0
TXN004195,100.79,17,4,1246,0,375.77,0,0
TXN004196,667.89,12,5,1661,0,186.81,0,0
TXN004197,3285.59,6,3,286,0,187.56,0,0
TXN004198,229.14,19,6,1889,0,279.12,0,0
TXN004199,54.18,11,3,497,0,73.61,0,0
TXN004200,1941.43,1,6,728,1,571.35,0,1
TXN004201,1399.2,11,1,1285,0,45.03,0,0
TXN004202,368.63,11,4,795,0,369.58,1,0
TXN004203,409.3,23,5,450,0,435.12,0,0
TXN004204,415.82,3,4,1131,0,7.17,0,0
TXN004205,1224.8,3,4,407,0,179.85,0,0
TXN004206,586.21,17,2,1745,0,249.12,0,0
TXN004207,1797.34,15,2,1301,0,553.58,0,0
TXN004208,63.14,13,4,404,0,52.11,0,0
TXN004209,465.52,16,1,1899,0,148.53,0,0
TXN004210,355.65,16,1,1811,0,267.0,0,0
TXN004211,848.66,2,3,541,0,28.91,0,0
TXN004212,640.31,5,4,671,0,345.1,0,0
TXN004213,2435.35,22,4,1074,0,93.04,0,0
TXN004214,170.83,12,1,826,0,183.77,0,0
TXN004215,1147.67,8,2,1129,0,7.73,0,0
TXN004216,1916.65,20,5,1391,0,45.4,0,0
TXN004217,7020.91,8,1,451,0,117.08,0,0
TXN004218,677.38,7,5,1725,0,61.45,0,0
TXN004219,1516.95,16,2,1734,0,569.94,0,0
TXN004220,180.57,15,3,819,0,285.19,0,0
TXN004221,100.29,15,1,513,0,360.29,0,0
TXN004222,2552.36,18,6,455,0,113.03,0,0
TXN004223,1090.55,23,2,169,1,115.52,0,0
TXN004224,3563.55,15,3,1366,0,294.43,0,0
TXN004225,277.72,13,3,498,0,88.25,0,0
TXN004226,1844.39,19,1,549,0,118.0,0,0
TXN004227,7106.87,13,1,1209,0,135.36,0,1
TXN004228,1668.54,13,2,854,0,168.18,0,0
TXN004229,1446.04,13,4,1234,0,188.95,0,0
TXN004230,1106.06,11,3,1779,0,205.52,0,0
TXN004231,227.95,5,3,233,0,105.66,1,0
TXN004232,4253.82,19,2,782,0,62.96,0,0
TXN004233,595.35,12,1,1582,0,454.98,0,0
TXN004234,1816.17,15,4,1330,0,315.51,1,0
TXN004235,229.74,8,1,592,0,0.62,0,0
TXN004236,337.15,1,2,932,0,129.48,0,0
TXN004237,4605.87,21,5,753,0,57.79,0,0
TXN004238,774.87,2,4,1025,0,185.27,0,0
TXN004239,4690.41,9,5,1041,0,125.72,0,0
TXN004240,1014.11,19,4,1619,0,3.85,0,1
TXN004241,173.83,1,2,454,0,234.2,0,0
TXN004242,2675.97,23,3,1881,0,57.98,0,0
TXN004243,607.96,9,4,1609,0,54.26,0,0
TXN004244,2205.45,7,1,1386,0,5.84,0,0
TXN004245,1124.63,16,3,1798,0,317.2,0,0
TXN004246,234.37,21,2,1082,0,155.65,0,0
TXN004247,1292.45,0,0,1736,0,119.39,0,0
TXN004248,9859.82,5,1,962,0,202.76,0,0
TXN004249,1795.41,6,3,90,0,76.26,1,0
TXN004250,1035.34,14,3,1114,1,151.69,0,1
TXN004251,3214.23,17,3,869,0,51.61,0,0
TXN004252,1353.8,8,2,1073,0,11.7,0,0
TXN004253,1352.26,7,9,969,0,148.33,0,0
TXN004254,368.11,9,4,85,0,45.0,0,0
TXN004255,1385.54,3,2,717,0,249.56,0,1
TXN004256,3088.51,19,2,1383,0,108.21,0,0
TXN004257,475.3,7,6,940,0,51.88,0,0
TXN004258,4557.35,0,5,790,0,168.73,0,0
TXN004259,1000.54,7,4,233,0,22.32,0,0
TXN004260,451.34,22,3,1493,0,257.95,0,0
TXN004261,2973.91,11,3,1237,0,108.32,0,0
TXN004262,823.21,22,1,1099,0,301.46,0,0
TXN004263,2343.77,14,3,470,0,26.75,0,0
TXN004264,819.13,12,3,1098,0,86.79,0,0
TXN004265,1032.95,15,4,1517,0,35.73,0,0
TXN004266,1796.44,22,3,583,0,11.37,0,0
TXN004267,1466.89,17,6,1499,0,559.59,0,1
TXN004268,149.08,0,4,37,0,233.46,0,0
TXN004269,357.36,16,4,1905,0,70.91,0,0
TXN004270,2777.79,15,5,43,0,50.86,0,0
TXN004271,960.89,22,1,258,0,41.14,0,0
TXN004272,649.54,4,5,823,0,7.91,0,0
TXN004273,281.86,19,1,131,0,19.5,0,0
TXN004274,372.51,20,5,530,0,19.55,0,0
TXN004275,145.21,9,3,1350,0,197.53,0,1
TXN004276,991.0,5,0,1802,0,162.57,0,0
TXN004277,602.79,11,2,1082,0,151.16,0,0
TXN004278,417.14,9,2,732,0,238.68,0,0
TXN004279,1024.41,21,1,1834,0,52.06,0,0
TXN004280,1578.09,16,1,383,0,75.47,0,0
TXN004281,8894.58,1,3,1011,0,24.39,0,0
TXN004282,241.8,18,4,1527,0,159.49,0,0
TXN004283,3496.02,19,1,472,0,486.3,0,0
TXN004284,2901.84,5,2,332,0,357.98,0,0
TXN004285,503.16,12,1,1269,0,145.74,0,0
TXN004286,1343.77,8,2,789,0,186.22,0,0
TXN004287,693.93,11,4,1842,0,876.19,0,0
TXN004288,1320.4,17,0,1404,0,131.13,0,0
TXN004289,4959.85,7,3,553,1,368.06,1,0
TXN004290,2009.43,17,4,1671,0,125.0,0,0
TXN004291,1823.67,22,2,1077,0,8.83,0,0
TXN004292,713.15,21,4,1842,0,491.07,1,0
TXN004293,248.62,1,3,545,1,21.36,0,0
TXN004294,890.28,7,1,1846,0,219.25,0,0
TXN004295,3665.09,9,1,37,0,48.92,0,0
TXN004296,238.13,8,2,705,0,416.34,0,0
TXN004297,381.81,23,2,1855,0,40.28,0,0
TXN004298,1244.22,17,3,1167,0,27.16,0,0
TXN004299,409.67,7,2,591,0,103.95,0,0
TXN004300,496.45,18,3,267,0,123.58,0,0
TXN004301,717.95,2,7,1912,0,307.59,1,0
TXN004302,279.89,8,5,825,0,258.69,0,0
TXN004303,414.01,12,2,1115,0,71.62,0,0
TXN004304,2215.93,8,3,890,0,87.49,0,0
TXN004305,296.67,19,6,1180,0,154.73,0,0
TXN004306,221.88,11,5,762,0,144.36,0,0
TXN004307,584.04,22,5,1767,0,356.55,0,0
TXN004308,2280.06,12,2,1353,0,115.12,1,0
TXN004309,900.62,7,1,189,1,403.15,0,0
TXN004310,689.12,14,4,1573,0,41.31,0,0
TXN004311,1146.37,12,1,1491,0,363.98,0,0
TXN004312,191.39,20,6,1454,0,65.31,0,0
TXN004313,1798.5,12,1,937,0,280.28,0,0
TXN004314,1609.11,16,1,1690,0,149.99,0,0
TXN004315,728.28,14,3,631,0,375.11,0,0
TXN004316,2998.67,21,2,1297,0,47.34,0,0
TXN004317,355.14,18,4,1248,0,217.62,0,0
TXN004318,3387.71,2,4,647,0,340.24,0,0
TXN004319,1279.84,13,3,1512,0,269.86,0,0
TXN004320,783.25,9,2,1259,1,150.25,0,0
TXN004321,1075.05,16,2,100,0,202.53,0,0
TXN004322,985.09,7,6,951,0,39.38,0,0
TXN004323,3715.55,17,3,898,0,43.91,0,0
TXN004324,373.65,11,8,1470,0,55.98,0,0
TXN004325,511.57,16,0,1481,0,316.86,0,0
TXN004326,3091.16,22,1,1549,0,32.98,0,0
TXN004327,604.54,10,5,61,0,63.92,0,0
TXN004328,2698.72,8,4,1731,0,455.61,0,0
TXN004329,5999.53,21,5,1265,0,253.34,0,0
TXN004330,733.78,23,3,1575,0,237.78,0,0
TXN004331,2167.57,23,2,876,0,109.3,0,0
TXN004332,345.95,22,9,492,0,218.14,0,0
TXN004333,2332.59,14,3,739,0,150.14,0,0
TXN004334,1338.66,8,4,276,0,13.35,0,0
TXN004335,1759.95,11,4,1782,0,154.67,0,0
TXN004336,575.03,10,6,158,0,108.35,0,0
TXN004337,208.29,16,5,1763,0,21.78,0,0
TXN004338,1813.93,5,5,362,0,75.96,1,0
TXN004339,139.3,7,6,1128,0,405.34,0,0
TXN004340,798.43,9,2,1013,0,293.06,0,0
TXN004341,2810.68,14,2,1143,1,441.41,0,0
TXN004342,1328.62,3,3,822,0,227.27,0,0
TXN004343,7695.13,17,5,81,0,180.21,0,0
TXN004344,3056.75,10,4,849,0,26.99,0,0
TXN004345,570.27,8,3,1065,0,20.41,1,0
TXN004346,1127.0,8,5,75,0,51.01,0,0
TXN004347,1045.9,7,1,1702,0,67.89,0,0
TXN004348,225.39,2,3,1866,0,168.13,0,0
TXN004349,428.2,20,1,1345,0,377.66,0,0
TXN004350,625.93,17,3,166,0,398.51,0,0
TXN004351,143.13,13,2,1150,0,206.43,0,0
TXN004352,1149.97,2,1,965,0,153.56,0,0
TXN004353,854.85,16,2,191,0,50.44,0,0
TXN004354,205.84,3,9,1141,1,500.35,0,0
TXN004355,1642.89,20,1,1106,0,200.17,0,0
TXN004356,2243.68,17,4,138,0,137.23,0,0
TXN004357,1376.14,14,1,74,0,19.76,0,0
TXN004358,793.09,18,1,1947,0,314.65,0,0
TXN004359,1981.17,21,4,894,0,77.26,0,0
TXN004360,2165.1,5,3,1214,0,415.52,0,0
TXN004361,1491.3,14,4,1338,0,33.2,1,1
TXN004362,480.77,6,3,1987,0,8.97,0,0
TXN004363,1446.06,11,1,1869,1,102.68,0,0
TXN004364,3624.53,15,3,1002,1,14.68,0,0
TXN004365,603.88,8,3,1647,1,11.48,0,0
TXN004366,8936.86,19,2,856,0,225.15,0,0
TXN004367,648.31,4,3,347,0,53.56,0,0
TXN004368,1132.75,10,1,796,0,183.32,0,0
TXN004369,559.76,1,7,1344,0,152.26,0,0
TXN004370,1370.97,21,2,460,0,27.31,0,0
TXN004371,192.05,15,4,1880,0,87.73,1,1
TXN004372,635.21,3,2,728,0,12.3,0,0
TXN004373,367.92,4,2,415,1,98.57,0,0
TXN004374,1255.56,6,5,1654,0,36.24,0,1
TXN004375,2964.45,5,4,1047,0,18.23,0,0
TXN004376,2092.27,23,1,985,0,68.62,0,0
TXN004377,102.34,21,1,931,0,0.62,0,0
TXN004378,8451.25,9,3,566,0,255.22,0,0
TXN004379,1473.33,13,5,82,0,30.99,0,0
TXN004380,504.47,7,2,1009,0,176.95,0,0
TXN004381,1283.22,13,5,409,0,321.71,0,0
TXN004382,1307.92,13,2,1643,0,448.52,1,1
TXN004383,562.93,19,3,143,0,146.79,0,0
TXN004384,1336.64,22,2,1953,1,279.45,0,0
TXN004385,597.36,2,6,997,0,109.18,0,0
TXN004386,731.9,0,3,1023,0,121.27,0,1
TXN004387,552.1,8,3,889,0,142.44,0,0
TXN004388,261.73,8,5,1365,0,199.63,0,0
TXN004389,1268.81,21,0,287,0,199.51,0,0
TXN004390,1969.04,1,1,174,0,277.0,0,0
TXN004391,1835.15,15,2,1761,0,172.72,0,0
TXN004392,2489.72,7,2,532,0,385.64,0,0
TXN004393,1516.77,5,1,1869,0,222.34,0,0
TXN004394,643.73,22,2,1023,0,475.99,0,0
TXN004395,2539.35,12,0,952,0,249.85,0,0
TXN004396,282.16,0,4,889,0,241.58,0,0
TXN004397,445.56,18,3,643,0,354.41,0,0
TXN004398,418.13,14,1,1343,0,191.98,0,0
TXN004399,3229.41,0,0,1405,0,35.63,0,0
TXN004400,2815.2,9,1,1734,0,15.59,0,0
TXN004401,1785.23,0,1,1660,0,68.32,0,0
TXN004402,3203.28,11,1,803,0,303.14,0,0
TXN004403,455.19,10,1,291,0,3.95,0,0
TXN004404,1554.01,16,6,569,0,29.26,0,0
TXN004405,967.61,3,5,1189,0,20.19,0,0
TXN004406,2557.75,22,3,1694,0,6.82,0,0
TXN004407,977.28,6,3,1389,0,299.2,0,0
TXN004408,746.25,11,4,519,0,59.03,0,0
TXN004409,1883.54,12,2,1327,0,234.97,0,0
TXN004410,2633.76,4,6,251,0,27.55,0,0
TXN004411,562.09,5,6,1389,0,94.65,0,0
TXN004412,1031.66,1,1,1022,0,22.29,0,0
TXN004413,380.53,20,2,1176,0,0.45,0,0
TXN004414,90.19,6,4,1657,0,170.95,0,0
TXN004415,1340.05,13,2,972,0,118.05,0,0
TXN004416,2016.07,21,2,1005,0,97.01,0,0
TXN004417,1425.2,13,2,1576,0,14.75,0,0
TXN004418,156.09,9,3,1571,0,159.7,0,0
TXN004419,772.13,3,3,1963,0,272.54,0,0
TXN004420,119.3,2,4,1933,1,12.53,0,0
TXN004421,4314.35,22,0,1793,0,96.03,0,0
TXN004422,370.16,13,2,1587,0,67.2,0,0
TXN004423,3848.36,5,2,244,1,400.41,0,0
TXN004424,2823.89,22,2,444,0,54.85,0,0
TXN004425,445.59,14,1,1849,0,519.74,0,0
TXN004426,353.26,7,6,1456,0,317.27,0,0
TXN004427,1556.77,4,5,656,0,19.0,0,1
TXN004428,471.39,2,3,755,0,117.93,0,0
TXN004429,1214.98,2,0,414,0,188.46,0,0
TXN004430,676.66,12,4,682,0,161.84,0,0
TXN004431,184.72,1,3,720,0,204.67,0,0
TXN004432,117.86,23,2,542,0,100.02,0,0
TXN004433,1375.65,0,3,1594,0,423.21,0,0
TXN004434,625.43,11,2,426,0,56.74,0,0
TXN004435,630.75,7,3,839,0,17.79,0,0
TXN004436,2199.23,18,5,314,0,686.79,0,0
TXN004437,3545.53,8,6,891,0,189.98,0,0
TXN004438,835.02,13,0,429,1,193.76,0,0
TXN004439,780.08,17,2,1881,0,306.21,1,0
TXN004440,1808.3,9,2,1158,0,98.5,0,0
TXN004441,282.33,8,3,703,0,87.87,0,0
TXN004442,1370.8,5,1,532,0,536.18,0,0
TXN004443,1904.33,0,3,69,0,88.03,0,1
TXN004444,2165.12,4,7,992,1,14.71,0,0
TXN004445,158.1,9,2,378,0,66.23,1,1
TXN004446,512.16,12,4,251,0,372.21,0,0
TXN004447,455.66,21,3,980,0,17.96,0,0
TXN004448,1211.83,22,1,1495,0,227.03,0,0
TXN004449,1773.56,3,6,1617,0,55.76,0,0
TXN004450,4898.63,0,0,93,0,246.51,0,0
TXN004451,668.5,20,2,1057,0,130.08,0,0
TXN004452,666.76,1,4,1997,1,182.19,0,1
TXN004453,3462.24,23,5,1509,0,50.16,0,0
TXN004454,1475.24,3,1,908,0,33.13,0,0
TXN004455,3895.79,16,1,1037,0,11.77,0,0
TXN004456,1463.71,9,3,1071,0,314.33,0,0
TXN004457,344.77,22,5,1053,0,223.12,0,0
TXN004458,289.13,11,2,1395,0,62.5,0,0
TXN004459,232.41,1,0,1063,0,326.43,0,0
TXN004460,2126.12,2,2,1936,0,322.91,0,0
TXN004461,3599.67,13,3,811,0,26.68,0,0
TXN004462,6969.94,14,3,976,0,225.12,0,0
TXN004463,2548.11,12,3,1427,0,62.23,0,0
TXN004464,3508.13,8,1,1419,1,113.33,0,0
TXN004465,613.99,1,1,380,0,101.23,0,0
TXN004466,345.01,18,3,128,0,165.02,0,0
TXN004467,2565.94,15,4,1867,0,76.75,0,0
TXN004468,1665.17,10,5,1759,0,13.69,0,0
TXN004469,1221.02,11,3,858,0,201.01,0,0
TXN004470,1615.45,0,1,927,0,581.99,0,0
TXN004471,1515.02,1,3,1472,1,198.4,0,1
TXN004472,3959.28,15,3,1087,0,139.62,0,0
TXN004473,4003.75,1,4,378,1,32.16,0,0
TXN004474,1889.79,18,3,1891,0,176.63,0,0
TXN004475,2554.99,9,3,1505,0,169.99,0,0
TXN004476,1833.65,18,2,606,0,173.58,0,0
TXN004477,691.48,9,1,1728,0,401.13,0,0
TXN004478,2336.86,15,4,205,0,226.78,0,0
TXN004479,271.92,12,7,76,0,275.35,0,0
TXN004480,3146.01,15,4,1271,0,67.66,0,0
TXN004481,332.11,17,5,1274,0,56.74,0,0
TXN004482,1459.43,23,6,1064,0,41.7,0,0
TXN004483,470.99,7,4,219,0,271.22,0,0
TXN004484,1907.2,23,2,1936,0,215.87,0,0
TXN004485,1060.05,17,3,929,0,75.36,0,1
TXN004486,222.57,12,1,115,1,27.38,0,0
TXN004487,1670.2,6,1,574,0,337.53,0,0
TXN004488,615.28,20,3,1983,0,87.29,0,0
TXN004489,2646.91,22,3,636,0,37.87,0,0
TXN004490,1098.09,23,3,359,0,28.07,0,0
TXN004491,1628.51,17,4,448,0,453.91,0,0
TXN004492,420.92,5,0,1234,0,25.1,0,0
TXN004493,608.3,8,4,1048,0,80.24,0,0
TXN004494,693.23,5,6,1337,0,180.03,0,0
TXN004495,2582.99,17,2,564,0,94.39,0,0
TXN004496,5868.63,16,8,1102,0,116.83,0,0
TXN004497,490.21,11,1,873,0,292.07,0,0
TXN004498,3219.07,2,4,762,0,1291.49,0,0
TXN004499,125.25,4,3,1055,0,113.34,0,0
TXN004500,332.22,6,3,1642,1,85.71,0,0
TXN004501,420.41,9,5,897,0,93.99,1,1
TXN004502,283.58,9,3,1676,0,82.91,0,0
TXN004503,225.07,18,2,183,0,115.56,0,0
TXN004504,1657.39,3,3,174,0,72.92,0,0
TXN004505,885.31,9,3,1352,0,111.79,0,0
TXN004506,1602.64,17,2,1662,0,523.58,0,0
TXN004507,2187.41,2,2,1368,1,60.69,0,0
TXN004508,1430.27,20,2,1942,0,189.93,0,0
TXN004509,2117.02,2,3,755,0,120.12,0,0
TXN004510,1022.97,4,6,1887,0,237.28,0,0
TXN004511,334.62,15,5,1639,0,115.06,0,0
TXN004512,3158.38,19,2,836,0,31.5,0,0
TXN004513,608.43,12,0,567,0,370.62,0,0
TXN004514,430.27,10,5,1787,0,202.73,0,1
TXN004515,917.89,12,1,947,0,134.33,0,0
TXN004516,440.18,18,2,744,0,320.1,0,0
TXN004517,722.39,5,4,1843,0,672.74,0,0
TXN004518,1546.97,23,7,373,0,94.79,0,0
TXN004519,1553.62,12,1,983,0,78.39,0,0
TXN004520,446.83,3,2,1082,0,252.14,0,0
TXN004521,673.37,21,2,1168,0,109.12,0,0
TXN004522,3210.98,4,2,1319,0,16.14,0,0
TXN004523,1801.55,18,2,511,0,78.77,0,0
TXN004524,8734.75,4,4,1163,0,297.64,0,0
TXN004525,3569.31,20,3,1718,0,220.78,0,0
TXN004526,3443.67,13,7,434,0,357.59,0,1
TXN004527,273.73,3,2,1683,0,28.54,0,0
TXN004528,2353.97,11,4,1688,1,50.33,0,1
TXN004529,1039.91,5,4,1988,0,43.51,0,0
TXN004530,632.08,18,6,746,0,639.36,0,0
TXN004531,1297.27,9,2,1887,0,33.31,0,0
TXN004532,2822.03,0,3,792,0,164.0,0,0
TXN004533,1809.55,22,3,1187,0,180.39,0,0
TXN004534,455.56,22,1,1305,0,173.64,0,0
TXN004535,2304.13,15,1,542,0,211.78,0,0
TXN004536,579.64,3,1,1558,0,119.07,0,0
TXN004537,1361.96,8,0,313,0,15.73,0,0
TXN004538,809.69,17,0,755,0,217.46,0,0
TXN004539,881.07,16,5,1960,0,59.41,1,0
TXN004540,2359.59,14,4,1988,0,14.2,0,0
TXN004541,387.54,18,0,153,0,33.49,0,0
TXN004542,7670.94,6,4,1250,0,60.94,0,0
TXN004543,177.49,17,1,1455,0,101.95,0,0
TXN004544,603.25,5,3,1585,0,355.61,0,0
TXN004545,1587.97,18,2,1385,1,138.41,0,1
TXN004546,1967.1,20,3,1522,0,114.95,0,0
TXN004547,991.8,11,4,1912,0,38.21,0,0
TXN004548,1035.47,2,2,343,0,576.11,0,0
TXN004549,1653.34,0,3,1999,0,430.49,0,0
TXN004550,870.38,4,1,1734,0,304.78,0,0
TXN004551,4416.85,0,0,639,0,70.26,0,1
TXN004552,2538.55,7,2,1711,1,148.44,0,0
TXN004553,2624.97,6,1,1727,0,88.63,0,0
TXN004554,417.32,14,4,95,0,92.82,0,0
TXN004555,1012.94,10,2,274,0,13.48,0,0
TXN004556,812.03,17,3,1003,0,27.16,0,0
TXN004557,401.18,13,5,388,0,584.74,0,0
TXN004558,1572.09,8,1,1374,0,169.53,0,0
TXN004559,640.57,4,4,155,0,1.14,0,0
TXN004560,2112.03,22,6,761,0,298.16,0,0
TXN004561,376.08,3,6,1414,0,16.39,0,0
TXN004562,6118.31,11,2,312,0,221.68,0,0
TXN004563,447.5,0,2,59,0,174.57,0,0
TXN004564,1365.54,23,2,1651,0,11.7,0,0
TXN004565,2420.81,12,2,361,0,136.26,0,0
TXN004566,619.78,0,2,797,0,8.75,0,1
TXN004567,2572.08,2,1,414,0,11.98,0,0
TXN004568,320.8,21,2,1278,0,9.46,0,0
TXN004569,4684.98,7,3,1350,0,53.09,0,0
TXN004570,1112.26,23,3,1293,1,291.3,0,0
TXN004571,604.01,17,4,1046,0,81.02,0,0
TXN004572,813.07,15,2,398,0,183.67,0,0
TXN004573,2462.47,19,3,987,0,24.0,0,0
TXN004574,611.27,19,4,798,0,486.19,0,0
TXN004575,518.35,15,3,674,0,126.3,0,0
TXN004576,878.72,1,4,973,0,4.48,0,0
TXN004577,338.0,16,4,1698,0,138.76,0,0
TXN004578,6771.95,9,4,1124,0,36.72,1,0
TXN004579,622.41,6,4,1905,0,39.23,1,0
TXN004580,2519.0,9,1,311,0,165.1,0,0
TXN004581,1352.18,18,2,334,0,46.2,0,0
TXN004582,409.72,19,8,1891,0,43.34,0,0
TXN004583,1090.12,8,5,1655,0,140.15,0,0
TXN004584,2401.87,21,4,1882,0,48.33,0,0
TXN004585,908.45,16,4,288,0,21.08,0,0
TXN004586,3615.96,8,2,1220,0,94.44,0,0
TXN004587,3045.79,8,7,1643,0,9.61,0,0
TXN004588,2748.79,4,2,718,0,424.31,0,0
TXN004589,692.52,23,5,1323,0,108.11,0,0
TXN004590,372.47,6,3,561,1,2.37,0,0
TXN004591,593.72,10,2,1495,0,45.8,0,0
TXN004592,1334.41,7,3,457,0,569.84,0,0
TXN004593,1892.75,13,1,166,0,123.47,0,0
TXN004594,125.01,1,6,732,0,80.02,0,0
TXN004595,1087.77,9,3,1559,0,68.13,0,0
TXN004596,1284.45,20,6,1499,0,97.11,0,1
TXN004597,830.86,23,2,1315,0,42.83,0,0
TXN004598,3988.91,15,7,479,0,248.91,0,0
TXN004599,1672.01,15,2,1667,0,127.78,0,0
TXN004600,4065.09,18,6,134,0,250.57,0,0
TXN004601,883.63,10,2,328,0,52.84,0,0
TXN004602,2800.29,5,2,861,0,0.26,0,0
TXN004603,5625.51,5,2,126,1,609.87,0,0
TXN004604,4071.2,6,3,841,0,129.16,0,0
TXN004605,367.92,15,4,34,0,14.96,0,0
TXN004606,850.92,12,2,1194,0,19.72,0,0
TXN004607,776.53,2,2,1429,0,102.66,0,0
TXN004608,1788.72,23,2,1708,1,213.9,0,0
TXN004609,2178.42,23,3,1802,0,90.94,0,0
TXN004610,473.95,8,2,541,0,308.82,0,0
TXN004611,1173.61,23,1,916,0,71.83,0,0
TXN004612,145.48,2,4,959,0,8.4,0,0
TXN004613,4637.57,5,5,213,0,1.5,0,0
TXN004614,656.96,16,3,1254,0,353.19,0,0
TXN004615,1159.64,2,1,375,0,749.61,0,0
TXN004616,804.6,1,4,1083,0,25.65,0,1
TXN004617,3449.65,11,3,853,0,11.53,0,0
TXN004618,64.23,23,3,153,0,442.47,0,0
TXN004619,1078.57,5,1,499,0,19.12,0,0
TXN004620,986.52,9,2,950,0,46.67,0,0
TXN004621,696.71,10,3,1541,0,291.19,0,0
TXN004622,6162.43,15,3,353,1,1117.22,1,0
TXN004623,451.54,15,5,1690,0,119.8,0,0
TXN004624,2372.73,23,6,1868,0,42.61,0,0
TXN004625,1565.96,17,5,313,0,338.76,0,0
TXN004626,3871.97,21,1,1043,0,90.25,0,0
TXN004627,562.74,22,2,1346,0,57.3,0,0
TXN004628,526.91,23,1,871,0,121.35,0,0
TXN004629,3281.55,8,3,102,0,348.58,0,0
TXN004630,1677.94,20,5,1304,1,47.75,0,0
TXN004631,233.94,18,1,1180,0,99.24,0,0
TXN004632,639.51,1,2,1857,1,105.74,0,1
TXN004633,1613.86,23,3,926,0,321.9,0,0
TXN004634,2534.53,0,3,251,0,202.86,0,0
TXN004635,556.0,15,1,360,0,272.94,0,0
TXN004636,59.49,21,2,182,0,212.79,0,0
TXN004637,1850.52,17,6,1384,0,161.67,0,0
TXN004638,323.66,2,2,326,0,25.57,0,1
TXN004639,145.86,23,2,1748,0,322.1,0,0
TXN004640,64.57,0,2,610,0,168.24,1,0
TXN004641,2474.96,5,4,760,0,217.42,0,0
TXN004642,1247.15,18,1,1524,0,271.52,0,0
TXN004643,875.1,21,4,1110,0,67.24,0,0
TXN004644,4398.52,18,6,1554,0,103.51,0,0
TXN004645,2074.19,10,5,1056,0,140.28,0,0
TXN004646,5520.92,7,2,933,0,75.56,0,0
TXN004647,272.4,4,1,1869,0,53.84,0,1
TXN004648,1059.39,19,3,600,0,269.97,0,0
TXN004649,217.74,8,5,1934,0,252.24,0,0
TXN004650,871.85,14,5,833,0,320.87,0,0
TXN004651,855.24,20,2,724,0,214.74,0,0
TXN004652,2052.09,13,3,620,0,67.24,0,0
TXN004653,1147.76,3,5,1898,0,71.28,0,0
TXN004654,2045.52,23,6,1531,0,135.06,0,0
TXN004655,2215.96,23,2,198,0,324.98,0,0
TXN004656,9460.96,7,6,1127,0,76.52,0,0
TXN004657,800.07,19,1,600,0,261.39,0,0
TXN004658,427.94,16,3,1215,0,65.67,0,0
TXN004659,1402.6,1,0,1595,0,74.39,0,0
TXN004660,491.63,19,2,118,0,251.24,0,0
TXN004661,4826.91,15,2,1371,0,204.3,0,0
TXN004662,826.15,9,2,99,0,42.03,0,0
TXN004663,622.92,1,0,852,0,315.83,0,0
TXN004664,684.5,10,2,1553,0,276.36,0,0
TXN004665,2249.4,9,3,898,0,287.39,0,0
TXN004666,936.6,18,6,641,0,114.4,0,0
TXN004667,577.28,13,6,1029,0,71.72,0,0
TXN004668,5798.48,10,2,125,1,341.22,0,0
TXN004669,465.83,8,5,819,1,159.7,0,0
TXN004670,1136.34,6,3,1428,0,481.2,0,0
TXN004671,2105.5,14,6,382,0,52.7,0,0
TXN004672,214.58,19,4,1044,0,668.57,0,0
TXN004673,1772.7,16,4,1587,0,85.82,0,0
TXN004674,381.8,2,3,897,1,87.35,0,0
TXN004675,2496.84,14,2,623,0,49.12,0,0
TXN004676,418.78,13,1,1273,0,603.56,0,0
TXN004677,2192.44,7,5,426,0,7.29,0,0
TXN004678,3313.74,3,3,1519,0,115.42,0,0
TXN004679,2595.25,9,2,1844,1,81.88,0,0
TXN004680,1409.96,1,4,1967,0,31.23,0,0
TXN004681,870.18,13,4,1127,0,224.84,0,0
TXN004682,616.21,7,1,528,0,411.47,0,0
TXN004683,4774.45,22,3,1119,0,50.25,0,0
TXN004684,544.85,9,4,1323,0,123.92,0,0
TXN004685,388.75,17,4,1469,0,155.39,1,1
TXN004686,2133.18,14,5,536,0,89.12,0,0
TXN004687,494.66,4,4,955,0,458.13,0,0
TXN004688,424.09,21,5,176,0,111.42,0,0
TXN004689,258.89,12,3,1890,0,731.11,0,0
TXN004690,676.61,17,2,791,0,62.97,0,0
TXN004691,1009.58,1,4,717,0,13.69,0,0
TXN004692,1398.41,12,5,125,0,154.01,0,0
TXN004693,2839.28,13,1,919,0,312.04,1,0
TXN004694,1857.33,9,6,1383,0,88.5,0,0
TXN004695,906.08,3,8,674,0,36.84,0,0
TXN004696,899.47,14,3,1259,0,241.26,0,0
TXN004697,1826.5,7,1,1988,0,56.87,0,0
TXN004698,3915.0,14,2,263,1,264.34,0,0
TXN004699,1244.28,13,6,712,0,54.76,0,0
TXN004700,685.99,20,3,1456,0,146.67,0,0
TXN004701,406.32,8,3,360,1,393.55,0,0
TXN004702,258.47,19,1,512,0,41.21,0,0
TXN004703,2135.1,2,4,1220,0,309.36,0,0
TXN004704,1954.67,14,6,1035,0,55.52,0,0
TXN004705,1953.47,23,0,1923,0,194.54,0,0
TXN004706,964.24,16,4,529,0,50.28,0,0
TXN004707,4478.01,15,3,856,0,21.9,0,0
TXN004708,675.79,3,2,778,0,196.33,0,0
TXN004709,2850.56,10,3,779,0,162.65,0,0
TXN004710,1054.96,7,3,123,0,92.39,0,0
TXN004711,596.84,2,0,1233,0,6.73,0,0
TXN004712,1983.33,18,3,379,0,116.08,0,0
TXN004713,1651.83,13,6,1292,0,28.98,0,0
TXN004714,1567.09,8,6,1999,0,80.18,0,0
TXN004715,1189.49,2,5,232,0,158.83,0,0
TXN004716,1055.86,3,2,243,0,504.48,0,0
TXN004717,11948.63,3,1,1319,0,128.89,0,0
TXN004718,3584.08,10,0,136,0,39.0,0,0
TXN004719,2259.34,18,1,880,0,526.13,0,0
TXN004720,1226.35,15,3,403,0,4.73,0,0
TXN004721,3002.37,22,2,1324,0,185.31,1,0
TXN004722,1840.87,21,2,1369,0,54.78,0,0
TXN004723,1125.75,16,1,1088,0,255.02,0,0
TXN004724,809.52,9,5,576,0,72.41,0,0
TXN004725,1011.39,23,1,1054,0,100.79,1,0
TXN004726,46.04,16,2,588,1,264.87,0,1
TXN004727,1353.71,15,4,1162,0,410.58,0,0
TXN004728,672.85,19,2,1164,0,36.28,0,0
TXN004729,5391.99,21,4,1298,0,63.25,0,0
TXN004730,1118.05,5,4,1327,0,0.78,0,1
TXN004731,333.97,6,2,1079,0,349.55,0,0
TXN004732,1043.27,13,2,345,0,529.18,0,0
TXN004733,385.24,10,7,687,0,58.99,0,0
TXN004734,1760.6,11,5,348,0,87.37,0,0
TXN004735,1466.96,13,3,582,0,100.85,0,0
TXN004736,2857.89,4,3,751,0,94.9,0,0
TXN004737,497.26,4,4,1096,0,89.82,0,0
TXN004738,1134.57,19,4,765,0,116.28,0,0
TXN004739,280.05,21,4,1347,0,30.06,0,0
TXN004740,2211.65,22,1,1303,0,10.69,0,0
TXN004741,1842.49,14,5,1720,0,231.42,0,0
TXN004742,1800.47,0,5,1742,0,337.41,0,1
TXN004743,1098.41,23,2,1365,0,299.11,0,0
TXN004744,1660.33,22,3,1018,0,177.33,0,0
TXN004745,5455.28,8,4,718,0,624.19,0,0
TXN004746,824.61,2,2,454,0,0.28,0,0
TXN004747,1259.72,3,3,753,0,69.3,0,0
TXN004748,370.14,15,4,1241,0,66.8,0,0
TXN004749,460.24,6,2,1948,0,77.45,0,0
TXN004750,1209.32,21,4,384,0,289.69,0,0
TXN004751,3307.45,13,3,628,0,77.96,0,0
TXN004752,848.71,15,3,341,0,134.79,0,0
TXN004753,866.17,17,1,1769,0,171.32,0,0
TXN004754,730.05,15,2,1499,0,336.03,0,0
TXN004755,642.42,15,3,658,0,172.22,0,0
TXN004756,1472.87,1,1,1792,0,86.43,0,1
TXN004757,245.36,9,2,603,0,213.59,0,0
TXN004758,3947.9,6,1,641,0,130.45,0,0
TXN004759,563.73,14,1,1735,0,135.29,0,0
TXN004760,2257.25,8,4,1939,0,73.48,0,0
TXN004761,307.97,6,2,1209,0,0.29,0,0
TXN004762,2140.6,23,5,1090,0,79.17,0,0
TXN004763,2147.25,15,2,817,0,64.9,0,0
TXN004764,1610.34,2,3,576,0,19.03,0,0
TXN004765,405.68,16,3,1491,1,39.86,0,0
TXN004766,1407.47,22,7,1380,0,712.36,0,0
TXN004767,335.94,7,5,383,0,59.08,0,0
TXN004768,851.7,1,3,1315,0,131.43,1,1
TXN004769,3069.94,19,2,48,0,143.46,0,0
TXN004770,2432.57,2,4,1415,0,147.79,0,0
TXN004771,1113.41,7,4,1061,0,8.73,0,0
TXN004772,413.72,1,7,1485,0,265.69,0,0
TXN004773,2091.4,18,3,1531,0,235.91,0,0
TXN004774,1118.09,16,4,1503,0,680.52,0,0
TXN004775,107.74,4,3,813,1,36.75,0,0
TXN004776,2398.57,19,2,1426,0,145.25,0,0
TXN004777,1070.38,16,3,1931,0,293.18,0,0
TXN004778,3649.89,9,2,1589,0,23.9,0,0
TXN004779,366.77,8,2,1974,0,280.55,0,0
TXN004780,45.75,21,2,1706,0,56.64,0,0
TXN004781,1449.66,5,3,1172,0,59.34,0,0
TXN004782,1467.86,10,2,486,0,524.04,0,0
TXN004783,202.21,1,4,955,0,67.8,0,0
TXN004784,412.2,22,1,1062,0,157.98,0,0
TXN004785,17243.97,11,2,1500,0,104.4,1,0
TXN004786,807.86,11,3,1221,0,14.65,0,0
TXN004787,2277.79,15,4,1828,0,540.98,0,0
TXN004788,572.12,21,0,1773,0,43.28,0,0
TXN004789,135.6,23,3,1853,0,56.08,0,0
TXN004790,924.95,11,1,986,0,85.25,0,0
TXN004791,840.83,20,2,1625,0,124.24,0,0
TXN004792,735.18,17,2,1914,1,28.05,0,0
TXN004793,977.85,12,7,1416,0,178.93,0,0
TXN004794,1428.34,14,3,1616,0,130.14,0,0
TXN004795,943.77,15,3,581,0,64.98,0,0
TXN004796,309.82,3,3,1936,0,212.36,0,0
TXN004797,1783.24,11,3,876,0,129.91,1,0
TXN004798,156.12,16,3,296,0,330.64,0,0
TXN004799,141.12,0,3,358,0,348.09,1,0
TXN004800,2296.59,21,4,1069,0,705.13,0,0
TXN004801,1820.78,17,3,310,0,12.55,0,0
TXN004802,1035.46,21,2,1469,0,93.51,0,0
TXN004803,271.66,15,8,1034,0,125.31,0,0
TXN004804,540.28,0,2,1767,0,47.94,0,0
TXN004805,843.24,9,4,1959,0,459.27,0,0
TXN004806,222.32,18,2,507,0,16.61,0,0
TXN004807,523.73,15,4,1494,0,100.71,0,0
TXN004808,2105.55,13,1,1649,0,36.86,0,0
TXN004809,4570.17,1,2,1350,0,206.31,0,0
TXN004810,720.95,23,0,1433,0,219.74,0,0
TXN004811,2336.68,5,1,1023,0,370.75,1,0
TXN004812,161.73,21,1,94,1,94.66,0,0
TXN004813,2120.59,22,3,189,0,268.59,0,1
TXN004814,490.81,4,4,1669,0,143.56,1,0
TXN004815,1491.21,11,6,1916,0,301.1,0,0
TXN004816,855.98,3,4,1229,0,16.06,0,0
TXN004817,4106.86,21,6,1619,0,112.07,1,1
TXN004818,457.4,23,1,1178,0,29.37,0,0
TXN004819,2054.13,3,4,104,0,281.22,0,0
TXN004820,829.23,4,2,1687,0,29.82,0,0
TXN004821,936.07,6,6,582,0,1.46,0,0
TXN004822,912.46,5,1,534,0,477.45,0,0
TXN004823,470.75,12,4,1392,0,119.31,0,0
TXN004824,1081.28,3,1,911,0,758.25,0,1
TXN004825,1030.04,12,5,602,0,108.59,0,0
TXN004826,1395.82,3,4,1188,0,160.84,0,0
TXN004827,1193.33,9,2,978,0,245.39,0,0
TXN004828,2435.71,19,3,1530,0,59.33,0,0
TXN004829,2761.44,0,4,1031,0,25.66,0,0
TXN004830,383.51,20,3,643,0,194.78,0,0
TXN004831,2614.35,7,2,82,0,128.66,0,0
TXN004832,334.84,6,1,257,0,315.6,0,0
TXN004833,1974.08,4,7,1918,0,8.3,0,0
TXN004834,2038.03,2,3,129,0,141.65,0,0
TXN004835,162.18,14,2,951,0,36.99,0,0
TXN004836,1203.49,16,3,1530,0,172.9,0,0
TXN004837,686.43,22,6,858,0,257.21,0,0
TXN004838,513.49,12,5,1402,0,54.93,0,0
TXN004839,4233.79,14,4,1088,0,118.33,1,0
TXN004840,570.39,18,1,288,0,98.11,0,0
TXN004841,489.62,19,1,1419,0,253.07,0,0
TXN004842,1182.87,13,1,1534,1,164.87,0,0
TXN004843,2176.75,20,2,349,0,23.15,0,0
TXN004844,951.8,12,4,168,0,677.05,0,0
TXN004845,3520.54,11,4,1955,0,438.17,0,0
TXN004846,1864.92,23,4,159,0,155.6,0,0
TXN004847,124.19,22,7,990,0,270.49,1,0
TXN004848,645.83,8,3,1016,0,3.63,0,0
TXN004849,625.25,2,5,837,1,40.5,0,0
TXN004850,1771.11,10,4,1436,0,262.88,0,0
TXN004851,79.45,9,3,647,0,20.21,0,0
TXN004852,14030.79,0,4,940,0,7.86,0,0
TXN004853,1865.02,16,2,128,0,172.15,0,0
TXN004854,1272.68,12,4,1467,1,6.27,0,0
TXN004855,3574.45,13,3,803,0,36.41,0,0
TXN004856,11426.08,0,7,895,0,15.01,0,0
TXN004857,2619.52,1,5,50,0,137.55,0,0
TXN004858,2832.21,1,2,1789,0,203.38,0,1
TXN004859,1249.74,6,2,1494,0,36.45,0,0
TXN004860,951.91,8,4,1748,1,113.86,0,1
TXN004861,681.44,23,3,881,0,3.67,0,0
TXN004862,480.05,3,5,1408,1,55.34,0,1
TXN004863,551.69,1,5,732,0,35.63,0,0
TXN004864,284.13,18,3,1958,0,32.67,0,0
TXN004865,1016.51,4,3,337,0,45.89,0,0
TXN004866,203.43,8,2,1858,1,294.57,0,0
TXN004867,1327.32,23,3,1251,0,538.34,0,0
TXN004868,1057.51,12,4,487,0,220.38,0,0
TXN004869,1270.21,11,5,786,0,13.5,0,0
TXN004870,650.58,18,4,550,0,178.07,0,0
TXN004871,23786.19,8,3,1534,0,238.44,0,0
TXN004872,4273.19,9,8,664,0,21.2,0,0
TXN004873,315.91,18,0,1965,0,62.75,0,0
TXN004874,1384.19,9,5,1085,0,100.67,0,0
TXN004875,597.05,11,4,1411,0,66.98,0,0
TXN004876,397.63,13,1,1165,0,131.48,0,0
TXN004877,287.13,7,3,753,0,25.26,0,0
TXN004878,1689.55,15,3,1312,0,105.9,0,0
TXN004879,554.81,16,3,939,0,237.88,0,0
TXN004880,2886.58,19,5,306,0,111.22,0,0
TXN004881,2962.48,3,2,357,0,42.53,0,0
TXN004882,4332.56,5,4,145,0,291.61,0,0
TXN004883,467.6,11,1,1291,0,90.28,0,0
TXN004884,1764.05,17,5,1740,0,99.64,0,0
TXN004885,2064.11,6,4,1586,0,79.66,1,0
TXN004886,682.54,4,2,1351,1,61.58,0,1
TXN004887,506.86,9,1,893,0,165.81,0,0
TXN004888,5483.62,5,1,1710,0,37.44,0,0
TXN004889,1376.77,13,4,581,0,263.94,0,0
TXN004890,2071.37,5,0,1111,0,118.3,0,0
TXN004891,481.99,13,3,1168,0,387.11,0,0
TXN004892,323.99,11,5,417,0,503.12,0,0
TXN004893,620.52,21,4,1607,0,86.91,0,0
TXN004894,968.72,11,1,1908,0,31.13,0,0
TXN004895,378.33,7,2,342,0,126.67,0,0
TXN004896,1085.89,9,3,577,0,56.76,0,0
TXN004897,202.65,15,3,282,0,100.09,0,0
TXN004898,357.79,19,4,1105,0,85.31,0,0
TXN004899,2145.04,7,2,947,0,107.77,0,0
TXN004900,2005.78,8,5,1910,0,124.25,0,0
TXN004901,741.09,12,2,1505,0,177.72,0,0
TXN004902,396.33,19,3,551,0,0.69,0,0
TXN004903,392.52,16,5,181,0,53.33,0,0
TXN004904,755.01,18,4,1984,0,33.59,0,0
TXN004905,2089.16,16,5,1935,0,223.09,0,0
TXN004906,2774.56,6,2,1899,0,321.43,0,0
TXN004907,667.45,0,1,1713,0,232.87,0,0
TXN004908,346.02,19,4,1419,0,661.59,0,0
TXN004909,1433.46,13,4,1562,0,14.47,0,0
TXN004910,481.29,16,5,81,0,112.51,0,0
TXN004911,653.11,12,1,1812,0,413.34,0,0
TXN004912,4126.88,1,1,1323,0,69.18,0,1
TXN004913,2507.69,13,3,964,0,291.8,0,0
TXN004914,1284.31,0,3,614,0,148.49,0,0
TXN004915,307.38,4,2,279,0,691.62,0,0
TXN004916,1354.78,6,3,1727,0,83.46,0,0
TXN004917,3173.71,18,7,625,0,97.17,0,0
TXN004918,753.23,13,3,864,0,32.2,0,0
TXN004919,4234.9,23,2,1513,0,31.31,0,0
TXN004920,3994.79,13,2,528,0,355.19,0,0
TXN004921,5789.1,14,4,141,0,94.15,0,0
TXN004922,1488.08,4,4,1156,0,174.39,0,0
TXN004923,1973.16,4,1,1065,0,251.16,1,0
TXN004924,4510.61,20,3,839,0,103.8,0,0
TXN004925,1715.39,23,2,499,0,553.4,0,0
TXN004926,664.32,1,2,768,0,501.02,0,1
TXN004927,700.26,17,3,1285,0,205.16,0,0
TXN004928,1392.08,23,3,956,0,961.34,0,0
TXN004929,301.7,8,6,533,0,0.48,0,1
TXN004930,950.27,9,6,1508,0,1.67,0,0
TXN004931,3283.11,17,6,1702,0,12.59,0,0
TXN004932,122.58,3,0,923,1,517.3,0,0
TXN004933,5087.2,7,2,1616,0,167.12,0,0
TXN004934,3369.01,17,5,1090,0,472.9,0,0
TXN004935,692.45,19,4,1203,0,24.47,0,0
TXN004936,1888.22,16,1,166,0,5.85,0,1
TXN004937,1100.09,15,2,493,0,141.06,0,0
TXN004938,3751.8,17,2,1169,0,34.67,0,0
TXN004939,2929.78,6,1,1628,0,353.69,0,0
TXN004940,270.41,0,1,1394,1,98.18,0,0
TXN004941,1972.91,0,2,358,0,264.9,0,0
TXN004942,892.81,17,2,1449,0,130.78,0,0
TXN004943,1191.34,3,2,1848,0,135.4,0,0
TXN004944,529.44,22,1,1169,1,206.14,0,0
TXN004945,6298.94,19,7,844,0,73.56,0,0
TXN004946,3102.8,20,5,1039,1,535.13,0,0
TXN004947,523.34,19,2,358,0,92.07,0,0
TXN004948,288.7,3,2,504,0,91.36,0,0
TXN004949,745.7,5,1,825,0,221.22,0,0
TXN004950,1693.42,2,1,64,0,182.03,0,0
TXN004951,1394.38,5,2,392,0,984.29,0,0
TXN004952,3839.64,12,4,195,0,341.76,0,0
TXN004953,2416.12,22,3,1661,0,60.28,0,0
TXN004954,2891.61,6,2,710,0,19.28,1,0
TXN004955,1520.59,23,6,864,0,20.3,0,0
TXN004956,273.34,3,10,725,0,80.78,0,0
TXN004957,901.72,0,0,1702,0,116.74,1,0
TXN004958,3165.57,5,3,416,0,182.46,0,0
TXN004959,1041.56,23,2,592,0,351.0,0,0
TXN004960,1813.64,4,4,1281,0,820.84,0,1
TXN004961,797.32,12,5,618,0,94.58,0,0
TXN004962,391.58,18,1,462,0,141.97,0,0
TXN004963,969.38,3,1,255,0,165.27,0,1
TXN004964,1493.75,23,4,1019,0,147.19,0,0
TXN004965,569.25,5,3,1773,0,17.04,0,0
TXN004966,866.35,12,3,1022,0,22.0,0,0
TXN004967,428.61,4,2,1728,0,395.28,0,0
TXN004968,3358.48,12,4,45,0,202.63,0,0
TXN004969,816.92,9,2,1221,0,204.4,0,0
TXN004970,4687.97,2,0,866,0,303.52,0,0
TXN004971,5058.11,22,0,1061,0,15.82,0,0
TXN004972,1011.26,12,1,1491,1,96.65,0,0
TXN004973,400.03,11,2,1726,0,50.99,0,0
TXN004974,136.2,3,3,1488,0,194.61,0,0
TXN004975,251.63,9,2,763,0,43.56,0,0
TXN004976,277.6,2,2,1439,0,212.05,0,0
TXN004977,4352.34,16,1,195,0,88.35,0,0
TXN004978,1231.3,8,3,341,0,104.18,0,0
TXN004979,1619.07,0,3,1795,0,306.69,0,0
TXN004980,119.05,17,2,561,0,77.03,0,0
TXN004981,330.97,8,3,1105,0,53.37,0,0
TXN004982,2662.66,20,1,1958,0,341.8,0,0
TXN004983,1460.85,19,5,350,0,208.16,0,0
TXN004984,946.52,8,3,607,0,93.12,0,0
TXN004985,1929.16,1,5,1041,0,124.25,0,0
TXN004986,5629.62,18,6,304,0,76.95,0,0
TXN004987,879.15,15,1,1965,0,144.22,0,0
TXN004988,1175.41,2,3,774,0,26.88,0,1
TXN004989,1329.55,15,4,482,0,394.78,0,0
TXN004990,11993.37,20,2,1917,0,145.36,0,0
TXN004991,134.38,12,3,1329,0,87.58,0,0
TXN004992,2171.61,2,4,904,0,152.58,0,1
TXN004993,977.69,9,5,1361,0,31.64,0,0
TXN004994,1932.89,21,4,1707,0,14.71,0,0
TXN004995,568.29,17,3,1687,0,142.98,0,0
TXN004996,1044.23,5,4,1770,0,13.16,0,0
TXN004997,2233.69,5,2,1144,0,194.65,1,0
TXN004998,24659.32,17,3,960,0,289.92,1,0
TXN004999,2460.29,5,1,1494,0,801.71,0,0
TXN005000,469.62,5,6,1687,0,263.95,0,0
TXN005001,717.84,21,2,1471,0,657.81,0,0
TXN005002,696.86,12,4,728,0,4.04,0,0
TXN005003,182.06,13,5,1645,0,147.31,0,0
TXN005004,788.32,20,2,697,0,32.4,0,0
TXN005005,2282.05,6,3,1992,0,50.62,0,0
TXN005006,306.67,12,2,1472,0,238.73,0,0
TXN005007,3129.04,14,3,1452,0,52.46,1,0
TXN005008,1786.07,11,1,288,0,35.68,0,0
TXN005009,526.24,20,2,952,0,83.69,0,0
TXN005010,951.91,0,6,1692,0,15.65,0,1
TXN005011,5422.55,2,2,912,0,28.51,0,1
TXN005012,2283.69,17,2,33,0,28.5,0,0
TXN005013,1106.31,21,2,1266,0,46.13,0,0
TXN005014,864.64,7,7,1459,0,368.21,0,0
TXN005015,1183.95,1,0,98,0,62.98,0,0
TXN005016,657.36,3,4,902,0,57.6,0,0
TXN005017,133.65,17,5,1284,0,24.24,0,0
TXN005018,8452.17,12,4,820,0,2.92,0,0
TXN005019,1280.91,14,4,1012,0,31.46,0,0
TXN005020,1632.96,1,2,938,0,231.05,0,0
TXN005021,1034.93,9,5,1625,1,630.26,0,0
TXN005022,525.78,1,2,312,0,245.13,0,0
TXN005023,910.57,20,4,660,0,345.4,0,0
TXN005024,221.54,11,2,1359,0,278.15,0,0
TXN005025,10690.24,4,2,1045,0,63.19,0,1
TXN005026,319.09,11,7,1321,0,236.5,0,0
TXN005027,390.74,22,8,1191,0,249.96,0,0
TXN005028,706.09,0,5,78,0,53.85,0,0
TXN005029,3976.18,1,6,1795,0,456.11,0,0
TXN005030,1112.66,15,4,1785,0,1113.94,0,0
TXN005031,318.58,21,6,1928,0,148.31,0,0
TXN005032,3844.27,1,1,1088,0,68.52,0,0
TXN005033,2277.88,15,4,963,0,79.66,0,0
TXN005034,1878.89,19,1,211,0,157.2,0,0
TXN005035,2243.37,15,2,149,0,1.41,0,1
TXN005036,12020.42,5,3,1841,0,66.36,0,0
TXN005037,9750.71,12,1,297,0,9.04,0,1
TXN005038,551.85,11,3,800,0,176.16,0,0
TXN005039,5562.96,22,3,799,0,166.77,0,0
TXN005040,1608.68,9,4,1529,0,160.95,0,0
TXN005041,1806.41,4,4,307,1,29.46,0,0
TXN005042,201.89,7,4,832,0,520.64,0,0
TXN005043,924.83,5,1,1290,0,137.53,0,0
TXN005044,486.47,4,3,1297,0,146.09,0,0
TXN005045,2510.05,19,3,550,0,141.45,0,0
TXN005046,3200.56,21,3,884,0,133.78,0,0
TXN005047,137.76,5,0,1307,1,501.76,0,0
TXN005048,1072.73,21,3,814,0,165.85,0,0
TXN005049,3367.28,16,2,683,0,119.49,0,0
TXN005050,909.89,5,4,273,0,261.78,0,0
TXN005051,2273.47,16,3,957,1,52.13,0,0
TXN005052,1558.01,4,4,1669,0,38.38,0,0
TXN005053,1543.27,22,1,727,1,104.11,0,0
TXN005054,836.05,16,3,1089,0,2.85,0,0
TXN005055,324.87,16,4,1214,0,62.54,0,0
TXN005056,357.26,12,3,999,0,98.07,0,0
TXN005057,2229.1,21,3,1629,0,155.59,0,0
TXN005058,1118.18,6,6,1194,0,141.03,0,0
TXN005059,954.79,21,2,703,0,82.43,0,0
TXN005060,717.74,20,1,1954,0,75.68,0,0
TXN005061,808.2,5,2,1507,0,0.24,0,0
TXN005062,3124.13,13,4,1982,0,383.32,0,0
TXN005063,784.27,15,5,1186,0,47.34,0,0
TXN005064,286.84,2,4,1676,0,79.77,0,0
TXN005065,2306.88,8,1,741,0,3.68,1,1
TXN005066,893.48,14,1,1327,0,565.72,0,0
TXN005067,1131.61,20,3,1654,0,122.82,0,0
TXN005068,5472.98,17,3,47,0,4.24,0,0
TXN005069,1074.32,9,1,951,0,52.07,0,0
TXN005070,1464.37,9,2,1905,0,380.54,0,0
TXN005071,337.34,22,5,1329,0,84.8,0,0
TXN005072,880.36,2,1,1924,0,210.47,0,0
TXN005073,2017.32,0,1,1413,0,171.28,0,0
TXN005074,231.51,2,2,1946,1,114.94,0,1
TXN005075,1340.56,4,6,1905,0,322.39,0,0
TXN005076,1212.93,6,3,906,0,7.41,0,0
TXN005077,1142.86,2,2,1825,0,438.34,0,0
TXN005078,3093.81,3,2,51,0,227.89,0,0
TXN005079,1532.17,16,2,1948,0,358.74,0,0
TXN005080,4808.17,2,0,246,1,3.07,0,0
TXN005081,406.02,22,3,882,0,15.95,0,0
TXN005082,1256.3,3,3,1519,0,41.49,0,0
TXN005083,1193.29,1,1,1546,0,162.06,0,0
TXN005084,376.44,13,3,523,0,17.46,0,0
TXN005085,2853.48,4,3,230,0,482.69,0,0
TXN005086,11211.25,20,4,1318,0,248.52,0,0
TXN005087,1078.14,1,3,1752,0,296.67,0,0
TXN005088,1817.14,14,5,1342,0,157.81,0,0
TXN005089,1193.35,10,5,902,0,179.43,0,0
TXN005090,537.22,21,2,292,1,44.97,0,1
TXN005091,177.55,9,2,446,0,433.51,0,1
TXN005092,541.44,19,3,95,0,188.41,0,0
TXN005093,272.61,0,3,1039,0,97.35,0,0
TXN005094,6027.59,18,3,1564,1,384.17,0,0
TXN005095,977.39,13,0,485,1,358.88,0,0
TXN005096,775.94,22,3,638,0,0.1,0,1
TXN005097,2668.19,21,2,984,1,465.86,0,1
TXN005098,357.18,13,0,1856,0,81.3,0,0
TXN005099,509.35,0,4,122,0,98.72,0,1
TXN005100,1173.88,8,4,1725,0,16.05,0,0
TXN005101,3067.96,16,3,798,0,378.05,0,0
TXN005102,1811.09,13,3,1682,0,139.46,0,0
TXN005103,1405.75,12,4,892,0,425.04,0,0
TXN005104,1185.73,12,3,209,0,273.21,0,0
TXN005105,1636.37,5,6,1088,0,410.87,0,0
TXN005106,1341.65,6,4,1349,0,533.07,0,0
TXN005107,391.52,1,2,457,0,390.73,0,1
TXN005108,1148.35,7,3,1348,0,42.39,0,0
TXN005109,374.77,23,1,561,0,13.08,1,0
TXN005110,1189.26,5,3,1406,0,174.29,0,0
TXN005111,678.14,2,4,244,0,30.33,0,0
TXN005112,13896.35,17,5,1952,0,357.94,0,0
TXN005113,1053.74,17,4,1106,0,530.3,0,0
TXN005114,269.28,21,2,1193,0,23.27,1,0
TXN005115,958.93,22,3,1701,0,48.42,0,0
TXN005116,1843.38,5,3,477,0,176.66,0,0
TXN005117,5845.13,10,2,710,0,232.55,0,0
TXN005118,608.23,2,4,908,0,129.25,0,0
TXN005119,225.33,15,3,1687,0,82.89,0,0
TXN005120,2482.04,4,4,1704,0,65.76,0,0
TXN005121,275.72,23,4,55,0,197.37,0,0
TXN005122,708.99,21,3,1780,0,245.66,0,0
TXN005123,847.58,1,7,1603,0,61.35,0,0
TXN005124,1022.87,14,2,674,0,71.01,0,0
TXN005125,2184.55,15,7,1341,0,110.94,1,0
TXN005126,553.56,6,4,226,0,107.68,0,0
TXN005127,834.03,15,4,141,0,332.88,0,0
TXN005128,1081.09,23,5,1708,0,103.38,0,0
TXN005129,1273.59,3,2,1928,1,690.39,0,1
TXN005130,1209.34,15,1,1873,0,67.04,0,0
TXN005131,1695.96,16,3,1524,1,212.46,0,0
TXN005132,2549.98,1,3,1422,0,256.08,0,0
TXN005133,1623.98,15,4,411,0,179.16,0,0
TXN005134,1726.04,3,5,1081,0,82.32,0,0
TXN005135,225.38,6,7,1200,1,53.57,1,0
TXN005136,1153.12,17,5,1363,0,166.87,0,0
TXN005137,1771.37,5,5,407,0,193.46,0,0
TXN005138,2273.19,17,2,1134,0,53.62,0,0
TXN005139,548.75,6,2,1068,0,73.84,0,0
TXN005140,567.34,1,0,810,0,356.57,1,0
TXN005141,617.64,18,6,1268,0,299.42,0,0
TXN005142,1875.09,8,2,52,0,36.55,0,1
TXN005143,3083.69,3,6,365,0,487.51,0,0
TXN005144,729.63,13,6,1243,0,178.01,0,0
TXN005145,2718.84,4,3,310,0,123.6,0,0
TXN005146,1240.76,6,2,189,0,40.36,0,0
TXN005147,968.47,7,3,1714,0,235.81,0,0
TXN005148,887.68,14,4,1438,0,456.43,1,0
TXN005149,2313.72,18,1,313,0,12.09,0,0
TXN005150,1518.65,10,1,120,0,132.39,0,0
TXN005151,10676.77,19,5,1681,0,377.4,1,0
TXN005152,467.68,22,1,1784,0,548.55,0,0
TXN005153,1841.07,3,2,522,0,13.48,0,0
TXN005154,646.0,17,0,513,1,281.82,0,1
TXN005155,459.76,13,4,169,0,59.48,0,0
TXN005156,1084.78,5,1,1516,0,140.36,0,0
TXN005157,1258.09,15,4,1073,0,275.62,0,0
TXN005158,20295.89,17,6,1929,0,141.8,0,0
TXN005159,912.2,0,2,1392,0,20.99,0,0
TXN005160,354.19,7,1,1872,0,160.72,0,0
TXN005161,1440.88,0,4,1463,1,22.56,1,0
TXN005162,137.74,0,3,1650,0,76.83,0,0
TXN005163,1000.29,18,4,1666,0,147.05,0,0
TXN005164,1114.35,20,2,968,0,856.39,0,0
TXN005165,2427.46,9,1,463,0,233.65,0,0
TXN005166,2903.36,17,5,1255,0,65.05,0,0
TXN005167,662.77,11,1,953,0,376.55,0,0
TXN005168,943.3,16,2,1975,0,46.15,1,0
TXN005169,509.73,0,2,1898,0,87.21,0,0
TXN005170,354.94,7,2,54,0,187.44,0,0
TXN005171,1495.02,9,7,1936,0,95.15,0,0
TXN005172,306.87,9,6,1084,0,235.4,0,0
TXN005173,724.42,17,4,1521,0,189.28,0,0
TXN005174,405.38,8,5,1260,0,198.08,0,0
TXN005175,1900.14,1,4,1455,0,98.13,0,0
TXN005176,6643.74,2,1,197,0,10.21,0,0
TXN005177,298.39,1,2,1396,0,371.03,0,1
TXN005178,171.91,5,1,1120,0,13.84,0,0
TXN005179,967.88,22,1,1756,0,112.26,0,0
TXN005180,1113.98,11,6,1064,0,64.7,0,0
TXN005181,1364.66,21,2,440,1,63.26,1,1
TXN005182,701.82,18,2,1218,1,46.26,0,0
TXN005183,897.27,14,2,169,0,57.06,0,0
TXN005184,1583.69,18,2,510,0,559.57,0,0
TXN005185,3103.95,11,3,1465,0,643.94,0,0
TXN005186,155.24,17,6,1315,0,152.3,0,0
TXN005187,758.29,15,1,535,0,133.87,0,0
TXN005188,1358.05,1,1,867,0,8.92,0,0
TXN005189,437.91,10,3,969,0,293.09,0,0
TXN005190,6192.97,11,4,242,0,33.66,0,0
TXN005191,580.91,4,0,374,0,27.69,0,0
TXN005192,1052.27,23,2,588,0,99.32,0,0
TXN005193,1912.22,5,1,65,0,76.86,0,0
TXN005194,607.11,10,3,1647,0,18.29,0,0
TXN005195,173.02,20,4,1097,0,28.82,0,0
TXN005196,714.33,9,3,1796,0,876.85,0,0
TXN005197,3070.02,3,3,948,0,238.93,0,0
TXN005198,782.98,8,3,436,0,164.28,0,0
TXN005199,470.39,11,4,116,0,65.13,0,0
TXN005200,2767.42,9,4,1088,0,100.69,0,0
TXN005201,787.78,13,3,1914,0,177.99,0,0
TXN005202,658.42,4,3,1506,0,276.08,0,0
TXN005203,1273.41,0,1,1370,0,526.75,1,0
TXN005204,2370.25,4,2,750,0,23.56,0,0
TXN005205,11869.34,15,5,195,0,38.29,0,0
TXN005206,2507.99,4,1,1233,0,150.9,0,0
TXN005207,3497.63,4,4,1567,0,501.95,0,1
TXN005208,661.19,17,5,944,0,108.44,0,0
TXN005209,393.13,5,1,908,1,180.9,1,0
TXN005210,1167.16,20,2,476,0,62.6,0,0
TXN005211,1220.69,17,1,1760,0,300.59,0,0
TXN005212,372.97,9,1,1531,0,167.32,0,0
TXN005213,920.31,14,5,1406,0,86.57,0,0
TXN005214,1634.87,23,2,564,0,140.8,0,0
TXN005215,1572.46,21,2,1079,0,213.6,0,0
TXN005216,1815.81,10,2,59,0,43.23,0,0
TXN005217,1466.99,18,5,816,0,75.19,0,0
TXN005218,660.5,12,6,708,0,51.91,0,0
TXN005219,655.96,19,1,1655,0,580.12,0,0
TXN005220,330.65,2,1,253,1,7.91,0,1
TXN005221,6534.0,15,4,135,0,10.46,0,0
TXN005222,1111.48,6,3,1593,1,79.14,0,0
TXN005223,875.81,11,3,1692,0,139.0,0,0
TXN005224,433.2,14,1,1510,0,71.79,0,0
TXN005225,20653.87,7,2,90,0,350.0,0,0
TXN005226,374.9,22,4,205,1,33.41,0,0
TXN005227,714.19,16,4,1660,0,81.64,0,0
TXN005228,1662.1,0,4,1516,1,120.48,0,0
TXN005229,1998.62,20,4,637,0,40.65,0,0
TXN005230,2858.16,7,4,170,0,61.67,0,0
TXN005231,6684.91,13,3,115,0,530.14,0,0
TXN005232,1819.21,9,3,1541,0,132.2,1,1
TXN005233,381.45,18,7,664,0,366.78,0,0
TXN005234,848.15,7,3,1448,0,56.49,0,0
TXN005235,1491.94,18,0,382,0,170.59,0,0
TXN005236,8675.22,3,6,1781,0,259.33,0,0
TXN005237,271.02,9,2,1477,0,98.54,0,0
TXN005238,3650.34,22,3,1161,1,176.41,1,0
TXN005239,1312.8,2,1,208,0,358.09,0,0
TXN005240,2534.7,3,5,611,0,27.31,0,1
TXN005241,990.3,15,5,1005,0,78.86,0,0
TXN005242,472.28,23,4,1979,0,312.61,0,0
TXN005243,2323.6,3,1,668,0,47.26,0,0
TXN005244,2109.97,19,1,443,0,146.19,0,0
TXN005245,2898.81,19,3,235,0,103.73,0,0
TXN005246,1082.14,12,3,979,0,196.8,0,0
TXN005247,601.95,20,3,804,0,198.47,0,0
TXN005248,230.72,16,2,1120,0,155.5,0,0
TXN005249,2488.35,22,4,508,1,528.0,1,0
TXN005250,1675.54,15,2,1191,0,34.7,0,0
TXN005251,417.47,16,2,254,0,324.42,0,0
TXN005252,639.97,5,4,1114,0,121.0,0,0
TXN005253,687.62,2,1,1942,1,195.15,0,0
TXN005254,248.89,19,0,1667,0,57.57,0,0
TXN005255,484.11,23,0,1346,0,17.89,0,0
TXN005256,352.89,3,2,44,0,270.68,0,0
TXN005257,725.98,7,1,79,0,52.2,0,0
TXN005258,523.9,19,5,1825,0,89.06,0,0
TXN005259,215.51,8,2,1154,0,8.76,0,0
TXN005260,8288.22,21,5,1479,0,189.07,0,0
TXN005261,3837.36,0,2,993,0,209.34,0,0
TXN005262,503.2,12,1,1063,0,417.48,0,0
TXN005263,1440.03,1,4,785,0,398.99,0,0
TXN005264,1664.81,22,1,152,0,219.82,0,0
TXN005265,3608.64,9,4,691,0,69.98,0,0
TXN005266,483.67,22,2,1948,1,84.49,0,0
TXN005267,3268.57,18,0,700,1,86.54,0,0
TXN005268,634.03,16,3,1025,0,24.99,0,0
TXN005269,288.34,23,4,282,0,529.72,0,0
TXN005270,2262.3,12,5,1385,0,306.84,0,0
TXN005271,3986.86,13,2,1254,0,28.25,0,0
TXN005272,14587.34,10,2,1849,0,526.93,0,0
TXN005273,330.39,9,3,1151,0,333.53,0,0
TXN005274,2205.96,6,2,1275,0,452.07,0,0
TXN005275,727.93,9,5,749,0,60.55,0,0
TXN005276,2400.32,23,1,304,1,73.59,0,0
TXN005277,252.02,0,4,533,0,114.25,0,0
TXN005278,310.2,13,3,875,0,45.7,0,0
TXN005279,504.78,2,4,588,0,112.73,0,0
TXN005280,1186.74,12,4,656,0,1.66,0,1
TXN005281,577.62,1,4,1973,0,377.99,0,0
TXN005282,2119.75,16,2,725,0,31.88,0,0
TXN005283,3062.22,20,3,399,0,125.07,0,0
TXN005284,1997.35,2,5,552,0,475.67,0,0
TXN005285,5534.67,14,2,618,0,309.65,0,0
TXN005286,1662.08,7,5,1383,0,269.4,0,0
TXN005287,324.77,5,3,1274,0,167.4,0,0
TXN005288,4287.15,8,6,376,0,103.17,0,0
TXN005289,598.75,10,3,1619,0,106.32,0,0
TXN005290,2725.53,21,2,88,0,16.38,0,0
TXN005291,5290.85,1,3,734,0,12.06,0,0
TXN005292,1731.4,8,2,61,0,333.78,0,0
TXN005293,245.63,17,2,1711,0,94.56,0,0
TXN005294,437.81,18,8,1697,0,10.0,0,1
TXN005295,4116.44,21,1,237,0,195.81,0,0
TXN005296,926.0,17,3,367,0,206.97,0,0
TXN005297,1187.46,4,3,1266,0,46.45,0,0
TXN005298,2342.15,17,4,208,0,95.19,0,0
TXN005299,2200.24,11,3,1996,0,153.35,0,0
TXN005300,1449.25,3,6,339,0,163.27,0,0
TXN005301,890.1,14,3,438,0,128.81,0,0
TXN005302,802.18,10,5,1691,0,81.52,0,0
TXN005303,2586.08,18,5,167,0,12.83,0,0
TXN005304,1907.54,4,1,420,1,4.06,0,0
TXN005305,847.85,5,5,411,0,110.76,0,0
TXN005306,3236.06,12,4,1810,0,40.83,0,0
TXN005307,963.88,22,3,734,0,501.94,0,0
TXN005308,467.94,9,3,1918,1,184.11,0,0
TXN005309,513.39,23,2,1022,0,158.53,0,0
TXN005310,412.1,13,6,1564,0,93.92,0,0
TXN005311,835.13,3,5,1328,0,71.96,0,0
TXN005312,3765.83,19,5,676,0,35.68,0,0
TXN005313,490.24,22,2,1548,0,11.16,0,0
TXN005314,1324.08,11,1,74,0,181.17,0,0
TXN005315,568.68,14,1,1926,0,271.89,0,0
TXN005316,845.3,9,4,491,0,351.05,0,0
TXN005317,242.25,10,3,1091,0,231.92,0,0
TXN005318,879.6,8,2,1700,0,409.06,0,0
TXN005319,903.52,10,2,1995,0,731.38,0,0
TXN005320,1882.37,1,4,776,0,587.06,0,1
TXN005321,1370.98,12,1,1120,0,161.47,0,0
TXN005322,330.83,21,2,616,0,45.69,0,0
TXN005323,3242.82,7,1,293,0,20.24,0,0
TXN005324,1353.3,20,1,1655,0,918.64,0,0
TXN005325,1337.28,20,6,1667,0,66.37,0,0
TXN005326,1086.61,7,5,1568,0,6.22,0,0
TXN005327,653.43,0,0,634,0,89.28,0,0
TXN005328,1363.49,5,3,1065,1,248.17,0,1
TXN005329,1764.44,12,3,623,0,398.62,0,0
TXN005330,191.16,8,3,200,0,116.87,1,0
TXN005331,639.85,5,8,932,0,62.67,1,0
TXN005332,849.84,14,1,1403,0,271.24,0,0
TXN005333,1416.82,22,0,1287,1,126.13,0,1
TXN005334,3616.68,15,5,1357,0,16.19,0,0
TXN005335,506.87,3,2,1559,0,393.66,0,0
TXN005336,666.5,16,0,1005,0,191.98,0,0
TXN005337,656.86,8,5,1548,1,6.75,0,0
TXN005338,492.0,11,3,586,0,1.64,0,0
TXN005339,774.96,21,3,566,0,16.53,0,1
TXN005340,2370.37,18,4,33,0,310.63,0,0
TXN005341,382.28,19,1,1441,0,118.16,0,0
TXN005342,1682.13,11,7,259,0,73.52,0,0
TXN005343,199.96,21,3,975,0,51.61,0,0
TXN005344,625.57,5,3,1495,0,127.25,0,0
TXN005345,788.8,11,2,1502,0,15.6,0,0
TXN005346,5853.88,8,4,923,0,172.83,0,0
TXN005347,833.14,19,4,1927,0,86.2,0,0
TXN005348,121.36,4,5,224,1,351.91,0,0
TXN005349,148.58,20,5,185,0,252.75,0,0
TXN005350,1134.59,2,2,139,0,3.34,0,0
TXN005351,2025.9,1,1,1512,0,32.78,0,0
TXN005352,1596.32,7,1,1730,0,115.65,0,0
TXN005353,1296.69,9,4,1951,0,193.49,0,0
TXN005354,3506.1,14,0,1382,0,226.03,0,0
TXN005355,639.32,8,0,1050,0,304.95,0,0
TXN005356,2683.59,9,4,90,0,9.08,1,0
TXN005357,214.43,10,3,1774,0,3.36,0,0
TXN005358,443.66,8,2,666,1,165.16,1,0
TXN005359,180.0,13,1,1872,0,231.61,0,0
TXN005360,833.1,4,1,1852,0,278.11,0,1
TXN005361,1047.06,8,2,626,0,30.47,0,0
TXN005362,1229.18,3,1,750,0,623.75,0,0
TXN005363,1166.64,1,1,1799,0,46.91,0,1
TXN005364,433.74,18,0,1518,0,51.86,0,0
TXN005365,906.65,0,3,1096,0,30.16,0,0
TXN005366,245.32,20,6,1016,1,7.96,0,0
TXN005367,4286.51,0,1,313,0,298.67,0,0
TXN005368,809.47,11,4,792,0,1.02,0,0
TXN005369,672.58,10,3,1220,0,112.18,0,0
TXN005370,5371.92,0,3,1758,0,17.37,0,0
TXN005371,316.64,13,2,1453,0,8.25,0,0
TXN005372,355.82,10,1,608,0,491.06,0,0
TXN005373,366.42,6,2,748,0,314.15,0,0
TXN005374,1024.67,1,4,865,0,90.42,0,0
TXN005375,1688.56,14,3,577,0,110.45,0,0
TXN005376,2297.73,7,1,412,0,364.65,1,1
TXN005377,14357.03,21,2,827,0,286.87,0,1
TXN005378,115.65,19,5,378,0,211.75,0,0
TXN005379,2015.73,14,2,820,0,138.44,0,0
TXN005380,628.21,7,4,476,0,168.49,0,0
TXN005381,610.08,9,3,1740,0,89.97,1,1
TXN005382,590.06,18,11,1576,0,135.18,0,0
TXN005383,441.96,2,2,917,0,139.66,0,0
TXN005384,5910.73,19,3,1584,0,360.23,0,0
TXN005385,2546.05,13,5,1243,0,44.41,0,0
TXN005386,1122.37,8,2,101,0,50.97,0,0
TXN005387,4234.48,8,3,328,0,42.64,0,0
TXN005388,241.65,20,2,1128,0,155.79,0,0
TXN005389,289.83,5,1,1946,0,213.83,0,0
TXN005390,124.22,7,4,678,0,49.04,0,0
TXN005391,544.89,10,3,779,0,203.4,0,0
TXN005392,1289.1,7,1,310,0,178.04,0,0
TXN005393,1215.44,11,3,1014,0,69.7,0,0
TXN005394,1273.27,9,5,491,0,47.0,0,0
TXN005395,267.45,22,1,316,0,384.38,0,0
TXN005396,2448.31,3,3,682,0,151.78,0,0
TXN005397,1393.57,15,3,862,0,219.07,0,0
TXN005398,2282.56,19,2,699,0,467.06,0,0
TXN005399,165.21,5,3,230,0,41.38,0,0
TXN005400,1497.41,8,1,1541,0,77.69,0,0
TXN005401,334.37,22,4,570,0,102.59,0,0
TXN005402,737.07,4,4,124,1,47.72,0,1
TXN005403,1871.26,20,5,1327,0,330.34,0,0
TXN005404,1201.22,23,2,160,0,15.68,0,0
TXN005405,468.0,5,7,1812,0,49.2,0,0
TXN005406,1103.53,16,5,1600,0,38.16,0,0
TXN005407,237.1,16,3,991,0,551.88,0,0
TXN005408,3464.31,23,4,1185,0,177.68,0,0
TXN005409,893.12,21,4,1350,0,226.72,0,0
TXN005410,3356.15,12,4,1388,0,20.66,0,0
TXN005411,647.73,16,1,143,0,38.82,0,0
TXN005412,649.64,13,2,494,0,298.83,1,0
TXN005413,510.72,1,5,1143,0,150.97,0,0
TXN005414,2633.78,18,2,1276,0,8.31,0,0
TXN005415,539.46,2,3,827,0,150.11,0,0
TXN005416,2089.32,1,2,628,0,116.12,0,0
TXN005417,748.11,1,4,1275,0,30.04,0,0
TXN005418,152.02,21,3,1320,0,161.78,0,0
TXN005419,619.98,6,2,1598,0,34.37,0,0
TXN005420,337.27,3,2,1347,0,300.31,0,0
TXN005421,1134.45,16,1,1291,0,173.45,0,0
TXN005422,333.48,5,2,1570,0,369.07,1,1
TXN005423,2768.26,6,4,728,1,99.5,0,0
TXN005424,1001.17,19,2,277,0,129.11,0,0
TXN005425,918.19,5,2,640,0,257.32,0,0
TXN005426,2113.06,8,3,592,0,142.25,0,0
TXN005427,2875.28,19,3,1630,0,152.75,0,0
TXN005428,1074.81,3,3,1249,0,145.07,0,0
TXN005429,507.15,4,7,599,0,121.67,0,0
TXN005430,186.05,18,1,205,0,294.9,0,0
TXN005431,552.22,9,3,1239,0,119.52,0,0
TXN005432,591.57,17,2,515,0,415.9,0,0
TXN005433,1220.55,14,2,706,1,297.63,0,1
TXN005434,776.54,0,3,164,0,212.24,0,0
TXN005435,2181.86,4,5,1052,0,412.07,0,0
TXN005436,594.08,4,4,601,0,138.64,0,0
TXN005437,1035.83,7,2,1368,0,310.51,0,0
TXN005438,3583.11,21,6,1447,0,49.83,0,0
TXN005439,1543.53,21,4,830,0,13.64,0,0
TXN005440,1032.73,21,6,720,1,207.93,0,0
TXN005441,600.68,19,3,152,0,64.62,0,0
TXN005442,582.17,14,4,1899,0,181.22,0,0
TXN005443,468.43,16,0,961,0,14.5,0,0
TXN005444,638.42,18,5,1420,0,560.81,0,0
TXN005445,2334.76,12,0,835,0,130.29,0,0
TXN005446,878.41,21,6,1297,0,1.72,0,0
TXN005447,284.36,20,6,1876,0,116.35,0,0
TXN005448,6426.4,9,3,1467,0,280.68,0,0
TXN005449,1510.15,16,2,1847,0,360.74,0,0
TXN005450,268.56,4,4,380,0,111.33,0,1
TXN005451,704.97,17,3,1863,0,24.23,0,0
TXN005452,1225.23,16,1,460,0,425.93,0,0
TXN005453,6030.54,3,0,1968,0,715.02,0,0
TXN005454,362.09,21,2,1925,0,11.75,0,0
TXN005455,2910.39,6,6,618,0,14.63,0,0
TXN005456,4444.78,4,3,1140,0,150.08,0,0
TXN005457,584.84,7,2,1008,0,137.4,0,0
TXN005458,830.88,7,4,1645,0,159.9,0,0
TXN005459,389.04,10,2,1462,0,68.66,0,0
TXN005460,894.75,8,4,1434,0,9.3,0,0
TXN005461,1057.23,18,4,1527,0,156.3,0,0
TXN005462,2121.01,18,2,1946,0,29.56,0,0
TXN005463,3262.29,8,0,114,0,75.14,0,0
TXN005464,519.0,22,2,815,0,157.2,0,0
TXN005465,153.34,19,4,1830,0,42.09,0,0
TXN005466,1073.58,16,0,1525,0,140.74,0,0
TXN005467,1470.76,15,3,1676,0,225.77,0,0
TXN005468,1407.29,6,3,389,0,12.25,0,0
TXN005469,791.02,21,5,1838,0,173.92,0,0
TXN005470,1242.34,2,3,1915,0,128.2,0,1
TXN005471,4991.27,20,3,1053,0,18.45,0,0
TXN005472,1606.37,18,3,1953,0,220.56,0,0
TXN005473,754.93,7,4,340,1,67.02,0,0
TXN005474,665.01,4,1,339,0,36.23,0,1
TXN005475,925.33,5,3,1977,0,59.75,0,0
TXN005476,5634.93,1,3,1158,1,142.22,0,1
TXN005477,912.97,23,1,1052,0,156.17,0,0
TXN005478,1075.14,18,1,1477,0,33.46,0,0
TXN005479,677.01,12,1,806,0,496.6,0,0
TXN005480,3291.12,5,4,705,0,71.8,0,0
TXN005481,7784.09,5,3,677,0,56.23,0,0
TXN005482,1720.92,1,3,1243,0,37.2,0,0
TXN005483,1191.27,23,5,281,0,23.12,0,0
TXN005484,1137.72,4,1,1267,0,723.95,0,0
TXN005485,101.06,10,2,1526,0,202.15,0,0
TXN005486,2310.34,10,2,1175,0,278.39,0,0
TXN005487,1254.09,23,0,846,0,92.4,0,0
TXN005488,1683.01,13,2,1379,0,96.39,0,0
TXN005489,538.37,12,2,247,0,780.21,0,0
TXN005490,746.61,7,3,199,0,40.32,0,0
TXN005491,727.04,14,3,1311,0,71.26,0,0
TXN005492,3046.12,11,3,700,0,39.08,0,0
TXN005493,750.88,2,0,105,0,59.79,0,0
TXN005494,8801.35,20,3,1840,0,196.09,0,0
TXN005495,1687.26,22,3,1686,0,66.51,0,0
TXN005496,306.22,4,4,386,0,375.05,0,0
TXN005497,964.35,5,3,1293,0,8.98,0,0
TXN005498,571.53,1,3,386,0,78.85,0,1
TXN005499,122.19,7,4,1630,0,354.81,0,0
TXN005500,5428.79,4,3,985,0,174.82,0,0
TXN005501,2215.3,21,5,347,0,265.29,0,0
TXN005502,1869.09,16,6,1753,0,70.39,0,0
TXN005503,1293.88,1,4,1151,0,82.97,0,0
TXN005504,275.33,10,4,813,0,394.43,0,0
TXN005505,676.13,3,10,134,0,249.23,0,1
TXN005506,2544.73,10,3,676,0,87.29,0,0
TXN005507,383.29,8,1,874,0,43.66,0,0
TXN005508,87.2,5,6,225,0,20.23,0,0
TXN005509,873.84,23,4,1796,0,356.27,0,0
TXN005510,951.69,1,7,1020,1,215.31,0,0
TXN005511,1255.84,14,7,743,0,168.27,0,0
TXN005512,2272.23,4,2,937,0,269.77,0,0
TXN005513,2074.77,11,3,1023,0,443.7,0,1
TXN005514,1420.51,12,1,633,0,258.08,0,0
TXN005515,3624.72,16,2,1954,0,98.26,0,0
TXN005516,240.09,3,5,1401,0,34.95,0,0
TXN005517,1816.35,9,1,76,0,225.21,0,0
TXN005518,2051.93,0,5,1576,0,51.0,0,1
TXN005519,317.49,10,3,1215,0,274.69,0,0
TXN005520,243.99,15,2,1516,0,74.45,0,0
TXN005521,520.12,10,2,592,0,30.69,0,0
TXN005522,565.92,8,3,546,0,52.9,1,1
TXN005523,2329.52,1,3,333,0,55.82,0,1
TXN005524,593.16,6,3,1010,0,85.7,0,0
TXN005525,465.75,18,2,828,0,53.54,1,0
TXN005526,594.88,17,5,453,0,46.01,0,0
TXN005527,3356.43,19,4,420,0,89.49,0,0
TXN005528,1111.03,6,2,896,0,364.63,0,0
TXN005529,916.67,22,5,1138,0,13.15,0,0
TXN005530,982.4,8,2,325,0,63.24,0,0
TXN005531,3992.05,11,1,1451,0,148.72,0,0
TXN005532,518.44,2,4,511,0,373.55,0,0
TXN005533,4086.76,22,5,1831,0,60.17,0,0
TXN005534,1353.56,21,2,879,0,77.19,0,0
TXN005535,934.1,15,2,494,0,287.86,0,0
TXN005536,13371.76,6,3,1283,0,83.89,0,0
TXN005537,381.6,22,4,1870,0,343.36,0,0
TXN005538,769.94,4,2,174,0,109.34,0,0
TXN005539,319.76,22,4,1941,0,151.54,0,0
TXN005540,2842.56,6,8,1779,0,148.14,0,0
TXN005541,5938.36,18,3,1014,0,22.87,0,0
TXN005542,5825.05,16,5,237,0,78.91,0,0
TXN005543,3729.2,15,4,475,0,49.77,0,0
TXN005544,899.99,20,3,443,1,206.81,0,0
TXN005545,761.1,23,5,852,0,488.3,0,0
TXN005546,206.2,20,4,1855,0,42.98,0,0
TXN005547,8399.05,18,2,1289,0,17.23,0,0
TXN005548,1752.81,17,3,574,0,127.15,0,0
TXN005549,670.51,18,4,1698,0,89.22,0,0
TXN005550,4138.37,3,3,1157,0,6.55,0,0
TXN005551,414.57,0,3,1095,0,458.32,0,0
TXN005552,1646.85,3,2,1184,0,506.87,0,1
TXN005553,922.76,3,3,732,0,341.98,0,0
TXN005554,2076.99,8,1,1987,0,59.26,0,0
TXN005555,1029.09,7,2,1834,0,23.51,0,0
TXN005556,257.0,1,2,785,0,161.59,0,0
TXN005557,1182.72,22,5,421,0,59.51,0,0
TXN005558,3130.24,5,4,90,0,40.55,0,0
TXN005559,1065.06,22,8,699,0,184.55,0,0
TXN005560,2380.62,10,5,847,0,249.81,0,0
TXN005561,385.47,3,6,1122,0,134.87,0,0
TXN005562,1068.21,13,1,323,0,69.42,0,0
TXN005563,587.27,20,3,1496,0,129.33,0,0
TXN005564,2314.57,21,2,124,0,164.81,1,1
TXN005565,1131.72,8,0,789,0,9.59,0,0
TXN005566,2186.54,1,2,287,0,105.6,0,0
TXN005567,3254.23,0,3,1622,0,164.18,0,0
TXN005568,2189.92,3,1,1316,0,24.96,0,0
TXN005569,1441.04,11,4,237,0,107.23,0,0
TXN005570,404.15,4,4,423,0,76.64,0,0
TXN005571,1093.58,8,2,570,0,364.33,0,0
TXN005572,643.49,21,6,763,0,120.99,0,0
TXN005573,777.39,3,3,1009,1,100.01,0,0
TXN005574,754.06,15,4,519,0,50.32,0,0
TXN005575,411.61,1,3,1215,0,568.36,0,0
TXN005576,154.88,15,2,485,0,584.7,0,0
TXN005577,562.2,15,5,127,0,82.24,0,0
TXN005578,1330.59,20,3,202,1,476.22,0,0
TXN005579,284.81,23,2,668,0,173.5,0,0
TXN005580,1113.97,23,5,1558,0,273.4,0,0
TXN005581,7333.94,21,7,1665,1,16.95,0,0
TXN005582,3050.49,10,2,612,0,3.88,0,0
TXN005583,5673.39,0,6,727,0,129.91,0,0
TXN005584,1621.53,14,5,1387,0,14.21,0,0
TXN005585,3524.56,23,3,625,0,400.11,0,0
TXN005586,531.68,3,2,1282,0,308.82,0,0
TXN005587,575.74,17,2,830,0,225.84,0,0
TXN005588,70.87,16,7,892,0,5.74,1,0
TXN005589,3590.85,6,1,1303,0,110.36,0,0
TXN005590,5117.0,17,2,1662,0,14.64,0,0
TXN005591,630.7,12,4,1399,1,475.21,0,0
TXN005592,850.69,19,6,759,0,170.7,0,0
TXN005593,516.02,19,3,411,0,30.64,0,0
TXN005594,1607.85,9,3,976,1,148.03,0,0
TXN005595,3377.64,0,3,1245,0,22.71,0,0
TXN005596,191.95,1,3,195,0,28.34,0,0
TXN005597,1651.5,16,4,1005,0,15.2,0,0
TXN005598,831.58,21,3,41,0,369.65,0,0
TXN005599,1228.31,2,0,1244,0,142.01,0,0
TXN005600,1735.4,16,5,478,0,71.52,0,1
TXN005601,908.5,11,1,217,0,0.12,0,0
TXN005602,988.72,23,0,1329,0,114.97,0,0
TXN005603,885.48,11,3,1558,0,129.42,0,0
TXN005604,2893.77,19,1,271,0,73.86,0,0
TXN005605,1666.97,9,2,1375,0,119.21,0,0
TXN005606,1367.29,6,1,559,0,19.11,0,0
TXN005607,307.68,9,1,1991,0,459.33,0,0
TXN005608,751.01,17,3,487,0,53.8,0,0
TXN005609,2693.7,21,4,1428,0,533.9,1,0
TXN005610,1138.76,5,4,1556,0,122.22,0,0
TXN005611,2120.76,6,2,803,0,349.74,0,0
TXN005612,6415.75,16,3,95,0,154.96,0,0
TXN005613,3098.29,11,2,1517,1,334.9,0,0
TXN005614,1203.7,16,1,1122,0,1.83,0,1
TXN005615,657.87,17,2,668,0,37.15,0,0
TXN005616,85.32,13,4,1178,0,78.63,0,1
TXN005617,926.69,10,1,1155,0,63.21,0,0
TXN005618,791.55,1,3,1779,0,527.83,0,0
TXN005619,1620.3,20,2,1431,0,90.36,0,0
TXN005620,940.2,0,3,1203,0,644.33,0,0
TXN005621,796.01,10,5,540,0,189.49,0,0
TXN005622,185.05,1,2,1459,0,324.93,0,0
TXN005623,428.39,15,2,1630,0,90.11,0,0
TXN005624,1766.32,21,4,1049,0,37.95,0,0
TXN005625,6099.17,2,6,1281,0,9.32,0,0
TXN005626,994.73,19,2,1998,0,192.29,0,0
TXN005627,1522.05,0,2,1642,0,642.32,0,0
TXN005628,2842.61,20,2,1449,0,22.65,0,0
TXN005629,487.41,19,3,732,0,265.92,0,0
TXN005630,1582.58,7,5,1706,1,81.63,0,0
TXN005631,522.96,18,3,656,0,905.45,0,0
TXN005632,2604.05,0,3,1561,0,367.29,0,0
TXN005633,1275.89,4,2,1688,0,47.23,0,0
TXN005634,1478.01,0,2,269,0,261.25,0,0
TXN005635,501.4,10,3,475,0,238.52,0,0
TXN005636,2223.93,20,3,88,0,259.46,0,0
TXN005637,8819.43,8,4,1944,0,15.56,0,0
TXN005638,400.25,4,2,1960,0,298.38,0,0
TXN005639,780.74,1,3,1679,0,54.55,0,0
TXN005640,1382.44,12,4,623,0,160.67,0,0
TXN005641,2407.65,17,3,755,0,22.07,0,0
TXN005642,626.69,11,2,1822,0,147.01,0,0
TXN005643,64.52,13,4,353,0,426.4,0,0
TXN005644,4269.23,4,4,38,0,35.1,0,0
TXN005645,2346.09,23,2,1568,0,347.64,0,0
TXN005646,191.91,9,3,485,0,102.91,0,0
TXN005647,597.31,19,3,806,1,70.04,0,0
TXN005648,5261.56,1,3,1391,0,10.58,0,0
TXN005649,4664.78,3,1,1378,0,135.33,0,0
TXN005650,2803.55,11,8,1843,0,40.15,0,0
TXN005651,919.55,10,1,642,0,506.72,0,0
TXN005652,1191.52,3,2,147,0,48.96,0,1
TXN005653,962.06,10,3,482,0,159.08,0,0
TXN005654,3388.83,8,3,436,0,147.18,0,1
TXN005655,456.76,9,4,621,0,73.93,0,0
TXN005656,489.9,5,3,1186,1,343.98,0,1
TXN005657,3011.74,14,5,1538,0,36.43,0,0
TXN005658,1049.05,9,3,521,0,305.75,0,0
TXN005659,4352.33,21,7,580,0,41.86,0,0
TXN005660,560.31,20,2,544,0,7.18,0,0
TXN005661,1038.18,5,0,567,0,518.36,0,0
TXN005662,435.98,0,1,1044,0,182.55,0,0
TXN005663,1104.74,20,1,1317,0,179.2,0,0
TXN005664,250.0,21,3,1522,0,55.43,0,0
TXN005665,673.42,23,2,1105,0,26.97,0,0
TXN005666,260.8,19,6,1007,0,220.39,0,0
TXN005667,2194.97,20,5,1762,0,131.64,0,0
TXN005668,2245.29,3,3,1443,0,68.87,0,0
TXN005669,194.36,22,5,1947,1,68.57,0,0
TXN005670,4162.56,21,2,1208,0,396.1,0,0
TXN005671,13325.24,13,2,406,0,396.77,0,0
TXN005672,1148.26,19,5,243,0,57.79,0,0
TXN005673,577.6,21,3,1459,0,284.51,0,0
TXN005674,18477.9,19,4,1539,0,46.27,0,0
TXN005675,293.25,7,4,597,0,297.01,0,0
TXN005676,1118.91,10,3,515,0,24.3,0,0
TXN005677,1312.41,14,2,584,0,255.5,0,0
TXN005678,4209.7,18,2,1080,0,146.02,0,0
TXN005679,1571.43,7,2,1610,0,22.52,0,0
TXN005680,666.05,12,3,1355,0,172.16,0,0
TXN005681,423.61,17,1,1934,0,38.47,0,0
TXN005682,779.13,21,0,62,0,38.85,1,0
TXN005683,400.64,23,0,1180,0,106.74,1,0
TXN005684,1150.35,16,4,1543,0,599.78,0,0
TXN005685,623.78,5,1,1660,0,401.0,0,0
TXN005686,246.16,14,4,825,1,315.27,0,0
TXN005687,3847.37,12,2,379,0,342.85,0,0
TXN005688,666.69,17,3,895,0,123.79,0,0
TXN005689,308.54,10,4,1674,0,84.52,0,0
TXN005690,926.8,12,2,1134,1,387.73,0,1
TXN005691,1174.23,0,2,720,0,15.18,0,0
TXN005692,191.24,17,5,733,0,998.18,0,0
TXN005693,1527.9,4,3,576,0,144.93,0,0
TXN005694,384.85,5,2,449,0,139.96,0,0
TXN005695,6069.48,0,3,291,0,62.14,0,0
TXN005696,1851.89,6,4,522,0,33.62,0,0
TXN005697,735.17,3,3,762,0,205.26,0,0
TXN005698,520.52,8,2,1239,0,80.81,0,0
TXN005699,987.36,14,0,1181,0,64.83,0,0
TXN005700,2023.92,5,1,1972,0,31.89,0,0
TXN005701,1069.03,16,2,299,0,137.88,0,0
TXN005702,882.57,19,1,230,0,159.74,0,0
TXN005703,1162.55,17,4,853,0,105.36,1,0
TXN005704,599.53,21,2,1644,0,2.18,0,0
TXN005705,778.05,3,3,1283,0,121.79,0,0
TXN005706,136.21,8,5,950,0,57.13,0,0
TXN005707,2903.66,13,4,1201,0,26.86,0,0
TXN005708,1478.52,2,1,1544,0,155.11,0,0
TXN005709,506.0,0,5,243,1,200.23,0,1
TXN005710,7322.7,10,2,943,0,131.65,0,0
TXN005711,1196.33,0,4,1689,0,171.48,0,0
TXN005712,389.11,11,5,1710,0,167.91,0,0
TXN005713,2583.08,8,3,171,0,23.88,0,0
TXN005714,1632.79,4,6,1591,0,43.76,0,0
TXN005715,1627.14,14,0,773,0,1.72,0,0
TXN005716,716.4,17,2,1725,0,722.16,0,0
TXN005717,1720.72,8,5,1402,0,42.71,1,1
TXN005718,844.08,12,0,261,0,303.44,0,0
TXN005719,1912.07,12,1,472,0,273.56,0,0
TXN005720,163.21,23,2,1636,0,219.75,0,0
TXN005721,710.61,12,4,342,0,107.53,0,0
TXN005722,6137.39,9,1,230,0,157.81,0,0
TXN005723,509.25,9,5,1321,0,37.12,0,0
TXN005724,599.54,21,4,32,0,20.19,0,0
TXN005725,700.67,6,4,1981,0,78.03,0,0
TXN005726,325.45,21,2,382,0,314.34,0,0
TXN005727,120.51,4,2,1196,0,149.43,0,0
TXN005728,870.8,19,3,166,0,259.8,0,0
TXN005729,1256.22,6,4,78,0,397.84,0,0
TXN005730,1040.54,19,2,1225,0,148.0,0,0
TXN005731,948.73,9,4,1646,0,82.39,0,0
TXN005732,1144.86,9,3,1209,0,348.43,0,0
TXN005733,3049.83,20,3,1050,0,46.96,0,0
TXN005734,906.47,23,4,1994,0,4.51,0,0
TXN005735,617.65,12,8,1834,0,9.36,0,1
TXN005736,827.89,14,4,844,0,157.11,0,0
TXN005737,1957.35,5,4,1074,0,401.18,0,0
TXN005738,4500.87,19,6,79,0,149.53,0,0
TXN005739,585.14,11,3,204,0,94.73,0,0
TXN005740,1210.68,18,2,655,0,154.9,0,1
TXN005741,1538.18,10,4,1314,0,200.16,0,0
TXN005742,406.43,5,7,804,0,255.76,0,0
TXN005743,1119.25,0,4,1475,0,76.8,0,0
TXN005744,253.24,1,2,834,0,88.06,0,0
TXN005745,186.97,22,2,1392,0,4.31,0,0
TXN005746,1582.48,14,1,1542,0,188.78,0,0
TXN005747,747.04,3,5,445,0,269.89,0,1
TXN005748,1342.49,4,4,1493,0,128.74,0,0
TXN005749,1077.18,14,1,1307,0,85.05,0,0
TXN005750,413.06,10,0,1480,0,72.93,0,0
TXN005751,1048.11,9,2,608,0,186.43,0,0
TXN005752,319.55,16,2,1668,0,72.29,0,0
TXN005753,4407.1,1,7,1920,0,164.52,0,0
TXN005754,282.6,19,6,824,0,471.03,0,0
TXN005755,901.64,23,4,592,0,72.25,0,0
TXN005756,386.73,9,3,717,0,12.74,0,0
TXN005757,1939.96,19,1,1893,0,372.88,0,0
TXN005758,787.27,2,7,272,0,57.53,0,0
TXN005759,652.84,18,2,210,0,804.82,0,0
TXN005760,2573.96,4,5,1776,1,330.0,0,0
TXN005761,1129.39,2,4,1403,0,100.2,0,0
TXN005762,1838.39,7,4,1101,0,178.09,0,0
TXN005763,411.03,4,5,1285,0,58.52,0,0
TXN005764,269.13,11,2,807,0,15.83,0,0
TXN005765,1220.73,13,4,635,0,134.3,0,0
TXN005766,797.24,6,3,1446,0,99.51,0,0
TXN005767,2051.72,10,3,1037,0,630.69,0,0
TXN005768,1012.41,7,4,1308,0,163.79,0,0
TXN005769,1346.25,4,4,115,0,247.49,0,0
TXN005770,216.29,7,2,124,0,26.16,1,0
TXN005771,7247.68,11,1,75,0,231.51,0,0
TXN005772,930.53,14,1,1959,0,10.44,1,0
TXN005773,2203.03,18,6,65,1,170.91,0,0
TXN005774,475.28,15,3,39,0,328.24,0,0
TXN005775,1492.2,13,7,1297,0,118.77,0,0
TXN005776,298.02,6,3,921,0,43.59,0,0
TXN005777,1723.42,7,3,1080,0,105.56,0,0
TXN005778,768.18,6,5,620,0,331.13,0,0
TXN005779,1129.12,17,3,1456,0,225.56,0,0
TXN005780,2203.88,23,7,1704,0,167.4,1,0
TXN005781,319.72,5,1,61,0,213.05,0,0
TXN005782,553.08,18,2,1713,0,323.45,1,0
TXN005783,1732.51,3,1,75,0,29.65,0,1
TXN005784,8939.38,22,4,601,0,332.04,0,0
TXN005785,955.2,2,0,1516,0,295.73,1,0
TXN005786,1980.56,16,3,1121,0,116.84,0,0
TXN005787,985.38,21,1,46,0,92.81,0,0
TXN005788,7648.35,18,1,1630,0,485.37,0,0
TXN005789,191.1,14,3,214,0,308.08,1,0
TXN005790,1205.47,5,0,816,0,806.39,0,0
TXN005791,215.82,11,6,1570,0,184.78,0,0
TXN005792,89.43,18,1,623,0,5.77,0,0
TXN005793,1476.55,5,4,1108,0,30.08,0,0
TXN005794,1260.8,10,3,1415,0,308.98,0,0
TXN005795,824.82,19,3,518,0,183.39,0,0
TXN005796,986.15,19,0,33,0,39.73,0,1
TXN005797,24301.65,9,1,1233,0,2.16,0,1
TXN005798,847.11,15,4,1072,0,54.9,0,0
TXN005799,1826.44,17,1,956,0,26.64,0,0
TXN005800,572.86,13,7,160,0,376.08,0,0
TXN005801,1473.26,3,3,527,0,385.87,0,0
TXN005802,864.17,11,3,608,0,332.51,0,0
TXN005803,727.4,19,4,1338,0,17.89,0,0
TXN005804,6760.81,22,3,210,0,26.11,0,0
TXN005805,3558.82,20,2,677,0,26.21,0,0
TXN005806,1257.33,7,5,405,0,53.81,0,0
TXN005807,109.49,6,5,674,0,13.62,0,1
TXN005808,764.32,8,3,1117,0,718.83,0,0
TXN005809,16367.08,23,2,508,0,347.78,0,0
TXN005810,870.74,16,3,568,0,12.91,0,0
TXN005811,3305.09,9,2,1854,1,27.92,1,1
TXN005812,4637.55,2,3,1367,0,54.76,0,0
TXN005813,1365.07,20,1,1371,0,268.51,0,0
TXN005814,472.57,7,2,879,0,225.38,0,0
TXN005815,96.03,13,0,501,0,179.21,0,0
TXN005816,2173.65,6,1,823,0,437.87,0,0
TXN005817,485.53,15,4,1788,0,6.65,0,0
TXN005818,1307.86,17,5,1323,0,31.66,0,0
TXN005819,314.25,10,2,1526,0,37.89,0,0
TXN005820,841.14,5,6,1597,0,11.07,0,0
TXN005821,1134.24,19,3,516,0,173.36,0,0
TXN005822,1434.53,20,1,838,0,42.36,0,0
TXN005823,359.67,13,4,1049,0,118.62,0,0
TXN005824,3629.72,20,2,1814,0,208.18,1,0
TXN005825,603.72,12,3,683,0,162.88,1,0
TXN005826,205.52,3,6,77,0,61.68,0,0
TXN005827,983.36,19,1,1741,0,96.25,1,0
TXN005828,1134.99,19,5,376,0,74.74,0,0
TXN005829,1287.67,10,2,1523,0,344.46,0,0
TXN005830,4281.82,17,4,1347,0,98.03,0,0
TXN005831,865.71,0,3,1956,0,11.46,0,0
TXN005832,973.0,11,5,1086,0,173.86,0,0
TXN005833,363.88,17,3,392,0,39.64,0,0
TXN005834,2491.28,6,3,1542,0,74.42,0,0
TXN005835,1318.58,11,4,1662,0,71.47,1,1
TXN005836,720.52,0,1,1077,0,13.53,0,0
TXN005837,163.26,21,1,1591,0,542.67,0,0
TXN005838,4649.02,3,3,79,0,142.56,0,0
TXN005839,321.28,17,1,711,0,30.58,0,0
TXN005840,607.12,14,4,1148,0,146.05,0,0
TXN005841,1569.24,2,3,248,0,108.13,0,1
TXN005842,331.44,6,3,410,0,76.13,0,0
TXN005843,246.29,5,1,682,0,115.12,0,0
TXN005844,131.11,14,3,956,0,199.35,0,0
TXN005845,2255.21,14,4,1789,0,40.06,0,0
TXN005846,635.76,5,3,1332,0,138.95,0,0
TXN005847,20481.35,7,2,1218,0,301.79,0,0
TXN005848,405.71,7,5,1930,0,45.3,0,0
TXN005849,436.4,21,3,1112,0,130.45,0,0
TXN005850,623.04,0,1,471,0,607.25,1,0
TXN005851,1398.47,12,5,1837,0,290.15,0,0
TXN005852,685.26,22,3,1860,0,161.82,0,0
TXN005853,2022.99,23,4,1765,0,248.9,0,1
TXN005854,412.16,20,0,623,0,134.24,0,0
TXN005855,275.45,12,6,279,0,775.83,0,0
TXN005856,181.6,10,2,1912,0,33.36,0,0
TXN005857,118.68,3,5,1830,0,228.86,0,0
TXN005858,653.23,6,3,1501,0,1.07,0,0
TXN005859,811.61,11,4,1145,1,24.18,0,0
TXN005860,583.22,12,1,1331,0,230.3,0,0
TXN005861,3802.47,21,5,616,0,256.39,0,1
TXN005862,3744.45,11,3,1875,0,7.24,0,0
TXN005863,784.62,15,1,947,0,73.13,0,0
TXN005864,182.38,5,0,1038,0,22.64,0,0
TXN005865,622.22,13,4,1067,1,397.55,0,0
TXN005866,601.95,18,4,756,0,108.89,0,0
TXN005867,568.42,15,7,991,0,105.18,0,0
TXN005868,545.82,3,3,1132,0,312.57,0,0
TXN005869,570.51,4,2,463,0,213.96,0,0
TXN005870,745.06,8,1,1698,0,459.86,0,0
TXN005871,580.83,23,1,506,0,502.44,0,0
TXN005872,1350.62,2,2,1555,0,67.63,0,0
TXN005873,1572.42,21,5,766,0,188.14,0,0
TXN005874,441.14,9,4,269,0,140.48,0,0
TXN005875,3909.11,16,2,1417,0,163.06,0,0
TXN005876,411.55,18,3,1915,0,176.7,0,0
TXN005877,217.5,9,1,430,0,11.14,0,0
TXN005878,1604.84,11,3,1822,0,405.8,1,0
TXN005879,484.25,22,3,1195,1,27.21,0,0
TXN005880,1512.16,6,1,1292,0,99.43,0,0
TXN005881,99.12,17,2,1620,0,62.18,0,0
TXN005882,4413.64,18,5,1545,0,145.24,0,0
TXN005883,2148.0,14,1,558,0,586.22,0,0
TXN005884,244.58,6,1,1062,0,95.72,0,0
TXN005885,249.94,11,5,413,0,166.37,0,0
TXN005886,5838.71,21,3,896,0,27.39,0,0
TXN005887,524.59,6,5,892,0,111.92,0,0
TXN005888,476.19,9,4,297,0,445.39,0,0
TXN005889,113.74,23,2,1687,0,484.98,0,0
TXN005890,772.18,21,3,1930,0,142.31,0,0
TXN005891,873.3,19,2,1375,1,263.44,0,1
TXN005892,2242.83,9,3,1452,0,0.58,1,1
TXN005893,270.68,22,2,1471,0,136.48,0,0
TXN005894,239.78,4,1,1602,0,237.33,0,0
TXN005895,1721.52,17,2,1874,0,72.05,0,0
TXN005896,3001.09,8,1,1734,0,416.56,0,0
TXN005897,227.89,15,5,1433,0,272.24,0,0
TXN005898,3234.13,6,5,1019,0,264.3,1,0
TXN005899,1138.59,9,1,875,0,3.86,0,0
TXN005900,3267.58,4,6,1546,0,36.58,0,0
TXN005901,1022.27,6,1,289,0,225.07,0,0
TXN005902,88.03,4,5,933,0,148.48,0,0
TXN005903,942.03,14,3,1396,0,155.49,0,0
TXN005904,3165.75,18,3,612,0,2.69,0,0
TXN005905,448.65,9,2,558,1,105.03,0,0
TXN005906,744.0,7,2,1971,0,277.89,0,0
TXN005907,919.53,23,1,1155,0,196.08,0,0
TXN005908,60.37,8,1,1271,1,152.93,0,0
TXN005909,5833.35,10,1,1957,0,214.69,0,0
TXN005910,445.24,21,9,1843,0,342.67,0,1
TXN005911,1818.44,1,5,1349,1,340.92,0,0
TXN005912,1005.56,2,6,1802,0,109.59,0,0
TXN005913,3856.9,12,3,947,0,66.22,1,0
TXN005914,1645.92,10,3,1157,1,82.13,0,0
TXN005915,867.03,9,4,1186,0,132.63,0,0
TXN005916,448.76,14,5,550,0,16.85,0,0
TXN005917,2435.36,5,2,1113,0,160.92,0,0
TXN005918,168.44,0,3,305,0,108.68,0,0
TXN005919,2092.03,13,6,1907,0,256.08,0,0
TXN005920,365.39,17,4,152,0,57.62,0,0
TXN005921,3836.38,23,4,1855,0,12.35,0,0
TXN005922,1288.58,10,4,1985,0,404.95,0,0
TXN005923,2088.34,7,4,496,0,12.69,0,0
TXN005924,1190.33,21,0,1401,0,471.81,0,0
TXN005925,190.11,2,2,1690,0,123.87,1,0
TXN005926,463.72,13,6,1948,0,10.43,0,0
TXN005927,2148.21,1,0,1636,0,24.21,0,0
TXN005928,1295.5,15,6,1542,0,137.04,0,0
TXN005929,3572.39,5,2,1731,0,2.86,0,0
TXN005930,1641.35,0,3,992,0,444.0,0,0
TXN005931,417.09,13,2,61,0,286.37,0,0
TXN005932,494.69,9,5,203,0,126.41,0,0
TXN005933,1215.51,5,2,1418,0,469.26,0,0
TXN005934,108.41,8,2,1916,0,54.14,0,0
TXN005935,5845.58,6,4,1546,1,345.62,0,0
TXN005936,1705.73,1,5,1590,0,294.37,0,1
TXN005937,3740.72,10,3,861,0,156.93,0,0
TXN005938,225.74,13,4,190,0,69.11,0,0
TXN005939,3806.88,4,5,844,0,147.1,0,0
TXN005940,10213.84,8,3,354,1,567.3,1,1
TXN005941,292.69,6,2,667,0,15.91,0,0
TXN005942,2371.79,13,3,314,0,40.39,0,0
TXN005943,1097.85,15,3,216,0,185.85,0,0
TXN005944,234.06,21,5,1212,0,204.21,0,0
TXN005945,1795.22,15,2,1591,1,32.34,0,0
TXN005946,2524.01,6,5,1628,0,295.45,0,0
TXN005947,601.17,9,3,1495,0,474.81,0,0
TXN005948,3518.95,20,4,114,0,14.94,0,0
TXN005949,207.11,5,3,767,0,658.68,0,0
TXN005950,245.98,16,7,718,0,59.43,0,0
TXN005951,1257.14,0,2,1368,0,66.49,1,0
TXN005952,1124.83,1,5,1499,0,8.27,0,1
TXN005953,535.62,13,5,268,0,123.84,0,0
TXN005954,2464.13,3,3,1100,0,557.23,0,0
TXN005955,1864.77,8,4,1331,0,31.59,0,0
TXN005956,2586.7,22,3,1517,0,154.81,0,0
TXN005957,969.58,5,2,1418,0,57.75,0,0
TXN005958,2003.36,16,5,733,0,3.39,0,0
TXN005959,702.29,20,1,203,0,783.72,0,0
TXN005960,8551.13,10,5,984,0,226.69,0,0
TXN005961,486.61,3,3,701,1,239.36,1,1
TXN005962,9002.86,20,2,895,0,195.76,0,0
TXN005963,1135.57,8,1,754,0,27.93,0,0
TXN005964,277.13,15,1,120,0,41.68,0,1
TXN005965,4307.36,2,3,1799,0,87.7,0,0
TXN005966,1243.77,3,6,706,0,971.35,0,0
TXN005967,2568.62,23,4,1376,0,200.97,0,0
TXN005968,3728.85,2,4,209,0,105.13,0,0
TXN005969,1537.57,12,3,456,0,119.35,0,0
TXN005970,606.53,18,3,138,1,459.66,0,0
TXN005971,2909.43,20,6,575,0,39.37,0,0
TXN005972,1097.46,0,3,730,0,69.65,0,0
TXN005973,2177.34,22,3,356,0,83.42,0,0
TXN005974,127.26,22,3,1786,0,410.25,0,0
TXN005975,1714.68,5,6,1504,0,269.93,0,0
TXN005976,579.06,21,3,714,0,160.83,0,0
TXN005977,5729.08,2,9,710,0,68.03,0,0
TXN005978,2044.87,2,4,1940,0,40.66,1,0
TXN005979,1393.9,15,4,607,0,72.29,0,0
TXN005980,1783.46,9,3,1321,0,477.26,0,0
TXN005981,404.06,16,2,300,0,433.88,0,0
TXN005982,5559.46,6,2,667,0,98.66,0,1
TXN005983,8033.46,12,3,1812,0,70.89,0,0
TXN005984,1624.43,10,4,533,0,388.67,1,1
TXN005985,5379.78,9,5,301,1,106.38,0,0
TXN005986,620.7,6,6,288,1,7.1,0,1
TXN005987,494.17,23,0,952,0,76.37,0,0
TXN005988,1142.44,5,0,267,0,168.25,0,0
TXN005989,1694.16,23,5,436,0,520.74,0,0
TXN005990,739.53,0,3,1982,0,99.48,0,0
TXN005991,1877.63,16,1,333,0,49.43,0,0
TXN005992,1489.79,11,2,1656,0,87.36,0,0
TXN005993,404.11,3,6,1781,0,10.58,0,0
TXN005994,1842.34,2,2,1492,1,412.38,0,1
TXN005995,2600.68,5,4,1283,0,6.12,0,0
TXN005996,1301.76,15,0,1720,0,0.18,0,0
TXN005997,3472.56,12,0,332,0,171.41,0,0
TXN005998,324.6,8,3,956,0,30.1,0,0
TXN005999,1751.01,10,5,1472,0,63.2,0,0
TXN006000,340.26,19,5,193,0,121.55,0,0
TXN006001,359.93,20,3,949,0,282.74,0,0
TXN006002,583.51,12,2,1198,0,88.24,0,0
TXN006003,427.49,22,4,1866,0,566.83,0,0
TXN006004,633.97,18,5,383,1,108.66,0,1
TXN006005,885.23,2,3,731,0,454.61,0,0
TXN006006,2532.99,11,2,1182,0,108.37,0,0
TXN006007,795.4,18,4,817,1,130.68,0,0
TXN006008,224.61,7,3,995,0,570.94,0,0
TXN006009,3429.15,13,4,738,0,202.25,0,0
TXN006010,474.81,21,1,1757,0,29.12,0,0
TXN006011,1034.09,8,3,890,0,164.28,1,0
TXN006012,1713.92,23,1,867,1,45.93,0,0
TXN006013,1338.91,16,4,975,0,66.7,1,1
TXN006014,3275.35,5,6,1308,0,327.8,0,0
TXN006015,1770.47,3,1,1618,0,206.31,0,0
TXN006016,463.45,3,1,510,0,60.86,0,0
TXN006017,9687.21,18,5,1674,0,0.85,0,0
TXN006018,1331.86,11,3,451,0,136.36,0,0
TXN006019,946.39,1,3,890,0,51.82,0,0
TXN006020,2875.34,16,4,137,0,5.17,0,1
TXN006021,1407.33,14,2,1754,0,11.77,0,0
TXN006022,1634.72,9,2,1895,1,201.34,0,0
TXN006023,13255.71,2,2,1021,0,96.29,0,0
TXN006024,832.87,19,4,1334,0,54.8,0,0
TXN006025,798.1,3,2,58,0,381.2,0,0
TXN006026,1232.23,21,2,144,0,313.82,0,0
TXN006027,3201.95,0,1,576,0,112.99,0,0
TXN006028,243.1,0,2,844,0,58.03,0,0
TXN006029,153.61,17,3,701,0,127.37,0,0
TXN006030,609.65,3,3,668,0,251.65,0,0
TXN006031,214.02,22,2,1867,0,1.94,0,0
TXN006032,717.07,21,2,1601,0,170.68,0,0
TXN006033,1812.57,14,1,100,0,222.9,0,0
TXN006034,450.0,22,7,423,0,305.49,0,0
TXN006035,263.27,20,0,1867,0,43.94,0,0
TXN006036,1175.37,21,4,639,0,40.94,0,0
TXN006037,2598.12,9,2,638,0,43.74,0,0
TXN006038,201.35,16,6,567,0,482.39,0,0
TXN006039,2490.48,21,2,1229,0,27.35,0,0
TXN006040,2483.21,11,4,205,0,260.4,0,0
TXN006041,2847.18,19,3,42,0,778.28,0,0
TXN006042,3708.86,11,1,699,0,526.33,0,0
TXN006043,9917.08,15,3,253,0,94.94,0,0
TXN006044,768.09,4,2,1278,0,329.14,0,1
TXN006045,1223.62,15,2,1507,0,199.64,0,0
TXN006046,723.11,16,1,513,0,365.12,0,0
TXN006047,1098.8,22,4,223,0,31.63,0,0
TXN006048,5079.02,14,4,154,0,260.62,0,0
TXN006049,285.71,12,4,548,0,158.98,0,0
TXN006050,463.57,7,2,341,0,139.82,0,0
TXN006051,4346.74,20,4,1339,0,234.95,0,0
TXN006052,3041.29,1,3,1803,0,57.4,0,0
TXN006053,762.7,7,2,596,0,13.95,0,0
TXN006054,2577.05,9,2,759,0,125.53,0,0
TXN006055,1542.59,6,3,1270,0,64.75,0,0
TXN006056,4916.12,9,2,1470,0,53.33,0,0
TXN006057,1181.46,3,5,1223,0,1173.12,0,0
TXN006058,3058.35,10,2,547,0,39.69,0,0
TXN006059,15398.29,8,2,293,1,48.35,0,0
TXN006060,1994.4,3,3,870,0,73.13,0,0
TXN006061,1152.08,2,3,1693,0,123.69,0,1
TXN006062,2258.48,10,5,616,0,366.01,0,0
TXN006063,761.07,2,2,245,0,34.93,0,0
TXN006064,11943.8,17,0,355,0,172.26,0,0
TXN006065,1313.0,18,2,581,0,82.75,0,0
TXN006066,834.7,13,1,725,0,286.94,0,0
TXN006067,475.47,23,7,621,0,165.78,0,0
TXN006068,3285.32,10,2,1838,0,285.34,1,1
TXN006069,2610.21,23,3,373,0,347.7,0,0
TXN006070,666.9,1,2,1956,0,437.74,0,0
TXN006071,1951.69,1,2,1861,0,979.87,0,0
TXN006072,242.61,1,3,1157,0,173.63,0,0
TXN006073,1319.45,9,1,537,0,182.67,0,0
TXN006074,1724.61,22,2,343,1,27.27,0,0
TXN006075,6047.07,14,2,376,0,19.99,0,0
TXN006076,507.34,21,5,999,0,120.37,0,0
TXN006077,305.41,11,4,851,0,212.97,0,0
TXN006078,447.9,10,3,38,0,51.35,0,0
TXN006079,288.14,16,2,848,0,71.33,0,0
TXN006080,4174.11,17,2,679,0,216.79,0,0
TXN006081,5159.73,13,4,590,0,42.81,0,0
TXN006082,1510.53,16,3,699,0,132.63,0,0
TXN006083,3719.32,14,3,294,0,139.24,0,0
TXN006084,1253.83,11,2,1227,0,447.9,0,0
TXN006085,997.14,15,5,407,0,92.63,0,0
TXN006086,786.0,22,2,923,1,42.55,0,0
TXN006087,804.01,5,3,823,0,34.39,1,1
TXN006088,233.27,1,3,1757,0,62.45,0,0
TXN006089,1428.32,1,4,191,0,58.86,0,0
TXN006090,1053.28,15,5,1792,0,249.68,0,0
TXN006091,2310.83,1,2,1181,0,162.13,0,0
TXN006092,1204.14,7,3,56,0,206.47,0,0
TXN006093,931.97,6,5,1137,0,179.11,0,0
TXN006094,458.89,0,3,1269,0,118.14,0,0
TXN006095,1178.68,3,4,1976,0,474.29,0,0
TXN006096,2294.42,10,4,1222,0,306.1,0,0
TXN006097,349.56,19,2,1648,0,42.62,0,1
TXN006098,1196.88,6,4,1071,0,99.19,0,0
TXN006099,1384.43,17,8,1359,0,61.12,0,0
TXN006100,534.82,3,4,1864,0,246.45,0,0
TXN006101,609.2,16,5,1094,0,76.01,0,0
TXN006102,1381.07,10,2,901,0,184.0,0,0
TXN006103,353.04,10,3,47,0,62.21,0,0
TXN006104,1556.08,19,2,218,0,33.9,0,0
TXN006105,447.93,10,1,229,0,1.66,0,0
TXN006106,3174.34,14,3,1409,1,940.6,0,0
TXN006107,11359.71,13,3,515,0,44.61,0,0
TXN006108,463.7,16,4,1106,0,321.34,0,1
TXN006109,1870.96,1,1,109,1,310.76,0,0
TXN006110,530.2,17,4,1362,0,48.44,0,0
TXN006111,3105.58,15,2,1322,0,96.7,0,0
TXN006112,309.43,11,6,823,0,325.54,0,0
TXN006113,1773.28,9,5,1677,0,210.7,1,0
TXN006114,458.06,15,2,1655,0,83.13,1,0
TXN006115,891.6,2,4,276,0,536.16,0,0
TXN006116,391.1,7,2,85,0,75.43,0,0
TXN006117,2495.76,21,7,1906,1,42.9,0,0
TXN006118,474.86,21,4,218,0,28.56,0,0
TXN006119,1904.48,23,0,1553,0,217.51,0,0
TXN006120,777.36,1,6,1487,0,5.3,0,0
TXN006121,978.02,21,1,1202,0,336.56,0,0
TXN006122,1271.25,0,3,293,0,65.29,0,0
TXN006123,511.92,13,3,766,0,83.11,0,0
TXN006124,1353.39,3,6,995,0,291.35,1,0
TXN006125,5066.14,3,6,733,0,302.93,0,0
TXN006126,503.66,8,2,1487,0,91.95,0,0
TXN006127,3539.75,2,5,1439,0,145.27,0,0
TXN006128,4905.43,4,6,869,0,204.65,0,0
TXN006129,484.85,0,4,611,0,210.01,0,0
TXN006130,255.94,21,2,547,0,137.46,0,0
TXN006131,1483.21,18,7,563,0,334.54,0,0
TXN006132,634.34,0,2,502,0,331.49,0,0
TXN006133,7105.35,9,0,1739,0,340.05,0,0
TXN006134,1135.48,21,3,636,0,56.21,0,0
TXN006135,491.67,11,7,730,0,53.45,0,0
TXN006136,348.22,9,8,1984,1,27.11,0,1
TXN006137,3261.38,1,3,1371,0,315.18,0,0
TXN006138,619.44,15,6,610,0,11.26,0,0
TXN006139,1145.77,7,3,1651,1,26.17,0,0
TXN006140,2852.08,13,5,598,0,469.18,0,0
TXN006141,675.69,14,3,1677,0,24.06,0,0
TXN006142,1047.41,15,3,694,0,23.27,0,0
TXN006143,1078.61,10,3,1519,0,431.66,0,0
TXN006144,2171.83,11,4,1894,0,66.82,0,0
TXN006145,1979.79,1,2,182,0,383.8,0,1
TXN006146,879.97,3,4,1658,0,85.37,0,0
TXN006147,1168.7,2,0,915,0,84.21,0,0
TXN006148,756.14,8,5,702,0,26.14,0,0
TXN006149,250.23,17,4,392,1,451.56,1,0
TXN006150,1418.85,18,5,1061,0,258.15,0,0
TXN006151,7274.95,6,4,1413,0,46.03,0,0
TXN006152,453.18,3,4,1685,0,234.22,0,0
TXN006153,506.22,5,4,170,0,19.7,0,0
TXN006154,459.1,18,3,346,1,133.55,0,0
TXN006155,2263.33,0,7,421,0,52.81,0,0
TXN006156,1717.26,15,3,269,0,342.18,0,0
TXN006157,935.86,10,3,535,0,128.82,0,0
TXN006158,437.9,21,2,658,0,457.38,0,0
TXN006159,1202.76,3,5,1679,0,158.38,0,0
TXN006160,229.38,17,6,902,0,126.2,0,0
TXN006161,1265.76,22,2,56,0,213.11,0,0
TXN006162,2621.56,4,3,1363,0,275.82,0,0
TXN006163,313.81,21,3,928,0,2.77,1,0
TXN006164,236.86,5,1,830,0,132.97,0,0
TXN006165,5321.11,1,1,1788,0,269.07,0,0
TXN006166,594.81,11,4,185,0,94.21,0,0
TXN006167,3415.05,21,2,242,0,8.31,0,0
TXN006168,940.12,8,1,209,0,3.19,0,0
TXN006169,932.66,19,3,826,0,284.25,0,0
TXN006170,1700.05,11,2,122,0,39.73,0,0
TXN006171,453.05,12,4,1242,0,34.61,0,0
TXN006172,1252.0,21,3,1297,0,61.54,0,0
TXN006173,748.83,22,4,1894,0,19.4,0,0
TXN006174,292.8,16,3,858,0,9.86,0,0
TXN006175,1536.84,4,3,691,0,370.39,0,0
TXN006176,842.77,19,3,1765,0,64.92,1,0
TXN006177,937.27,12,2,1878,0,157.18,0,0
TXN006178,326.96,12,2,74,0,351.09,0,0
TXN006179,5385.15,9,1,622,0,682.64,0,0
TXN006180,2635.2,14,2,756,0,209.94,0,0
TXN006181,2876.0,14,2,1796,0,539.82,0,0
TXN006182,807.99,17,5,571,0,99.15,0,0
TXN006183,194.57,17,2,171,0,280.53,0,0
TXN006184,7730.41,1,3,758,0,499.36,0,1
TXN006185,1031.64,22,3,1389,0,9.83,0,1
TXN006186,518.63,10,3,1038,0,68.75,0,0
TXN006187,1663.7,12,2,1997,0,242.65,0,0
TXN006188,3523.19,10,8,1199,0,68.17,0,0
TXN006189,1071.64,3,5,1725,0,3.09,0,0
TXN006190,3938.58,14,4,907,0,296.14,0,0
TXN006191,3238.94,21,4,1219,0,32.4,0,0
TXN006192,373.76,22,2,657,0,69.65,0,0
TXN006193,559.03,10,3,82,0,434.59,0,1
TXN006194,2857.03,17,1,172,0,42.17,0,0
TXN006195,72.78,15,4,1986,0,405.27,0,0
TXN006196,944.39,9,1,1943,0,98.84,0,0
TXN006197,262.22,11,6,1870,0,450.48,0,0
TXN006198,680.92,12,4,62,0,376.99,0,0
TXN006199,813.36,8,5,1834,0,96.58,0,0
TXN006200,766.44,20,5,1764,0,458.89,0,0
TXN006201,631.27,12,2,733,0,180.29,0,0
TXN006202,366.08,5,1,1200,0,116.2,0,0
TXN006203,10849.9,5,3,1650,0,136.17,0,0
TXN006204,7097.25,10,5,597,0,11.77,0,0
TXN006205,343.07,18,2,1346,0,296.66,0,0
TXN006206,5335.39,10,3,1623,0,62.27,0,0
TXN006207,735.49,9,1,38,1,56.69,0,0
TXN006208,1247.86,22,1,161,0,226.2,0,0
TXN006209,1029.39,14,1,612,0,83.4,0,0
TXN006210,566.94,12,2,1962,0,129.94,0,0
TXN006211,2933.21,22,2,1244,0,98.54,0,0
TXN006212,1243.75,7,3,1157,0,126.44,0,0
TXN006213,680.92,4,0,276,0,45.23,0,0
TXN006214,297.5,1,3,1884,0,389.21,0,0
TXN006215,448.72,15,1,1114,0,169.57,0,0
TXN006216,212.43,12,0,449,1,47.91,0,0
TXN006217,1110.12,18,5,293,1,17.28,0,1
TXN006218,331.4,8,4,631,0,138.01,0,0
TXN006219,840.87,14,5,1848,0,113.64,0,0
TXN006220,4316.08,5,4,1549,0,485.19,0,0
TXN006221,3638.4,7,2,1975,0,47.21,0,0
TXN006222,1061.8,23,1,1098,0,384.07,0,0
TXN006223,1005.17,13,4,1991,0,261.82,0,0
TXN006224,7185.89,4,1,299,0,116.5,0,0
TXN006225,1845.96,16,2,497,0,372.54,0,0
TXN006226,790.13,21,5,1927,0,356.33,0,0
TXN006227,263.48,6,3,1546,1,225.58,0,1
TXN006228,1625.99,8,3,613,0,19.28,0,0
TXN006229,2513.23,15,1,405,0,31.42,0,0
TXN006230,583.09,17,3,593,0,161.19,0,0
TXN006231,1467.33,12,0,722,0,50.69,0,0
TXN006232,762.37,17,2,1554,0,144.2,0,0
TXN006233,912.3,9,2,1872,0,148.1,0,0
TXN006234,91.12,0,5,1183,0,159.22,0,0
TXN006235,878.5,20,4,1613,0,151.85,0,0
TXN006236,2891.03,17,4,1515,0,85.83,0,0
TXN006237,583.24,18,2,974,0,42.49,0,0
TXN006238,1155.77,1,2,728,0,131.57,0,0
TXN006239,514.94,3,4,864,0,123.03,0,0
TXN006240,1572.53,10,1,109,0,57.93,0,0
TXN006241,883.13,2,4,166,0,9.46,0,1
TXN006242,428.7,8,2,644,0,41.42,0,0
TXN006243,4157.01,9,1,31,0,144.04,0,1
TXN006244,2776.46,1,1,104,0,138.07,0,0
TXN006245,598.9,6,6,1013,0,25.82,0,0
TXN006246,1804.05,14,1,968,0,167.68,0,0
TXN006247,1876.97,18,3,1274,0,98.88,0,0
TXN006248,2084.54,9,2,1835,0,190.87,0,0
TXN006249,201.49,23,3,1037,0,394.07,0,0
TXN006250,3000.72,19,1,1989,0,66.41,0,0
TXN006251,620.36,13,7,281,1,76.8,0,0
TXN006252,766.76,3,3,856,0,203.32,0,0
TXN006253,15334.83,10,5,499,0,536.22,0,1
TXN006254,1483.08,2,2,1356,0,119.84,0,0
TXN006255,745.22,22,5,1421,0,33.38,0,0
TXN006256,120.87,16,3,959,0,492.02,0,0
TXN006257,4401.78,6,3,412,0,114.2,0,0
TXN006258,285.66,10,3,925,0,111.15,0,0
TXN006259,402.04,17,1,193,0,139.7,0,0
TXN006260,787.33,13,5,1086,0,52.38,0,0
TXN006261,4520.65,13,8,1412,0,276.42,0,0
TXN006262,2376.16,5,6,1244,0,184.42,0,0
TXN006263,936.51,8,3,776,0,557.68,0,0
TXN006264,1492.63,21,3,47,0,41.04,0,1
TXN006265,601.61,2,4,1459,0,173.76,0,1
TXN006266,1260.99,16,3,246,0,130.86,0,0
TXN006267,1180.08,11,5,1410,0,405.26,0,0
TXN006268,2889.3,3,7,34,0,5.55,0,0
TXN006269,2884.71,19,2,1341,0,257.48,0,0
TXN006270,1797.19,15,2,401,0,175.62,0,0
TXN006271,763.3,23,3,1742,0,168.36,0,0
TXN006272,2302.66,9,2,961,1,374.76,0,0
TXN006273,1000.28,6,2,1638,0,160.4,0,0
TXN006274,371.7,9,4,299,0,226.53,0,0
TXN006275,732.68,6,7,1885,0,186.77,0,0
TXN006276,1193.36,22,2,1597,0,12.97,0,0
TXN006277,2724.98,17,1,1702,0,21.55,0,0
TXN006278,912.76,8,2,1012,0,74.38,0,0
TXN006279,327.28,21,4,1674,0,202.7,0,0
TXN006280,1160.66,17,1,845,0,4.82,0,0
TXN006281,1228.39,16,2,849,0,266.58,0,0
TXN006282,1320.59,10,6,138,0,40.84,0,0
TXN006283,2751.42,0,1,678,0,147.58,0,0
TXN006284,3037.9,16,2,1010,0,40.43,1,0
TXN006285,605.34,3,1,1161,0,34.84,0,0
TXN006286,592.21,3,1,1597,0,73.22,0,0
TXN006287,387.53,13,1,905,1,458.06,0,0
TXN006288,2205.73,8,3,1191,0,48.89,0,0
TXN006289,4669.56,12,2,1658,0,8.95,0,1
TXN006290,800.25,15,2,1535,0,385.05,0,0
TXN006291,861.41,0,3,1046,0,104.02,0,1
TXN006292,4754.19,2,3,755,1,174.67,0,1
TXN006293,1818.12,18,4,98,0,390.53,0,0
TXN006294,1696.35,7,5,808,1,253.65,0,0
TXN006295,333.31,17,2,1751,0,286.58,0,0
TXN006296,2161.87,5,2,313,0,117.74,0,0
TXN006297,433.05,19,7,1397,0,209.28,0,0
TXN006298,352.83,5,2,1215,0,597.2,0,0
TXN006299,775.28,4,3,466,0,396.96,0,0
TXN006300,610.46,11,5,647,0,170.61,0,0
TXN006301,878.66,8,7,837,0,16.06,0,0
TXN006302,259.57,8,5,1757,0,701.5,0,0
TXN006303,2860.68,16,6,1937,0,45.99,0,0
TXN006304,3386.95,18,4,1703,0,80.54,0,0
TXN006305,156.44,16,4,1335,0,27.22,0,0
TXN006306,2917.43,21,5,584,0,32.81,0,0
TXN006307,487.59,15,3,1798,0,285.94,0,0
TXN006308,2583.69,11,1,996,1,24.71,0,0
TXN006309,1024.08,2,11,1993,0,37.79,0,1
TXN006310,1128.65,13,3,356,0,33.86,0,0
TXN006311,911.33,16,7,653,0,83.22,0,0
TXN006312,3685.38,21,1,1494,0,213.55,0,0
TXN006313,317.48,15,2,1424,0,185.83,0,0
TXN006314,2013.92,20,5,1485,0,232.18,0,0
TXN006315,3298.85,11,2,876,0,233.57,0,0
TXN006316,2244.73,23,2,1627,0,0.54,0,1
TXN006317,11211.54,1,1,1419,0,207.67,0,1
TXN006318,646.16,7,6,266,0,207.69,0,0
TXN006319,2856.36,11,2,1498,0,11.54,0,0
TXN006320,986.25,20,2,736,0,100.27,0,0
TXN006321,3764.63,15,4,842,0,14.74,0,0
TXN006322,1088.23,7,6,1754,0,38.11,0,0
TXN006323,744.06,15,2,247,0,121.11,0,0
TXN006324,4048.38,9,2,1252,0,2.18,0,1
TXN006325,670.78,19,5,1439,0,17.97,0,0
TXN006326,267.01,14,1,1255,0,15.97,0,0
TXN006327,654.03,3,1,891,0,23.94,0,0
TXN006328,2036.59,14,2,76,0,9.19,0,0
TXN006329,4411.8,3,0,1308,0,170.45,0,0
TXN006330,1225.53,10,1,1888,0,35.41,0,0
TXN006331,4097.77,5,2,771,0,357.28,0,0
TXN006332,281.98,3,6,314,0,389.0,0,1
TXN006333,703.97,8,3,1244,0,211.41,1,1
TXN006334,821.74,8,2,54,1,12.09,0,0
TXN006335,977.93,2,0,651,0,399.95,0,0
TXN006336,1192.84,22,5,1825,0,97.64,1,0
TXN006337,2188.37,4,2,460,0,35.97,0,0
TXN006338,702.88,14,1,1634,0,271.55,0,1
TXN006339,1260.2,8,3,1116,0,76.63,0,0
TXN006340,1048.25,1,1,1827,1,126.97,0,0
TXN006341,434.46,2,2,1904,0,244.59,0,0
TXN006342,978.81,20,2,1583,0,19.19,0,0
TXN006343,949.88,11,3,401,0,33.44,0,0
TXN006344,929.75,15,2,1411,0,622.74,0,0
TXN006345,1132.02,4,5,1601,0,225.03,0,0
TXN006346,1182.84,9,5,361,0,47.31,0,0
TXN006347,711.73,14,4,1653,0,153.51,0,0
TXN006348,3915.56,13,2,726,0,37.48,0,0
TXN006349,340.54,13,1,1211,0,361.06,0,0
TXN006350,533.27,22,0,1813,1,107.16,0,0
TXN006351,17676.01,12,2,939,0,295.99,0,0
TXN006352,388.39,15,2,1860,0,643.06,0,0
TXN006353,283.23,7,3,927,0,712.22,0,0
TXN006354,2285.81,7,5,1431,0,26.65,0,0
TXN006355,137.4,16,3,1855,0,521.44,0,0
TXN006356,866.73,16,4,599,0,56.72,0,0
TXN006357,9375.22,2,2,1426,0,80.23,0,0
TXN006358,233.94,0,7,1265,1,11.71,0,0
TXN006359,151.11,16,4,1409,0,186.72,0,0
TXN006360,244.89,23,8,1425,0,185.97,0,0
TXN006361,2692.86,15,3,756,0,270.14,0,0
TXN006362,3377.11,16,6,448,0,526.25,0,0
TXN006363,656.82,1,2,1343,0,100.6,0,0
TXN006364,2171.58,13,5,498,0,94.19,0,0
TXN006365,4403.94,6,5,1434,0,183.46,0,0
TXN006366,6550.83,18,5,1923,0,198.15,0,0
TXN006367,857.19,0,2,1547,0,106.06,0,0
TXN006368,109.79,16,1,1189,0,453.13,0,0
TXN006369,482.57,9,4,1864,0,9.65,0,0
TXN006370,715.65,5,4,1372,0,254.2,0,0
TXN006371,846.46,6,4,796,0,41.96,1,0
TXN006372,908.81,5,5,400,0,123.09,0,0
TXN006373,3357.31,4,2,219,0,343.28,0,0
TXN006374,3922.28,1,2,891,0,71.98,0,0
TXN006375,923.64,17,1,1164,0,413.9,0,0
TXN006376,3289.48,23,1,1841,0,107.83,0,0
TXN006377,1568.16,16,3,1233,0,218.37,1,0
TXN006378,1169.7,23,4,625,0,230.87,0,0
TXN006379,2714.99,22,2,1012,0,54.4,0,0
TXN006380,1178.8,6,3,113,0,415.65,0,0
TXN006381,8585.34,20,6,843,0,23.96,0,0
TXN006382,260.24,18,2,1908,0,160.52,0,0
TXN006383,655.13,6,2,417,0,476.13,0,0
TXN006384,966.31,22,4,603,1,5.67,0,0
TXN006385,1701.82,6,2,412,0,136.38,0,0
TXN006386,3896.99,15,4,679,1,50.93,0,0
TXN006387,1070.2,11,2,1989,0,38.48,0,1
TXN006388,264.48,14,5,162,0,47.93,0,0
TXN006389,2546.6,14,1,893,0,419.37,0,0
TXN006390,2333.11,10,3,687,0,99.77,0,0
TXN006391,157.3,1,4,1882,0,48.43,0,0
TXN006392,1092.47,2,3,1494,1,472.49,0,0
TXN006393,223.6,18,0,1372,0,69.85,0,0
TXN006394,564.17,19,3,1142,0,231.38,0,0
TXN006395,444.61,14,3,796,0,138.67,0,0
TXN006396,2463.32,15,3,238,0,204.63,0,0
TXN006397,1232.54,0,1,1314,0,36.31,0,1
TXN006398,303.2,14,3,384,0,204.27,0,0
TXN006399,2644.05,11,4,519,0,425.26,1,0
TXN006400,261.44,6,1,1304,0,19.15,0,0
TXN006401,1525.56,6,0,1586,1,71.16,0,0
TXN006402,485.89,10,7,641,0,647.53,0,0
TXN006403,760.76,19,3,1328,0,45.93,0,0
TXN006404,1815.78,10,2,692,0,11.05,0,0
TXN006405,1847.24,16,2,354,0,10.19,0,0
TXN006406,4175.42,2,1,1726,0,57.96,0,0
TXN006407,1010.04,15,3,1953,0,122.93,0,0
TXN006408,1489.88,4,3,1022,0,56.36,0,0
TXN006409,707.87,1,2,268,0,59.36,0,0
TXN006410,1315.52,22,4,1088,0,320.47,0,0
TXN006411,1701.88,6,4,344,0,262.16,0,0
TXN006412,993.95,9,4,1607,0,67.01,0,0
TXN006413,180.59,4,1,668,0,76.13,0,0
TXN006414,1527.63,14,4,1783,0,629.23,0,0
TXN006415,1579.02,11,5,386,0,539.79,0,0
TXN006416,555.48,9,1,1139,0,650.81,0,0
TXN006417,303.57,21,6,744,0,504.03,0,0
TXN006418,4797.64,16,1,1102,0,178.04,0,0
TXN006419,1792.64,19,7,503,0,66.36,1,0
TXN006420,872.11,19,2,326,0,628.18,0,0
TXN006421,351.77,10,4,1898,0,244.44,0,0
TXN006422,482.12,7,2,1771,0,223.59,0,0
TXN006423,4034.31,14,3,1158,0,287.57,0,0
TXN006424,1258.48,1,3,590,0,164.24,0,1
TXN006425,632.33,16,4,1124,0,157.55,0,0
TXN006426,1825.65,22,5,493,1,80.71,0,0
TXN006427,485.71,5,4,625,0,29.41,0,0
TXN006428,4918.91,20,1,203,0,103.89,0,0
TXN006429,4242.04,12,2,1373,0,131.13,0,0
TXN006430,687.75,7,2,1487,0,378.39,0,0
TXN006431,584.83,10,5,793,0,92.43,0,0
TXN006432,79.99,14,3,968,0,386.23,0,0
TXN006433,249.24,12,6,1720,0,68.76,0,0
TXN006434,287.3,17,7,1343,1,521.02,0,1
TXN006435,1255.38,17,4,243,1,7.15,0,0
TXN006436,791.37,16,6,732,0,134.13,0,0
TXN006437,285.62,21,1,1923,0,69.84,0,0
TXN006438,827.85,12,4,1666,0,62.77,0,0
TXN006439,1817.72,2,7,736,0,14.89,0,0
TXN006440,1859.08,20,6,184,0,205.82,0,0
TXN006441,164.08,23,0,36,0,89.73,0,0
TXN006442,964.62,6,5,1536,0,535.85,0,0
TXN006443,274.97,11,4,1034,1,224.33,0,0
TXN006444,2701.95,3,2,1176,0,105.3,0,0
TXN006445,2402.21,23,4,1844,0,177.66,0,0
TXN006446,446.74,10,4,1503,0,12.29,0,0
TXN006447,509.77,13,5,1180,0,160.11,0,0
TXN006448,691.41,17,2,1781,0,197.47,0,0
TXN006449,115.26,6,1,415,0,20.2,0,0
TXN006450,1534.51,4,2,271,0,206.47,0,0
TXN006451,834.77,15,4,1729,0,115.64,0,0
TXN006452,2893.36,10,3,1879,0,117.57,0,0
TXN006453,365.62,21,4,552,0,231.45,0,0
TXN006454,590.45,2,2,1828,1,107.55,0,0
TXN006455,243.1,15,3,863,0,48.06,1,0
TXN006456,401.7,10,2,1004,0,63.76,0,0
TXN006457,336.3,9,3,907,0,241.34,0,0
TXN006458,2968.98,22,5,316,0,13.26,0,1
TXN006459,545.52,22,3,587,0,330.8,0,0
TXN006460,1241.62,1,5,355,0,157.1,0,0
TXN006461,749.37,15,3,1819,0,233.67,0,0
TXN006462,308.13,16,1,258,0,75.8,0,0
TXN006463,926.76,9,5,1035,0,45.36,0,0
TXN006464,1996.4,17,4,850,1,293.86,0,0
TXN006465,327.75,11,4,890,0,19.41,0,0
TXN006466,2462.94,7,2,1121,0,32.64,0,0
TXN006467,468.85,2,5,587,0,60.37,0,0
TXN006468,676.56,19,4,834,0,77.88,0,0
TXN006469,1864.38,23,5,1385,0,40.99,0,0
TXN006470,564.85,2,5,184,0,438.77,0,0
TXN006471,1138.62,5,2,1846,0,4.96,0,0
TXN006472,800.56,1,0,538,0,292.85,0,1
TXN006473,1248.09,2,4,1065,0,95.3,0,0
TXN006474,101.42,16,1,217,0,325.54,0,0
TXN006475,175.97,8,4,46,1,286.1,0,0
TXN006476,2030.36,3,6,1999,0,23.22,0,0
TXN006477,3093.88,21,0,669,1,197.61,0,0
TXN006478,441.21,22,3,1404,0,85.6,0,0
TXN006479,859.17,1,1,1684,0,309.68,0,0
TXN006480,1472.5,23,4,1062,0,342.71,0,0
TXN006481,2193.42,8,3,1264,0,37.72,0,0
TXN006482,144.36,13,5,1683,0,117.24,0,0
TXN006483,452.13,10,1,58,0,162.43,0,0
TXN006484,786.36,1,1,1682,0,141.38,0,0
TXN006485,2215.29,20,4,925,0,52.21,0,0
TXN006486,13338.77,1,3,438,0,57.26,0,0
TXN006487,873.05,4,0,1964,0,351.59,0,0
TXN006488,268.55,6,3,934,1,5.98,0,0
TXN006489,1639.7,21,3,170,0,54.77,0,0
TXN006490,4109.25,3,4,844,0,45.43,0,0
TXN006491,1221.72,13,4,1481,0,83.36,0,0
TXN006492,442.9,1,2,1799,0,208.56,0,1
TXN006493,2858.33,22,1,160,0,136.77,0,0
TXN006494,2129.29,11,6,407,0,140.02,0,0
TXN006495,393.04,9,4,999,0,236.54,0,0
TXN006496,1605.88,0,5,1967,0,300.99,0,0
TXN006497,2972.82,18,2,538,0,31.36,0,0
TXN006498,3575.61,22,6,423,0,20.58,0,0
TXN006499,1026.13,15,2,1217,0,64.52,1,0
TXN006500,766.57,14,1,1945,0,316.38,0,0
TXN006501,3741.62,13,1,1017,0,140.46,0,0
TXN006502,326.96,8,2,1238,0,27.74,0,0
TXN006503,1700.33,20,2,288,0,32.19,1,1
TXN006504,278.65,22,1,945,0,411.38,0,0
TXN006505,3182.35,14,2,1455,0,82.3,0,0
TXN006506,847.21,6,1,462,0,53.05,0,0
TXN006507,3899.42,3,0,1730,0,213.0,0,1
TXN006508,1792.58,20,3,1585,0,354.91,0,0
TXN006509,322.72,17,0,1383,0,105.14,0,0
TXN006510,4557.95,7,5,1023,0,281.89,0,0
TXN006511,5173.19,11,3,477,0,101.19,0,0
TXN006512,2649.92,14,4,819,0,211.64,0,0
TXN006513,512.04,14,5,690,0,153.94,0,0
TXN006514,807.53,16,2,1278,1,404.74,0,1
TXN006515,1268.29,1,4,365,0,70.76,0,0
TXN006516,542.56,11,3,519,0,264.87,1,0
TXN006517,5957.14,2,1,448,0,207.33,0,0
TXN006518,1266.9,6,5,641,1,328.55,0,0
TXN006519,73.45,5,3,1950,0,168.36,0,0
TXN006520,1539.72,13,5,1433,0,110.96,0,0
TXN006521,774.21,22,2,1449,0,9.13,1,1
TXN006522,1017.47,4,4,1066,0,329.53,0,0
TXN006523,758.53,3,3,1816,0,433.3,0,0
TXN006524,2457.86,14,3,37,0,107.5,0,0
TXN006525,3359.97,6,1,912,0,45.25,0,1
TXN006526,1455.42,2,2,188,0,187.51,0,0
TXN006527,781.09,12,3,802,0,23.36,1,0
TXN006528,1052.23,9,5,1181,0,7.51,0,0
TXN006529,1118.34,22,3,713,0,61.68,0,0
TXN006530,491.55,1,2,848,0,205.05,0,0
TXN006531,1956.53,11,2,1409,0,302.96,0,0
TXN006532,1737.22,23,3,1036,0,30.71,0,0
TXN006533,5117.6,21,3,182,0,525.88,0,0
TXN006534,3848.16,11,3,970,0,144.56,0,0
TXN006535,552.43,18,2,554,0,466.87,0,0
TXN006536,2490.65,18,2,960,0,29.21,0,0
TXN006537,423.71,20,2,573,0,110.24,0,0
TXN006538,2199.38,2,1,435,0,101.44,0,1
TXN006539,654.18,5,2,1187,0,95.49,0,0
TXN006540,394.16,1,3,78,0,480.71,0,0
TXN006541,1451.05,23,3,808,0,340.78,0,0
TXN006542,75.6,12,2,1636,0,284.62,0,0
TXN006543,190.38,8,3,1708,0,60.67,0,0
TXN006544,918.29,12,5,97,0,74.53,0,0
TXN006545,1190.87,22,3,197,0,54.03,0,0
TXN006546,758.0,13,4,1558,1,283.93,0,0
TXN006547,226.01,18,7,959,0,89.81,0,0
TXN006548,484.01,10,0,1813,0,692.72,0,0
TXN006549,1621.67,13,6,1928,0,81.55,1,0
TXN006550,1962.12,15,3,133,1,33.49,0,0
TXN006551,1078.99,9,2,755,0,478.29,0,0
TXN006552,3487.13,19,2,1211,0,274.77,0,0
TXN006553,1631.73,15,3,1840,0,157.54,0,0
TXN006554,519.33,1,1,130,0,351.9,0,0
TXN006555,828.4,15,3,143,0,537.25,0,0
TXN006556,269.65,13,2,1499,0,355.67,0,0
TXN006557,984.23,20,3,347,0,422.79,0,0
TXN006558,3334.58,17,4,707,0,56.95,0,0
TXN006559,2176.1,5,3,571,0,128.72,0,0
TXN006560,4456.01,6,0,1085,0,285.51,0,0
TXN006561,810.07,12,4,368,0,134.39,0,0
TXN006562,4213.71,1,1,1169,0,184.82,0,0
TXN006563,903.88,14,3,1462,0,461.15,0,0
TXN006564,4777.08,16,8,535,0,63.01,1,0
TXN006565,1072.92,12,4,642,0,139.54,0,1
TXN006566,2224.38,6,5,906,0,149.23,0,0
TXN006567,4793.96,0,6,1652,0,80.2,0,0
TXN006568,903.77,2,2,1577,0,82.67,0,0
TXN006569,1364.29,19,3,294,0,263.79,0,0
TXN006570,3979.31,17,5,1434,0,477.42,0,0
TXN006571,960.06,6,3,962,0,180.79,1,0
TXN006572,292.69,20,3,302,0,120.48,0,0
TXN006573,9348.84,16,4,527,0,249.79,0,0
TXN006574,685.56,11,3,1984,0,1102.23,0,0
TXN006575,1285.31,15,5,528,0,15.48,0,0
TXN006576,3484.25,23,4,1036,0,189.78,0,0
TXN006577,596.75,9,5,398,0,146.19,0,0
TXN006578,400.27,22,4,1926,0,169.6,0,0
TXN006579,1413.38,15,5,406,0,4.16,0,0
TXN006580,182.53,19,2,1113,0,560.91,1,0
TXN006581,822.29,17,3,801,0,16.07,0,0
TXN006582,1401.14,14,2,454,0,66.13,0,0
TXN006583,837.19,22,2,1505,0,63.76,0,0
TXN006584,234.29,10,1,1952,0,237.77,0,0
TXN006585,5400.13,17,2,1190,0,200.07,0,0
TXN006586,1216.26,5,5,808,0,11.47,0,0
TXN006587,4587.78,0,2,1288,0,29.19,0,0
TXN006588,845.53,22,3,1553,0,69.1,0,0
TXN006589,454.86,6,3,1308,0,219.19,0,0
TXN006590,1435.37,11,2,1882,1,476.71,0,0
TXN006591,883.78,19,4,517,0,68.23,0,0
TXN006592,337.73,3,0,1402,0,134.22,0,0
TXN006593,4768.49,9,1,767,0,83.91,0,0
TXN006594,588.59,20,3,1421,0,155.02,0,0
TXN006595,174.12,1,4,1556,0,177.98,0,0
TXN006596,4138.82,8,4,1151,0,131.48,0,0
TXN006597,662.29,9,3,1330,0,88.69,0,0
TXN006598,597.15,19,2,54,1,381.32,0,0
TXN006599,187.66,10,2,498,0,291.43,1,0
TXN006600,6253.78,13,3,1627,0,1159.42,0,0
TXN006601,302.03,2,3,1649,0,95.8,0,0
TXN006602,1162.64,0,8,1589,0,7.11,0,1
TXN006603,2731.54,6,3,1762,0,189.67,0,0
TXN006604,1671.9,3,3,454,0,275.37,0,0
TXN006605,1033.13,6,5,982,0,497.02,0,0
TXN006606,200.0,15,1,607,0,1.88,0,0
TXN006607,487.98,9,5,1815,0,381.02,0,0
TXN006608,1323.19,14,0,1318,0,130.9,0,0
TXN006609,499.11,15,4,1288,0,84.55,0,0
TXN006610,1343.94,5,1,677,0,45.17,0,0
TXN006611,2168.4,3,3,155,0,302.88,0,1
TXN006612,2871.25,3,1,637,0,81.39,0,0
TXN006613,321.76,23,2,1879,0,166.99,0,0
TXN006614,9863.99,22,0,868,0,129.02,0,0
TXN006615,2362.51,3,3,579,0,54.97,0,0
TXN006616,1094.75,21,0,1201,0,279.03,0,0
TXN006617,3260.18,21,3,1560,1,63.73,0,1
TXN006618,11677.37,16,1,588,0,278.63,0,0
TXN006619,260.16,12,2,108,0,94.83,0,0
TXN006620,875.45,1,2,569,0,5.5,0,0
TXN006621,101.65,19,0,508,0,262.54,0,0
TXN006622,1329.62,5,6,307,0,413.16,0,0
TXN006623,1580.34,21,3,1797,0,22.97,1,0
TXN006624,1054.52,0,1,142,0,158.41,0,1
TXN006625,569.9,7,6,1744,1,13.4,0,0
TXN006626,141.24,17,3,821,0,318.83,0,0
TXN006627,1593.25,20,3,1279,0,795.5,0,0
TXN006628,4700.55,3,4,1126,0,122.97,0,0
TXN006629,607.27,4,5,90,0,67.68,0,0
TXN006630,1702.85,4,0,543,1,336.45,1,0
TXN006631,228.57,14,4,1418,0,132.41,0,0
TXN006632,1732.31,9,1,1142,0,107.29,0,0
TXN006633,739.98,7,2,1513,0,46.53,1,1
TXN006634,511.62,6,1,468,0,172.29,0,0
TXN006635,512.67,11,3,1057,0,167.8,0,0
TXN006636,739.81,10,2,1552,0,54.89,0,0
TXN006637,1607.5,12,1,773,0,42.75,0,0
TXN006638,295.25,14,2,87,0,103.91,0,0
TXN006639,737.22,16,3,668,0,107.88,0,0
TXN006640,1052.08,21,2,1834,0,24.74,0,0
TXN006641,365.39,21,6,1786,0,58.15,0,0
TXN006642,6612.16,17,4,1789,0,31.46,0,0
TXN006643,467.08,7,5,184,0,417.09,0,0
TXN006644,561.47,5,7,1595,0,13.9,0,0
TXN006645,412.28,10,4,139,0,379.8,0,0
TXN006646,6624.17,8,1,388,0,135.1,0,0
TXN006647,1906.27,4,3,1943,0,197.03,0,0
TXN006648,429.84,6,3,793,0,462.1,0,0
TXN006649,3315.06,21,3,1371,0,81.85,0,0
TXN006650,1340.37,14,4,1246,0,218.29,0,0
TXN006651,1418.36,20,1,1576,0,200.49,0,0
TXN006652,777.06,21,2,884,0,801.39,0,0
TXN006653,518.32,3,4,462,0,8.49,0,0
TXN006654,1537.27,18,4,558,0,109.4,0,0
TXN006655,635.82,12,0,428,0,821.09,0,0
TXN006656,6746.34,0,5,696,0,71.52,0,0
TXN006657,308.19,0,2,146,0,606.88,0,0
TXN006658,5095.72,21,1,1959,0,305.41,0,1
TXN006659,981.11,13,5,258,0,74.61,0,0
TXN006660,1478.95,8,2,953,0,5.32,0,0
TXN006661,2522.88,23,4,1951,0,59.22,0,0
TXN006662,583.91,11,2,1028,0,23.77,0,0
TXN006663,2602.55,17,3,320,0,100.7,1,0
TXN006664,73.15,8,2,1452,0,504.99,0,0
TXN006665,533.79,7,3,1240,0,129.37,0,0
TXN006666,435.26,13,1,488,0,106.8,1,0
TXN006667,313.09,8,2,1214,0,43.75,0,0
TXN006668,884.52,19,3,84,0,174.85,0,0
TXN006669,1612.84,1,5,1773,0,109.38,0,0
TXN006670,2214.23,0,5,1896,0,266.68,0,0
TXN006671,1395.32,12,1,1617,0,130.67,0,0
TXN006672,563.58,9,2,1072,0,391.79,0,0
TXN006673,1586.07,7,6,1476,0,275.03,1,0
TXN006674,1241.76,6,2,783,0,28.21,0,0
TXN006675,2796.31,23,2,1524,0,26.31,0,0
TXN006676,2384.96,11,2,1753,0,4.44,0,0
TXN006677,1130.57,16,4,39,0,82.88,0,0
TXN006678,447.08,11,3,1509,0,10.11,0,0
TXN006679,570.81,15,2,1375,0,107.59,0,0
TXN006680,632.84,9,2,469,0,49.72,1,0
TXN006681,800.1,11,3,1060,0,124.13,0,0
TXN006682,1433.75,10,3,119,0,31.02,0,0
TXN006683,2242.11,13,3,197,0,143.41,0,0
TXN006684,1041.98,21,2,432,0,610.96,0,0
TXN006685,1114.46,19,3,227,0,182.52,0,0
TXN006686,1265.61,12,1,1022,0,149.58,0,0
TXN006687,654.65,1,6,916,0,279.25,0,1
TXN006688,434.68,19,2,1437,0,1.0,0,0
TXN006689,189.53,6,4,1576,0,59.75,0,0
TXN006690,547.22,0,2,1617,0,781.4,0,0
TXN006691,1760.13,2,4,1409,0,274.7,0,0
TXN006692,542.99,19,2,169,0,17.03,0,0
TXN006693,864.54,11,2,761,0,71.14,0,0
TXN006694,1748.36,4,2,731,0,104.32,0,0
TXN006695,1845.84,11,6,358,0,490.86,0,0
TXN006696,372.59,2,8,1716,0,158.82,0,1
TXN006697,2972.2,19,3,1349,0,14.47,0,0
TXN006698,3385.82,4,6,1763,0,128.06,0,0
TXN006699,354.3,0,5,1359,0,61.49,0,0
TXN006700,481.14,15,3,93,0,74.44,0,0
TXN006701,3608.66,8,5,688,0,21.84,0,0
TXN006702,946.86,9,5,241,0,110.5,0,0
TXN006703,119.13,9,1,1839,0,199.28,0,0
TXN006704,270.51,12,7,1464,0,256.54,0,0
TXN006705,854.6,15,3,1662,0,213.97,0,0
TXN006706,342.73,19,2,1146,0,194.46,0,0
TXN006707,725.29,3,1,870,0,366.16,0,0
TXN006708,1132.74,13,2,1546,0,72.72,0,0
TXN006709,4732.72,16,2,1865,0,43.48,0,0
TXN006710,820.2,4,1,343,0,16.86,0,0
TXN006711,3205.24,12,2,1115,0,32.61,0,0
TXN006712,4576.82,2,1,1487,0,29.12,0,0
TXN006713,4602.29,4,4,1656,0,438.49,0,1
TXN006714,1457.9,15,4,1874,0,35.83,0,0
TXN006715,153.96,18,4,1412,0,17.76,0,0
TXN006716,1738.58,18,1,1626,0,92.02,0,0
TXN006717,3128.78,16,2,488,1,33.45,0,0
TXN006718,1011.24,17,7,1871,0,25.18,0,0
TXN006719,6276.6,17,1,83,0,81.01,0,0
TXN006720,2591.09,22,4,327,0,453.25,0,0
TXN006721,1935.8,7,3,728,0,5.56,0,0
TXN006722,3249.9,17,5,1317,1,41.91,0,0
TXN006723,1530.53,8,3,939,0,312.94,0,0
TXN006724,90.67,18,4,1803,0,50.64,0,1
TXN006725,665.71,9,4,1834,0,104.72,0,0
TXN006726,3630.65,1,2,740,0,18.67,0,0
TXN006727,489.02,16,4,364,0,285.41,0,0
TXN006728,877.02,23,2,387,0,240.04,0,0
TXN006729,385.74,12,2,457,0,24.67,0,0
TXN006730,6528.44,10,2,328,0,532.04,0,0
TXN006731,5892.83,15,1,277,0,160.76,0,0
TXN006732,453.11,19,5,1821,0,288.05,0,0
TXN006733,1270.67,6,3,1967,0,259.75,0,0
TXN006734,555.3,2,2,1985,0,131.77,0,1
TXN006735,2028.28,15,2,700,0,247.74,0,0
TXN006736,1825.63,18,6,929,0,48.88,0,0
TXN006737,2469.34,19,6,362,0,3.87,0,0
TXN006738,1528.31,15,8,836,0,75.36,1,0
TXN006739,20648.67,1,3,123,0,29.78,0,0
TXN006740,392.32,13,3,1236,0,714.16,0,0
TXN006741,198.22,19,1,48,1,462.98,0,0
TXN006742,740.19,9,1,1249,0,28.02,0,0
TXN006743,228.61,18,2,94,0,75.88,0,0
TXN006744,246.54,23,1,837,0,128.15,0,0
TXN006745,402.9,10,3,381,0,91.57,0,0
TXN006746,436.07,17,5,1257,0,216.73,0,0
TXN006747,422.16,10,3,105,0,126.04,0,0
TXN006748,1841.28,8,4,753,0,149.94,0,0
TXN006749,661.04,18,1,1000,0,203.78,0,0
TXN006750,916.43,19,2,786,0,4.31,0,0
TXN006751,2681.77,9,2,1426,0,2.25,0,0
TXN006752,509.63,2,1,142,0,35.31,0,1
TXN006753,841.73,2,2,571,0,228.05,0,0
TXN006754,1580.92,23,5,1812,0,49.5,0,0
TXN006755,157.34,7,2,1545,1,455.03,0,0
TXN006756,101.0,5,1,541,0,14.71,1,0
TXN006757,1550.17,19,4,1465,0,156.11,0,0
TXN006758,1793.66,0,0,1289,0,4.66,1,0
TXN006759,8640.54,19,1,1742,0,643.98,1,1
TXN006760,1284.46,23,2,634,0,43.27,0,0
TXN006761,2489.26,5,4,1222,1,159.45,0,0
TXN006762,901.92,1,4,627,0,550.58,0,0
TXN006763,1476.2,18,5,138,0,5.55,0,0
TXN006764,5809.54,6,4,334,0,129.41,0,0
TXN006765,131.11,10,2,186,1,134.65,0,0
TXN006766,1658.41,10,3,1694,1,77.95,0,0
TXN006767,9279.72,3,6,1010,0,191.32,0,0
TXN006768,1453.94,19,4,1340,0,140.77,0,0
TXN006769,5713.42,15,1,312,0,51.58,0,0
TXN006770,584.52,4,2,1344,0,219.93,0,0
TXN006771,1062.05,23,6,1061,0,112.98,0,0
TXN006772,1134.02,6,2,1093,0,114.38,0,0
TXN006773,119.39,15,2,1765,0,546.28,0,0
TXN006774,340.98,14,1,163,0,137.84,0,0
TXN006775,366.18,4,3,684,0,276.39,0,0
TXN006776,2495.06,0,3,818,0,363.66,0,0
TXN006777,2623.21,19,3,962,0,156.46,0,0
TXN006778,1516.31,21,4,739,0,277.84,0,0
TXN006779,2500.14,21,3,339,0,66.67,0,0
TXN006780,930.62,8,2,1466,0,36.14,0,0
TXN006781,3647.99,20,3,1910,0,214.06,0,0
TXN006782,1106.31,4,4,1283,0,469.13,0,0
TXN006783,1161.96,21,3,1144,0,7.82,0,0
TXN006784,840.85,5,5,1671,1,259.19,0,0
TXN006785,2174.27,2,0,116,0,5.19,0,0
TXN006786,719.68,5,4,1328,1,110.45,0,0
TXN006787,2911.52,7,5,1657,0,203.52,0,0
TXN006788,353.49,5,1,1821,0,93.55,1,0
TXN006789,365.43,15,3,575,0,64.45,0,0
TXN006790,2180.76,15,2,599,0,37.23,0,0
TXN006791,1003.71,20,4,740,0,685.96,1,0
TXN006792,696.53,2,3,272,0,152.05,0,0
TXN006793,2670.6,16,4,426,0,24.62,0,0
TXN006794,597.49,20,1,1313,0,8.88,0,0
TXN006795,897.67,5,0,1960,0,50.2,0,0
TXN006796,4443.63,5,3,207,0,139.24,0,0
TXN006797,5110.96,21,5,562,0,250.97,0,0
TXN006798,5283.79,18,5,1625,0,713.02,0,0
TXN006799,827.06,19,0,1458,0,323.18,0,0
TXN006800,3754.47,14,4,1736,0,170.4,0,0
TXN006801,424.56,18,5,74,0,197.65,0,0
TXN006802,442.79,1,1,583,0,132.89,0,0
TXN006803,104.54,7,2,1463,0,102.63,0,0
TXN006804,5842.23,6,4,1980,0,276.45,0,0
TXN006805,462.21,7,4,1230,0,35.14,0,0
TXN006806,966.29,12,3,412,0,73.15,1,0
TXN006807,441.28,21,2,737,0,692.69,0,0
TXN006808,2197.7,14,0,1568,0,152.64,0,0
TXN006809,753.23,11,3,836,0,124.23,0,0
TXN006810,297.43,14,4,1101,0,342.43,0,0
TXN006811,1705.58,13,2,178,0,258.4,0,0
TXN006812,261.46,6,1,1283,1,71.03,1,0
TXN006813,474.66,16,1,47,0,177.01,0,0
TXN006814,133.37,4,3,510,0,36.91,0,0
TXN006815,264.02,19,2,1296,0,9.8,0,0
TXN006816,1310.98,9,4,1671,0,826.22,0,0
TXN006817,153.77,18,3,192,0,240.55,0,0
TXN006818,249.35,17,1,1085,0,480.65,0,0
TXN006819,1094.04,23,5,151,0,320.96,0,0
TXN006820,636.76,9,2,468,0,100.57,1,0
TXN006821,8038.81,1,5,1448,0,355.76,0,0
TXN006822,6862.98,5,2,644,0,278.11,0,0
TXN006823,460.39,2,2,727,0,53.77,0,0
TXN006824,1914.36,18,3,764,1,175.6,0,0
TXN006825,2319.91,4,5,379,0,65.5,0,0
TXN006826,603.36,6,4,1475,0,47.99,0,0
TXN006827,245.79,6,2,1611,0,15.35,0,0
TXN006828,1083.23,9,2,155,0,141.02,0,0
TXN006829,922.56,0,2,1434,0,89.69,0,0
TXN006830,709.27,10,3,1713,0,16.59,0,0
TXN006831,1706.7,22,3,389,0,228.08,0,0
TXN006832,517.64,6,4,1079,1,231.11,0,1
TXN006833,346.54,5,1,1704,0,48.29,0,0
TXN006834,1223.03,5,7,735,0,561.86,0,0
TXN006835,1613.19,12,1,1412,0,270.8,0,0
TXN006836,338.1,15,5,1006,0,294.54,0,0
TXN006837,2774.12,12,1,757,0,0.67,1,0
TXN006838,186.7,1,1,891,0,690.62,0,0
TXN006839,615.16,18,1,66,1,834.31,0,1
TXN006840,847.25,18,1,419,0,127.38,0,0
TXN006841,580.43,18,9,467,0,756.14,0,0
TXN006842,623.24,17,5,1550,0,170.48,1,0
TXN006843,7122.93,5,4,244,0,25.89,0,0
TXN006844,468.3,1,3,204,0,302.98,0,0
TXN006845,12597.1,18,3,1536,0,146.99,0,0
TXN006846,1697.86,5,4,143,0,75.42,0,0
TXN006847,1202.38,19,5,1356,0,48.5,0,0
TXN006848,1765.59,22,2,532,1,131.7,0,0
TXN006849,13765.6,21,2,183,0,211.83,0,0
TXN006850,406.02,14,2,310,0,377.21,0,0
TXN006851,357.66,5,4,449,0,164.32,0,0
TXN006852,515.5,2,3,1330,0,96.6,0,0
TXN006853,1132.46,10,3,1031,0,180.01,0,0
TXN006854,195.24,7,2,1864,0,123.68,0,0
TXN006855,1121.41,21,3,1332,0,190.0,0,0
TXN006856,5964.3,17,2,1118,0,169.02,0,0
TXN006857,1275.9,16,2,346,0,692.69,0,1
TXN006858,818.37,18,2,359,0,175.23,0,0
TXN006859,591.01,18,3,1654,0,211.42,0,0
TXN006860,2693.27,23,3,115,0,401.25,0,0
TXN006861,480.18,20,7,1292,0,439.58,0,0
TXN006862,6949.3,16,4,1253,0,27.33,0,0
TXN006863,7580.69,3,0,1158,0,108.86,0,0
TXN006864,1417.64,6,6,605,0,514.92,0,0
TXN006865,1084.08,4,6,446,0,578.36,0,0
TXN006866,3073.77,15,1,1938,0,37.94,0,0
TXN006867,3277.38,5,4,233,0,105.56,0,1
TXN006868,489.81,13,5,1229,0,58.79,0,0
TXN006869,647.71,19,6,580,0,281.55,0,0
TXN006870,292.26,1,1,1705,0,344.1,0,0
TXN006871,1650.88,17,1,1704,0,114.02,0,0
TXN006872,2135.87,17,3,77,1,202.67,0,0
TXN006873,284.31,12,5,677,0,367.19,0,0
TXN006874,695.62,17,3,1872,1,222.52,0,0
TXN006875,285.07,16,7,421,0,30.62,0,0
TXN006876,446.39,12,4,1666,0,224.06,0,0
TXN006877,1902.68,11,3,1294,0,31.16,0,0
TXN006878,526.64,2,5,1261,0,190.9,0,0
TXN006879,811.74,21,3,513,0,73.04,0,0
TXN006880,215.44,6,6,925,0,10.46,0,0
TXN006881,1322.12,0,3,751,0,46.23,0,0
TXN006882,1049.14,4,1,649,0,113.73,0,0
TXN006883,529.03,20,2,370,0,921.37,0,0
TXN006884,907.77,0,1,1121,0,53.16,0,0
TXN006885,1313.3,3,1,399,0,693.53,0,0
TXN006886,485.48,0,2,1124,1,81.52,0,1
TXN006887,250.57,12,2,1151,0,579.45,0,0
TXN006888,6671.33,13,1,1674,0,562.67,0,0
TXN006889,582.15,14,2,193,0,27.76,0,0
TXN006890,995.49,16,3,898,0,317.6,0,0
TXN006891,3013.45,11,2,827,0,131.11,0,0
TXN006892,37386.13,6,0,631,0,208.62,1,0
TXN006893,315.93,22,5,1449,0,269.36,0,0
TXN006894,1719.57,18,2,1128,0,23.94,0,0
TXN006895,540.47,22,6,1082,0,288.78,0,0
TXN006896,639.83,2,5,1568,0,64.92,0,1
TXN006897,533.68,17,4,859,0,237.27,0,0
TXN006898,355.79,3,0,552,0,153.45,0,0
TXN006899,1052.27,2,6,102,0,207.74,0,0
TXN006900,251.01,11,4,247,0,175.53,0,0
TXN006901,2826.54,22,6,147,0,299.33,0,1
TXN006902,1158.64,11,4,1240,0,404.93,0,0
TXN006903,1673.1,16,2,285,0,107.32,0,0
TXN006904,688.02,5,2,101,0,89.62,0,0
TXN006905,759.6,14,8,242,0,49.92,1,0
TXN006906,1462.0,1,3,101,0,302.61,0,0
TXN006907,342.39,7,5,1863,0,614.1,0,0
TXN006908,766.63,13,1,1955,0,39.12,0,0
TXN006909,464.23,4,4,852,0,110.2,0,0
TXN006910,450.08,2,6,1007,0,264.81,0,1
TXN006911,132.98,9,2,1315,0,181.93,0,0
TXN006912,4185.27,6,1,1330,0,303.76,0,0
TXN006913,551.95,10,4,457,0,2.93,0,0
TXN006914,3510.02,14,3,789,0,436.15,0,0
TXN006915,3193.24,1,3,1938,0,11.4,0,0
TXN006916,303.08,4,2,461,0,106.14,0,0
TXN006917,369.29,10,1,1140,0,58.07,0,0
TXN006918,14192.98,7,3,961,0,474.08,0,0
TXN006919,6316.53,12,4,239,0,57.92,0,0
TXN006920,1062.61,10,3,922,0,84.12,0,0
TXN006921,1418.53,16,6,1272,0,394.61,0,0
TXN006922,583.56,14,2,1994,1,138.76,0,0
TXN006923,1689.78,0,1,1696,0,411.26,1,1
TXN006924,535.3,18,1,279,0,194.7,0,0
TXN006925,143.69,15,1,1833,0,14.85,1,0
TXN006926,292.49,18,5,1137,0,102.7,0,0
TXN006927,1120.01,12,4,1072,0,34.93,0,0
TXN006928,353.87,22,3,564,0,12.12,0,0
TXN006929,1025.28,21,3,1433,0,84.26,0,0
TXN006930,374.41,22,0,1442,0,430.32,0,0
TXN006931,501.52,3,4,592,0,22.53,0,0
TXN006932,2573.87,10,3,1968,0,1.22,0,0
TXN006933,1404.56,17,4,1562,0,492.25,0,0
TXN006934,1086.09,17,2,1321,0,135.94,1,0
TXN006935,2641.13,9,1,1145,0,147.2,0,0
TXN006936,1773.32,16,1,1750,0,474.73,1,1
TXN006937,4659.03,12,5,450,0,216.82,0,0
TXN006938,692.38,13,2,1343,0,315.61,0,0
TXN006939,713.63,6,5,791,0,264.93,0,0
TXN006940,298.54,9,2,109,0,170.35,0,0
TXN006941,714.1,2,5,1372,0,209.89,0,0
TXN006942,2877.77,1,3,1938,0,148.06,0,0
TXN006943,4023.82,18,4,673,0,79.04,0,0
TXN006944,2864.95,6,4,467,0,60.47,0,0
TXN006945,182.33,4,1,1932,0,34.83,0,0
TXN006946,3239.41,2,3,263,0,78.65,0,0
TXN006947,174.42,1,1,339,0,154.82,1,0
TXN006948,2692.21,22,2,35,0,159.41,0,0
TXN006949,759.16,21,4,420,0,207.03,0,0
TXN006950,2213.95,5,3,831,0,380.79,0,0
TXN006951,289.33,13,3,97,0,189.92,0,0
TXN006952,3537.47,6,6,1964,0,33.73,0,0
TXN006953,253.41,21,1,554,0,4.69,0,0
TXN006954,562.02,1,3,742,0,39.46,0,1
TXN006955,404.2,10,2,834,0,429.67,0,0
TXN006956,189.75,20,6,451,0,150.94,0,0
TXN006957,1205.35,2,0,747,0,339.82,0,0
TXN006958,6674.76,8,4,258,0,48.06,0,0
TXN006959,15786.42,7,6,956,1,222.74,0,1
TXN006960,1208.52,10,4,1419,1,236.8,0,0
TXN006961,3349.88,17,4,1520,0,298.49,0,0
TXN006962,1383.12,0,3,752,0,138.03,0,0
TXN006963,1806.02,14,3,857,0,283.95,0,0
TXN006964,778.88,3,3,1044,0,493.24,0,1
TXN006965,1332.85,3,3,298,0,568.03,0,0
TXN006966,1877.09,9,2,946,0,24.13,0,0
TXN006967,614.95,10,1,1148,1,176.22,0,0
TXN006968,1014.86,17,3,201,0,21.68,0,0
TXN006969,1034.39,22,4,825,0,460.54,0,0
TXN006970,2505.9,14,4,1694,0,559.78,0,0
TXN006971,377.65,2,3,1024,0,124.62,0,0
TXN006972,1041.54,6,1,1447,0,578.92,0,0
TXN006973,7420.53,6,3,1573,0,261.62,0,0
TXN006974,3512.42,16,2,988,0,214.29,0,0
TXN006975,4226.71,21,4,1520,0,156.48,0,0
TXN006976,1123.76,19,3,1376,0,93.99,0,0
TXN006977,1511.71,23,3,917,0,597.27,0,0
TXN006978,2987.63,15,2,279,1,39.5,0,0
TXN006979,5220.01,15,3,96,0,292.0,0,0
TXN006980,155.77,7,0,1976,0,82.44,0,0
TXN006981,294.29,2,4,815,0,251.89,0,0
TXN006982,4062.05,19,1,1088,0,32.18,0,1
TXN006983,831.4,14,5,410,0,84.11,0,0
TXN006984,560.19,0,3,1865,0,525.87,0,0
TXN006985,312.89,9,2,1663,0,146.67,0,0
TXN006986,629.54,1,4,1957,0,121.64,0,0
TXN006987,269.79,6,1,668,0,251.06,0,0
TXN006988,8875.89,13,7,1138,1,97.14,0,0
TXN006989,1072.3,15,2,1483,0,122.27,0,0
TXN006990,1034.89,14,3,752,0,148.02,0,0
TXN006991,1974.51,6,3,1608,0,828.7,0,0
TXN006992,2870.8,12,5,269,0,294.6,0,0
TXN006993,2823.94,9,3,1355,0,7.31,0,0
TXN006994,3208.7,8,0,69,0,275.53,0,0
TXN006995,583.56,8,2,763,0,125.84,0,0
TXN006996,814.14,5,3,853,0,47.2,0,0
TXN006997,2366.18,23,5,184,1,345.73,1,1
TXN006998,647.17,11,3,1201,0,56.78,0,0
TXN006999,1091.05,22,3,747,0,69.53,0,0
TXN007000,1633.96,19,4,854,0,11.71,0,0
TXN007001,2404.71,19,6,1065,0,683.8,0,0
TXN007002,185.36,21,2,1806,0,285.59,1,0
TXN007003,2241.15,13,6,1588,1,28.85,0,0
TXN007004,868.07,19,1,41,0,121.04,0,0
TXN007005,2224.88,6,5,1170,0,73.91,0,0
TXN007006,2384.95,7,2,137,0,5.93,0,1
TXN007007,5474.82,7,2,1737,0,471.66,0,0
TXN007008,4244.82,7,3,68,0,329.2,0,0
TXN007009,4215.7,1,3,1607,0,780.71,0,0
TXN007010,4645.57,13,1,763,0,50.0,0,0
TXN007011,1467.59,9,4,77,0,216.37,0,0
TXN007012,1132.5,17,2,376,0,22.64,0,0
TXN007013,2624.95,17,2,1909,0,101.62,0,0
TXN007014,2280.34,17,2,864,0,337.61,0,0
TXN007015,805.07,15,3,1531,0,1.46,0,0
TXN007016,1643.89,19,5,1600,0,117.95,0,0
TXN007017,1058.81,4,2,797,0,102.67,0,0
TXN007018,466.88,19,1,894,1,211.39,0,0
TXN007019,3985.67,4,1,834,0,48.91,0,1
TXN007020,1158.87,19,0,965,0,34.25,0,0
TXN007021,8507.54,22,2,1038,0,189.33,0,0
TXN007022,215.83,9,1,813,0,184.53,0,0
TXN007023,628.43,16,5,973,0,250.82,0,0
TXN007024,1133.02,12,1,47,0,51.04,0,0
TXN007025,3419.95,16,1,1967,1,2.96,0,0
TXN007026,1635.12,17,1,1963,0,378.61,0,0
TXN007027,1495.88,12,3,1789,0,41.6,0,0
TXN007028,355.22,16,3,1180,1,97.42,0,0
TXN007029,344.83,14,4,1385,0,113.77,0,0
TXN007030,1513.99,11,1,839,0,37.34,0,0
TXN007031,280.31,9,4,1055,0,132.43,0,0
TXN007032,644.27,12,2,1106,0,442.22,0,0
TXN007033,1809.7,10,3,1783,0,56.98,0,0
TXN007034,410.62,2,5,1012,1,132.24,0,0
TXN007035,5460.83,21,2,1113,0,66.45,0,0
TXN007036,3729.15,9,4,1600,0,710.81,0,1
TXN007037,227.83,10,7,989,0,44.86,0,0
TXN007038,431.66,5,0,1726,0,20.84,0,0
TXN007039,111.52,0,1,1350,0,27.7,0,0
TXN007040,501.4,5,2,1756,0,82.33,0,0
TXN007041,2359.93,4,0,886,0,144.88,0,0
TXN007042,724.95,6,3,801,0,198.48,0,0
TXN007043,1738.53,21,2,1330,0,148.77,0,0
TXN007044,239.29,11,4,1677,1,424.72,1,0
TXN007045,2435.67,11,4,673,0,80.41,0,0
TXN007046,629.48,6,4,1660,0,224.27,0,0
TXN007047,1110.06,1,5,1877,1,56.2,0,0
TXN007048,999.37,0,4,1806,0,206.09,0,0
TXN007049,307.49,22,2,1516,0,468.21,0,0
TXN007050,346.17,17,6,289,0,690.34,0,0
TXN007051,2886.48,11,2,1185,0,235.48,0,0
TXN007052,1634.34,6,5,1289,0,513.91,0,0
TXN007053,3133.95,18,3,1824,0,205.34,0,0
TXN007054,1517.26,21,3,1809,0,594.39,0,0
TXN007055,1265.21,2,4,84,0,410.94,0,1
TXN007056,195.19,9,2,1762,0,20.29,0,0
TXN007057,836.84,10,1,1136,0,115.68,0,0
TXN007058,1067.01,4,2,539,0,76.84,0,0
TXN007059,7731.88,1,5,1923,0,4.93,0,0
TXN007060,2179.73,7,2,1341,0,113.23,0,0
TXN007061,5095.24,13,0,1433,0,28.9,0,0
TXN007062,1993.28,7,3,1367,1,6.68,0,0
TXN007063,538.45,22,4,486,0,105.99,0,0
TXN007064,1232.9,5,3,959,0,47.6,0,0
TXN007065,1388.84,0,5,1244,0,492.82,0,1
TXN007066,428.74,23,2,246,0,301.51,0,0
TXN007067,746.66,0,4,274,0,562.94,0,0
TXN007068,892.68,7,2,807,0,383.86,1,1
TXN007069,5462.27,10,3,1085,0,234.32,0,0
TXN007070,136.9,17,3,290,0,163.87,0,0
TXN007071,3662.2,23,5,186,0,12.19,0,0
TXN007072,429.75,9,3,1188,0,55.62,1,1
TXN007073,278.08,11,2,1964,0,223.28,0,0
TXN007074,3568.65,19,1,1823,0,92.3,0,0
TXN007075,2279.93,22,0,1319,0,70.84,0,0
TXN007076,3844.96,15,4,424,0,19.76,0,0
TXN007077,2442.32,4,0,1106,0,13.1,0,0
TXN007078,8602.82,15,3,341,0,42.43,0,0
TXN007079,1917.4,23,5,69,0,323.86,0,0
TXN007080,937.79,11,9,1239,0,195.79,0,0
TXN007081,1545.23,5,2,276,0,75.05,1,0
TXN007082,3802.71,4,3,1010,0,11.33,0,0
TXN007083,503.02,0,4,617,0,37.57,0,0
TXN007084,571.41,18,3,993,0,107.57,0,0
TXN007085,805.16,9,1,633,1,29.94,1,0
TXN007086,133.68,13,1,762,0,258.84,0,0
TXN007087,1259.01,20,3,1770,1,279.75,0,0
TXN007088,166.31,2,4,655,0,26.49,0,0
TXN007089,1156.39,5,7,1647,0,233.61,0,0
TXN007090,2605.27,4,2,1464,0,129.23,0,0
TXN007091,680.7,16,4,1440,0,590.45,0,0
TXN007092,5867.1,17,2,1280,0,278.84,0,0
TXN007093,254.55,11,1,1476,0,158.44,0,0
TXN007094,3609.27,4,2,1587,0,166.57,0,0
TXN007095,2154.12,8,5,1262,0,35.48,0,0
TXN007096,197.15,11,4,1529,0,403.35,1,0
TXN007097,16494.7,19,6,1498,0,147.47,0,1
TXN007098,1028.91,8,7,1475,0,153.64,0,0
TXN007099,456.01,2,4,813,0,154.2,0,0
TXN007100,268.52,0,5,1945,1,58.19,0,0
TXN007101,880.05,21,0,1378,0,300.92,0,1
TXN007102,965.45,14,3,669,0,356.93,0,0
TXN007103,1215.18,9,3,1395,0,61.11,0,0
TXN007104,814.2,13,6,789,0,104.94,0,0
TXN007105,2065.7,6,1,302,0,35.53,0,0
TXN007106,744.24,3,1,1754,0,49.05,0,0
TXN007107,158.39,4,6,360,0,73.7,1,0
TXN007108,944.48,19,4,499,0,418.08,0,0
TXN007109,102.77,15,3,457,0,177.11,0,0
TXN007110,1562.08,2,3,329,0,159.59,0,0
TXN007111,411.87,16,2,769,0,527.92,0,0
TXN007112,1291.24,12,4,838,0,282.05,0,0
TXN007113,4080.91,5,3,523,1,2.91,0,1
TXN007114,424.64,4,2,1801,0,23.9,0,0
TXN007115,3169.27,15,2,263,1,51.24,0,0
TXN007116,710.96,10,3,901,0,65.21,0,0
TXN007117,6330.88,16,2,1236,0,323.31,0,0
TXN007118,761.16,4,4,800,0,264.47,0,1
TXN007119,473.19,5,2,120,0,28.29,0,0
TXN007120,2180.35,9,1,1162,0,137.42,1,1
TXN007121,709.25,20,6,781,0,20.8,0,0
TXN007122,472.74,0,0,534,0,34.17,1,1
TXN007123,680.05,20,3,1066,1,49.92,0,0
TXN007124,1048.79,9,4,1514,0,424.26,0,0
TXN007125,4197.23,16,4,208,0,81.95,0,0
TXN007126,158.52,2,4,211,0,445.46,0,0
TXN007127,1122.24,1,2,1531,0,250.07,0,0
TXN007128,2048.58,16,2,687,0,249.11,0,0
TXN007129,1330.68,3,4,837,0,292.87,0,0
TXN007130,4063.77,1,2,126,0,18.16,0,0
TXN007131,1018.06,4,2,238,0,303.36,0,0
TXN007132,911.83,9,2,1941,0,52.4,0,0
TXN007133,1982.93,0,2,1030,0,743.56,0,1
TXN007134,1211.14,0,3,1959,0,339.34,0,0
TXN007135,742.18,3,2,1478,0,1025.54,0,0
TXN007136,1837.47,6,4,73,0,497.96,0,0
TXN007137,571.05,13,3,1525,0,80.26,0,0
TXN007138,595.16,13,6,775,0,511.56,0,0
TXN007139,646.78,17,4,1658,0,72.15,0,0
TXN007140,4243.18,1,5,165,1,193.8,0,0
TXN007141,43.77,0,3,705,0,307.32,0,0
TXN007142,1628.8,20,0,1963,0,86.62,0,0
TXN007143,1134.87,21,2,1594,0,41.04,0,0
TXN007144,204.21,15,5,1956,0,405.49,0,1
TXN007145,1494.77,21,6,1782,0,19.62,0,0
TXN007146,1764.73,17,2,967,0,81.74,0,0
TXN007147,1977.6,15,6,571,0,140.0,0,0
TXN007148,77.34,22,2,1301,0,294.03,0,0
TXN007149,4300.08,21,4,249,0,365.65,0,0
TXN007150,524.4,23,2,999,1,129.0,0,0
TXN007151,2178.88,5,3,1036,0,153.34,0,0
TXN007152,2300.94,9,1,588,0,346.13,0,0
TXN007153,456.37,1,2,1727,0,113.27,0,0
TXN007154,2122.73,6,3,1941,0,147.41,0,0
TXN007155,745.84,20,6,1499,0,3.35,0,0
TXN007156,138.19,16,3,1197,0,543.3,0,0
TXN007157,3525.37,2,8,789,0,150.57,0,0
TXN007158,505.2,19,4,1127,0,234.07,0,0
TXN007159,466.62,11,3,58,0,51.28,0,0
TXN007160,732.84,1,4,791,0,192.39,0,0
TXN007161,1439.77,6,4,150,0,110.92,0,0
TXN007162,1035.59,16,3,44,0,21.48,0,0
TXN007163,1897.07,18,3,249,0,319.13,1,0
TXN007164,287.3,11,3,336,0,329.12,0,0
TXN007165,521.97,8,0,853,0,11.85,0,0
TXN007166,976.53,13,0,501,0,89.15,0,0
TXN007167,7316.5,1,4,1735,0,59.49,0,1
TXN007168,978.66,20,2,1969,0,130.76,1,0
TXN007169,3246.14,3,1,716,0,120.78,0,0
TXN007170,1139.74,18,1,1885,0,192.3,0,0
TXN007171,676.1,20,0,1682,0,51.18,0,0
TXN007172,856.86,15,4,378,0,45.12,0,0
TXN007173,926.65,21,2,31,0,231.29,0,0
TXN007174,2005.49,16,2,907,0,672.89,0,0
TXN007175,4335.58,1,3,1085,0,526.53,0,0
TXN007176,1571.33,16,1,908,0,282.63,0,0
TXN007177,3594.2,18,5,1363,0,12.57,0,0
TXN007178,417.89,7,1,1863,0,48.87,0,0
TXN007179,724.42,23,5,1723,0,210.6,0,0
TXN007180,531.5,19,2,1318,0,63.12,0,0
TXN007181,1501.84,5,3,304,0,90.05,0,0
TXN007182,765.89,11,2,675,0,553.01,0,0
TXN007183,2275.09,22,9,383,0,16.25,0,1
TXN007184,432.25,17,5,471,0,355.51,0,0
TXN007185,1144.85,1,4,798,0,9.29,0,1
TXN007186,2179.52,18,2,1450,0,74.23,0,0
TXN007187,139.03,23,4,803,0,145.9,0,0
TXN007188,9151.12,9,8,640,0,79.32,0,0
TXN007189,826.21,2,5,1210,0,567.04,0,0
TXN007190,144.74,11,4,223,0,126.35,0,0
TXN007191,1284.46,15,3,1560,0,238.26,0,0
TXN007192,1133.93,11,1,1127,0,217.96,0,0
TXN007193,1010.4,7,6,1340,0,324.43,0,0
TXN007194,2954.81,4,4,1637,0,359.0,0,0
TXN007195,2315.65,10,3,454,0,113.03,0,0
TXN007196,1477.16,9,4,413,0,357.8,0,0
TXN007197,1720.13,2,2,1860,0,190.75,0,1
TXN007198,987.96,22,5,854,0,208.54,0,0
TXN007199,6473.62,8,4,666,0,34.24,0,0
TXN007200,249.84,11,3,1721,0,50.61,0,0
TXN007201,1260.99,5,3,572,0,209.46,0,0
TXN007202,1170.31,18,3,42,0,55.57,0,0
TXN007203,2473.23,15,1,100,0,121.22,1,0
TXN007204,471.61,20,4,1104,0,121.19,0,0
TXN007205,191.78,22,5,606,0,47.99,1,0
TXN007206,1282.83,23,2,586,0,150.45,0,0
TXN007207,1452.77,13,2,654,0,149.32,1,0
TXN007208,4863.92,3,5,594,0,24.86,0,1
TXN007209,307.86,17,2,470,0,86.37,0,0
TXN007210,3479.67,9,7,1335,0,81.98,0,0
TXN007211,11700.82,17,3,1675,0,148.63,0,0
TXN007212,751.62,11,3,173,0,249.05,0,0
TXN007213,301.59,18,3,809,0,3.31,0,0
TXN007214,729.99,7,3,1811,0,25.6,1,1
TXN007215,1112.1,0,10,301,0,64.72,0,0
TXN007216,1927.13,13,2,1535,0,299.32,0,0
TXN007217,607.05,22,4,1491,0,117.89,0,0
TXN007218,5193.68,5,3,1400,0,128.73,0,0
TXN007219,359.77,13,3,1105,0,94.73,0,0
TXN007220,192.63,1,2,1782,0,96.55,0,1
TXN007221,3316.65,8,1,624,0,683.42,0,0
TXN007222,112.77,11,3,1508,0,412.04,0,0
TXN007223,894.15,4,4,1559,0,232.95,1,0
TXN007224,24777.25,1,4,617,0,70.5,0,0
TXN007225,1083.51,18,1,395,0,129.76,1,0
TXN007226,357.53,6,1,693,0,210.47,0,0
TXN007227,1035.46,6,2,1167,0,90.33,0,0
TXN007228,1042.31,9,1,599,0,133.8,0,0
TXN007229,1287.75,16,5,1732,0,28.35,0,0
TXN007230,2126.56,13,2,482,0,17.68,0,0
TXN007231,387.95,10,4,798,1,32.96,0,0
TXN007232,5928.63,19,3,484,0,253.65,0,0
TXN007233,1401.24,5,0,525,0,37.92,1,0
TXN007234,2268.32,7,3,1399,0,465.58,0,0
TXN007235,585.14,18,5,629,0,82.75,0,0
TXN007236,3969.45,18,2,218,0,33.33,0,0
TXN007237,848.06,23,2,1613,0,313.99,0,0
TXN007238,1447.44,23,3,1627,0,109.8,0,0
TXN007239,431.34,23,4,1774,0,88.52,0,0
TXN007240,404.67,16,1,1953,0,71.94,0,0
TXN007241,2182.45,23,4,1261,0,72.22,0,0
TXN007242,703.73,23,4,513,0,196.02,0,0
TXN007243,466.93,17,3,1122,0,140.03,0,0
TXN007244,576.41,11,2,1122,0,113.48,0,0
TXN007245,2206.04,8,5,1105,0,106.65,0,0
TXN007246,584.62,22,7,648,0,27.57,1,0
TXN007247,974.91,23,5,587,0,316.72,0,0
TXN007248,1113.24,15,1,174,0,470.74,0,0
TXN007249,161.2,17,1,518,0,291.7,0,0
TXN007250,251.86,15,4,626,0,108.03,0,0
TXN007251,1534.99,15,3,1083,1,644.85,0,0
TXN007252,524.78,3,2,1742,0,173.52,0,0
TXN007253,3154.94,22,2,1488,0,267.77,0,0
TXN007254,2883.64,21,4,1598,0,243.32,0,0
TXN007255,2251.09,6,3,1930,0,221.47,0,0
TXN007256,6766.72,0,4,1879,0,184.89,0,0
TXN007257,1009.2,23,2,391,0,42.8,0,0
TXN007258,2098.3,22,2,890,0,62.78,0,0
TXN007259,611.31,19,0,1799,0,392.02,0,0
TXN007260,12738.32,0,3,708,0,35.71,0,0
TXN007261,7971.55,7,1,1795,0,29.67,0,1
TXN007262,1109.74,22,3,278,0,60.17,0,0
TXN007263,1614.19,7,3,740,0,81.03,0,0
TXN007264,4269.69,9,2,1090,0,144.99,0,0
TXN007265,946.58,0,5,996,0,167.44,0,0
TXN007266,568.71,20,3,44,0,281.49,0,0
TXN007267,2628.03,20,5,474,0,13.72,0,0
TXN007268,1186.12,13,2,1146,0,42.03,0,0
TXN007269,1316.85,13,3,807,0,126.63,0,0
TXN007270,476.15,9,2,817,0,51.98,0,0
TXN007271,196.83,18,3,663,1,372.13,0,0
TXN007272,1388.73,15,2,266,0,183.98,0,0
TXN007273,2710.7,8,0,1702,0,121.28,0,0
TXN007274,874.97,19,3,739,0,0.08,0,0
TXN007275,4612.06,15,1,1841,0,352.17,0,0
TXN007276,542.44,19,1,1629,0,111.2,0,0
TXN007277,381.95,7,0,1906,0,136.44,0,0
TXN007278,1025.33,6,2,661,0,215.68,0,0
TXN007279,1009.7,10,1,1700,0,498.94,1,0
TXN007280,2368.4,20,2,1667,0,31.0,1,0
TXN007281,505.24,5,6,1117,0,13.29,0,0
TXN007282,4307.42,14,2,333,0,23.4,0,0
TXN007283,7839.4,18,2,255,0,242.98,0,0
TXN007284,1054.54,13,0,332,0,24.92,0,1
TXN007285,3826.52,14,3,221,0,125.12,0,0
TXN007286,381.27,5,2,1376,0,220.65,0,0
TXN007287,3213.84,23,2,1738,0,224.54,0,1
TXN007288,3125.27,9,5,1326,0,93.86,0,0
TXN007289,2600.44,13,1,464,0,215.89,0,0
TXN007290,1079.7,15,6,1480,0,539.27,0,0
TXN007291,57.15,12,1,735,0,5.11,0,0
TXN007292,577.25,10,1,1927,0,200.31,0,0
TXN007293,586.45,2,2,1179,0,133.1,0,0
TXN007294,412.3,7,3,233,0,43.02,0,0
TXN007295,1239.23,2,2,1962,1,66.2,0,0
TXN007296,721.29,1,1,1795,0,326.69,0,0
TXN007297,480.77,20,2,1537,1,159.13,0,1
TXN007298,380.39,13,3,873,0,2.63,0,0
TXN007299,536.19,19,1,568,0,605.3,0,0
TXN007300,3366.06,20,1,1143,0,197.49,0,0
TXN007301,566.22,21,4,1612,0,105.22,0,0
TXN007302,655.28,14,3,656,0,224.27,0,0
TXN007303,694.58,2,2,69,0,41.2,0,0
TXN007304,1539.16,0,7,1634,0,54.31,0,0
TXN007305,1730.65,14,2,189,0,29.7,0,0
TXN007306,52.21,19,4,1153,0,91.07,0,0
TXN007307,3046.15,21,4,1561,0,423.13,0,0
TXN007308,4611.77,1,4,1354,0,88.56,0,0
TXN007309,383.68,17,3,899,1,61.16,0,0
TXN007310,414.76,0,3,1297,0,218.87,0,0
TXN007311,699.07,8,2,365,0,366.69,0,0
TXN007312,514.91,2,3,1895,0,50.4,0,0
TXN007313,1371.87,1,4,1559,0,296.97,0,0
TXN007314,156.57,3,2,1433,0,65.44,0,0
TXN007315,358.55,15,6,578,0,51.14,0,0
TXN007316,5111.24,21,6,172,0,115.29,0,0
TXN007317,433.45,0,2,1384,0,12.43,1,0
TXN007318,3802.55,8,6,529,0,356.8,0,0
TXN007319,1564.53,7,1,294,0,373.35,0,0
TXN007320,179.6,5,4,1135,0,203.63,0,0
TXN007321,2070.05,19,2,766,0,64.94,0,0
TXN007322,974.9,17,6,1876,1,32.83,0,0
TXN007323,695.43,15,1,1190,0,216.0,0,0
TXN007324,1401.02,7,3,861,0,19.58,0,0
TXN007325,1762.76,22,2,1094,0,95.31,0,0
TXN007326,2225.18,3,3,1836,0,16.74,0,0
TXN007327,3562.62,2,3,65,0,100.07,0,1
TXN007328,1649.35,14,0,961,1,26.0,0,0
TXN007329,277.1,5,3,606,1,5.89,1,1
TXN007330,682.9,0,4,1977,0,107.52,0,0
TXN007331,20807.07,17,1,62,0,150.95,0,0
TXN007332,2263.1,22,6,1630,0,104.16,0,0
TXN007333,11722.76,10,1,1491,0,34.88,0,0
TXN007334,4426.81,2,3,1176,0,14.51,0,0
TXN007335,1396.61,12,1,931,0,24.32,0,0
TXN007336,1482.38,16,4,1436,0,233.77,0,0
TXN007337,1057.24,17,4,1384,1,2.88,0,0
TXN007338,192.9,13,2,1229,1,358.22,0,0
TXN007339,1116.6,6,2,888,0,329.96,0,0
TXN007340,3680.02,6,4,482,0,382.35,0,0
TXN007341,602.06,13,3,103,0,379.78,0,0
TXN007342,1655.66,23,2,1209,0,198.21,0,0
TXN007343,2569.82,14,3,1581,0,338.42,0,0
TXN007344,441.56,11,4,904,0,235.9,0,0
TXN007345,698.33,11,2,1079,0,64.23,0,0
TXN007346,396.27,7,3,719,0,253.26,0,0
TXN007347,481.95,15,1,1107,0,172.08,0,0
TXN007348,302.59,8,5,1913,0,5.02,0,1
TXN007349,445.66,1,4,235,0,277.82,0,0
TXN007350,4534.43,13,4,1706,0,368.4,0,0
TXN007351,439.01,23,4,1246,0,131.17,0,0
TXN007352,1244.46,23,2,1856,0,120.16,1,0
TXN007353,663.24,15,0,1772,0,100.32,0,0
TXN007354,3564.81,4,3,1082,0,228.39,0,0
TXN007355,4069.04,4,3,1724,0,43.68,0,0
TXN007356,2602.09,19,1,297,0,267.65,0,0
TXN007357,1489.41,20,2,1122,0,62.24,0,0
TXN007358,870.39,17,2,1803,0,54.56,0,0
TXN007359,332.99,17,4,61,1,298.16,0,0
TXN007360,7658.17,4,2,1319,0,34.49,0,0
TXN007361,513.03,10,1,162,0,357.17,0,0
TXN007362,2129.51,12,1,312,0,685.91,0,0
TXN007363,3163.92,2,3,196,0,69.39,0,0
TXN007364,629.37,16,2,1842,0,473.28,0,0
TXN007365,3096.45,17,7,45,0,150.42,0,0
TXN007366,2354.81,13,1,1850,0,54.04,0,0
TXN007367,6173.15,11,6,1303,0,108.47,0,0
TXN007368,685.85,13,5,1516,0,289.75,0,0
TXN007369,303.12,17,4,643,0,197.73,0,0
TXN007370,661.5,19,4,666,0,122.9,0,0
TXN007371,1351.34,1,0,1636,0,53.55,0,0
TXN007372,1162.37,6,2,239,0,232.9,0,0
TXN007373,739.93,14,1,1552,0,67.66,0,0
TXN007374,162.52,9,3,624,0,72.34,0,0
TXN007375,1755.45,14,2,238,0,247.3,0,0
TXN007376,7882.06,16,5,555,0,147.14,0,0
TXN007377,1744.55,10,3,326,0,37.01,0,0
TXN007378,2016.53,1,3,1933,0,209.14,0,0
TXN007379,1943.89,20,5,615,0,53.73,0,0
TXN007380,1631.16,17,2,502,1,257.25,0,0
TXN007381,2784.06,3,7,1734,0,117.26,0,0
TXN007382,1628.43,8,3,201,0,162.69,0,0
TXN007383,802.17,16,2,870,1,165.37,0,0
TXN007384,494.73,16,3,1325,0,28.58,0,0
TXN007385,854.94,16,1,1179,0,189.21,0,0
TXN007386,1501.36,15,0,1933,0,363.31,0,0
TXN007387,799.44,19,3,565,0,399.29,0,0
TXN007388,1501.68,7,4,306,0,209.97,0,0
TXN007389,1701.3,22,1,1752,0,625.14,0,0
TXN007390,2522.94,14,2,534,0,164.16,0,0
TXN007391,3955.23,0,3,1940,0,52.96,0,0
TXN007392,1185.6,18,6,511,0,194.28,0,0
TXN007393,296.55,14,5,964,0,431.79,0,0
TXN007394,776.58,8,2,1937,0,80.01,0,0
TXN007395,1146.03,4,1,1892,0,55.38,0,0
TXN007396,174.9,15,4,1700,0,611.34,0,0
TXN007397,4396.94,12,4,1465,0,261.86,0,0
TXN007398,1264.43,15,3,1488,0,9.19,0,0
TXN007399,1605.76,21,1,1216,0,148.26,0,0
TXN007400,4296.37,10,6,983,0,48.08,0,0
TXN007401,583.97,12,4,295,0,60.84,0,0
TXN007402,1946.99,5,2,1731,0,16.5,0,0
TXN007403,982.53,19,1,1853,0,47.28,0,0
TXN007404,912.25,16,6,347,0,126.66,0,0
TXN007405,506.64,4,2,1151,0,14.73,0,0
TXN007406,5799.94,16,2,793,0,396.81,0,0
TXN007407,753.33,0,4,629,0,268.82,0,0
TXN007408,2207.17,4,3,1173,0,86.45,0,0
TXN007409,168.17,4,2,1937,1,25.11,0,0
TXN007410,3568.81,6,4,591,0,920.07,1,0
TXN007411,3140.73,15,6,1094,0,149.13,0,0
TXN007412,1208.86,17,2,1100,0,98.98,0,0
TXN007413,873.98,5,4,518,0,39.86,0,0
TXN007414,1635.98,1,2,1823,0,40.89,0,0
TXN007415,10816.1,12,6,711,0,286.32,0,0
TXN007416,188.06,9,4,1569,1,132.07,0,0
TXN007417,2397.13,20,3,1566,0,744.35,0,0
TXN007418,440.71,19,2,947,0,550.74,0,0
TXN007419,1075.01,10,7,296,0,41.71,0,0
TXN007420,855.87,20,5,1165,0,1328.1,0,0
TXN007421,714.57,1,1,40,0,776.18,0,0
TXN007422,1085.22,7,6,1930,0,289.05,0,0
TXN007423,352.77,23,2,43,0,89.24,0,0
TXN007424,3069.23,21,6,1656,1,45.68,0,0
TXN007425,182.34,18,5,510,0,19.6,0,0
TXN007426,1881.39,19,3,761,0,9.61,1,1
TXN007427,791.13,16,4,372,0,309.47,0,0
TXN007428,340.04,15,4,790,0,523.92,0,0
TXN007429,1342.63,9,3,1126,1,266.55,0,0
TXN007430,231.15,4,3,1880,0,256.16,0,0
TXN007431,1141.06,13,2,1711,0,96.56,0,0
TXN007432,264.31,23,3,1114,0,184.49,0,0
TXN007433,1739.36,18,3,1032,0,200.22,0,0
TXN007434,435.13,3,0,309,0,53.54,0,0
TXN007435,698.55,19,1,1080,0,241.56,0,0
TXN007436,1471.37,15,6,320,0,28.43,0,0
TXN007437,506.47,23,3,1042,0,62.53,0,0
TXN007438,1034.88,14,3,993,0,160.36,0,0
TXN007439,241.33,8,1,51,0,139.61,0,0
TXN007440,2060.85,2,2,552,0,219.49,1,0
TXN007441,6405.51,22,0,1689,0,157.4,0,0
TXN007442,17893.79,8,2,665,0,9.15,0,0
TXN007443,1201.31,17,4,484,0,684.59,0,0
TXN007444,2411.98,3,2,902,0,259.52,0,0
TXN007445,184.82,18,5,1239,0,382.3,0,0
TXN007446,4928.23,23,3,514,0,293.27,0,0
TXN007447,2383.27,3,2,639,0,42.98,0,1
TXN007448,675.91,8,7,105,0,485.77,0,0
TXN007449,3778.87,0,0,161,1,745.27,0,0
TXN007450,850.24,0,3,1546,0,14.75,0,0
TXN007451,693.66,19,1,223,0,31.05,0,0
TXN007452,1763.99,18,4,1420,0,834.3,0,0
TXN007453,378.66,2,2,1374,0,62.53,0,0
TXN007454,3046.12,9,0,1199,0,308.47,0,0
TXN007455,381.46,11,4,1880,0,13.87,0,0
TXN007456,383.73,17,4,1844,0,237.31,0,0
TXN007457,441.56,13,3,383,0,217.55,0,0
TXN007458,2343.73,9,3,1825,0,499.48,0,0
TXN007459,591.83,9,4,1552,0,234.83,0,0
TXN007460,284.86,17,3,785,0,7.61,0,0
TXN007461,598.44,23,1,1799,0,107.76,0,0
TXN007462,1062.05,0,4,394,1,76.96,0,0
TXN007463,336.64,14,3,752,0,152.22,0,0
TXN007464,346.65,7,2,1349,0,100.65,0,0
TXN007465,9057.03,2,4,1927,0,59.34,0,0
TXN007466,463.79,17,4,197,1,194.74,0,0
TXN007467,793.9,8,4,208,0,67.09,0,0
TXN007468,759.58,15,3,1286,0,342.27,0,0
TXN007469,719.56,20,5,422,0,70.21,0,0
TXN007470,2041.31,14,4,1716,0,130.37,0,0
TXN007471,2830.31,4,1,682,0,314.79,0,0
TXN007472,807.58,12,2,286,0,311.58,0,0
TXN007473,318.47,21,5,361,0,158.78,0,0
TXN007474,3922.33,19,3,167,0,86.02,0,0
TXN007475,996.91,6,3,1464,0,146.94,0,0
TXN007476,6187.72,15,2,1456,0,341.1,0,0
TXN007477,116.1,6,1,1925,1,44.44,0,0
TXN007478,1333.29,21,4,1277,0,23.52,0,0
TXN007479,7469.67,15,4,1075,0,157.02,0,0
TXN007480,770.27,12,4,1654,0,153.62,0,0
TXN007481,875.25,16,2,1832,0,62.45,0,0
TXN007482,1473.67,8,3,1640,0,102.6,0,0
TXN007483,627.16,11,1,1655,0,16.69,0,0
TXN007484,802.66,12,3,301,0,25.22,0,0
TXN007485,782.26,8,5,1949,0,317.19,0,0
TXN007486,585.57,4,1,698,0,112.41,0,0
TXN007487,3747.55,6,2,1211,0,18.93,0,0
TXN007488,1739.02,0,3,1448,0,588.01,0,0
TXN007489,1408.99,3,3,854,0,42.42,0,0
TXN007490,2461.61,3,3,1118,0,68.6,0,0
TXN007491,841.89,15,0,1059,0,647.07,0,0
TXN007492,505.63,4,1,1642,0,35.92,0,1
TXN007493,600.27,21,4,120,0,623.69,0,0
TXN007494,1098.59,3,4,1544,0,230.58,0,0
TXN007495,380.23,5,2,320,1,100.21,0,0
TXN007496,664.97,22,2,1693,0,162.66,0,0
TXN007497,654.51,2,3,1170,0,127.63,0,0
TXN007498,9177.92,7,7,1278,0,294.01,0,0
TXN007499,68.46,16,4,344,0,11.68,0,0
TXN007500,916.33,17,2,413,1,302.17,0,0
TXN007501,6159.15,17,1,555,0,634.95,0,0
TXN007502,1238.73,11,2,968,0,101.05,0,0
TXN007503,2329.52,0,4,1739,0,38.24,0,0
TXN007504,1211.76,22,2,916,0,20.74,0,0
TXN007505,562.65,11,4,691,0,76.64,0,0
TXN007506,116.52,10,1,217,0,25.2,0,0
TXN007507,1346.76,12,6,519,0,46.98,0,0
TXN007508,504.92,2,3,114,0,191.26,0,0
TXN007509,492.58,7,5,1439,0,96.75,0,0
TXN007510,665.82,2,4,149,0,416.31,0,0
TXN007511,6278.34,16,5,354,0,112.22,1,0
TXN007512,12147.0,12,0,1196,0,30.12,0,0
TXN007513,1362.68,9,5,1359,0,26.86,0,0
TXN007514,688.99,16,5,781,0,212.63,0,0
TXN007515,337.91,2,1,1777,0,180.88,0,1
TXN007516,1752.05,12,4,503,0,221.5,0,0
TXN007517,6521.8,21,2,1749,0,74.45,0,0
TXN007518,856.33,5,3,732,0,443.78,0,0
TXN007519,101.6,13,2,960,0,21.74,0,0
TXN007520,2143.19,9,1,1047,0,6.01,0,0
TXN007521,2937.75,19,1,885,0,243.97,0,0
TXN007522,224.56,15,2,55,0,203.46,0,0
TXN007523,1308.3,17,4,1926,0,122.46,0,0
TXN007524,1721.97,12,1,666,0,8.04,0,0
TXN007525,1019.32,9,2,1295,0,21.83,0,0
TXN007526,497.32,5,4,1395,0,39.11,0,0
TXN007527,3028.85,9,2,1848,0,183.26,0,0
TXN007528,732.61,4,2,304,0,195.81,0,0
TXN007529,248.34,5,0,1602,0,203.37,0,0
TXN007530,141.25,6,5,1857,0,292.46,0,0
TXN007531,3869.38,10,0,1274,0,4.52,0,0
TXN007532,2031.77,15,6,965,0,185.54,0,0
TXN007533,1197.48,11,5,860,0,52.16,0,0
TXN007534,706.08,11,2,836,0,152.35,0,0
TXN007535,646.13,22,4,1812,0,241.01,0,0
TXN007536,374.0,19,5,1181,0,229.16,0,0
TXN007537,712.33,4,3,648,0,61.12,0,0
TXN007538,131.62,15,1,937,0,79.02,0,0
TXN007539,525.28,5,3,969,0,448.66,0,0
TXN007540,803.57,8,6,877,0,340.15,0,0
TXN007541,2018.04,4,1,461,0,53.47,0,0
TXN007542,1053.71,20,2,1788,0,159.19,0,0
TXN007543,2428.24,22,8,1900,0,20.43,0,0
TXN007544,4226.52,15,4,702,0,190.97,0,0
TXN007545,3159.5,17,1,492,0,174.81,0,0
TXN007546,1755.5,18,2,1853,0,55.15,0,0
TXN007547,1109.72,11,2,1971,0,98.62,0,0
TXN007548,411.25,1,0,285,0,274.44,0,0
TXN007549,2298.34,9,4,1295,0,53.09,0,0
TXN007550,5882.56,11,3,1173,0,263.27,0,0
TXN007551,1543.96,13,5,1059,0,68.47,0,0
TXN007552,7459.62,17,5,1979,0,329.38,0,0
TXN007553,238.51,18,4,902,1,5.58,0,0
TXN007554,345.79,5,0,1687,0,53.75,0,0
TXN007555,2579.11,4,3,686,0,35.2,0,0
TXN007556,1428.37,15,2,533,0,398.24,0,0
TXN007557,4079.71,13,2,1545,0,100.71,0,0
TXN007558,1079.8,12,6,799,0,141.98,0,0
TXN007559,460.37,20,3,621,0,49.89,0,0
TXN007560,885.73,1,4,1876,0,24.73,0,0
TXN007561,236.82,1,3,140,0,164.14,0,0
TXN007562,354.75,11,3,792,0,59.96,0,0
TXN007563,2899.94,0,3,1321,0,475.75,0,0
TXN007564,2624.87,18,5,906,0,116.45,0,0
TXN007565,1576.57,15,4,1449,0,26.76,0,0
TXN007566,196.16,6,5,1616,0,4.33,0,0
TXN007567,766.32,20,3,77,0,47.58,0,0
TXN007568,322.14,6,2,1732,0,69.4,0,0
TXN007569,3556.5,15,0,750,0,41.74,0,0
TXN007570,611.72,5,3,1543,0,81.91,0,0
TXN007571,370.28,17,2,1158,1,380.1,0,0
TXN007572,1129.8,0,5,99,0,8.85,0,0
TXN007573,578.16,0,3,1684,0,290.81,0,1
TXN007574,4835.52,13,2,390,0,99.86,0,0
TXN007575,525.94,5,3,887,0,426.4,0,0
TXN007576,270.64,5,4,30,0,197.96,0,0
TXN007577,127.37,3,2,1965,1,32.44,0,0
TXN007578,1063.39,11,6,843,0,577.16,0,0
TXN007579,625.2,17,1,1628,0,30.25,0,0
TXN007580,262.72,9,4,1029,0,73.78,0,0
TXN007581,3601.93,2,1,1112,0,693.72,0,1
TXN007582,2137.19,2,2,844,1,42.85,0,1
TXN007583,1066.12,7,1,813,0,179.54,0,0
TXN007584,4291.22,21,6,1099,0,683.04,0,0
TXN007585,2127.15,22,3,109,1,210.19,0,0
TXN007586,481.61,0,1,452,0,195.65,0,1
TXN007587,387.91,17,2,506,0,174.9,0,0
TXN007588,2484.88,14,4,1615,0,145.93,0,0
TXN007589,1630.05,20,1,1358,0,536.21,0,0
TXN007590,1299.52,19,1,1463,0,141.25,0,0
TXN007591,470.36,16,8,1470,0,195.94,0,0
TXN007592,2014.14,10,3,392,1,241.67,0,0
TXN007593,515.17,12,4,1329,0,135.03,0,0
TXN007594,990.31,19,4,1282,0,393.62,0,0
TXN007595,4660.81,9,3,1428,0,4.15,0,0
TXN007596,566.32,12,2,362,0,90.53,0,0
TXN007597,227.47,16,3,613,0,172.58,0,0
TXN007598,382.78,20,6,509,0,3.45,0,0
TXN007599,2964.01,0,4,1519,0,497.34,0,0
TXN007600,1414.78,19,4,1034,0,315.16,0,0
TXN007601,964.03,15,4,710,0,44.5,0,0
TXN007602,659.12,15,3,1435,0,72.56,0,0
TXN007603,1781.77,20,3,296,0,203.5,1,1
TXN007604,469.14,2,1,1620,0,75.07,0,0
TXN007605,1488.71,1,2,1283,0,349.78,0,0
TXN007606,527.81,5,2,1032,0,51.42,0,0
TXN007607,446.9,10,1,588,0,306.96,0,0
TXN007608,579.7,2,4,924,0,112.45,0,0
TXN007609,753.4,0,2,107,0,108.72,0,0
TXN007610,1044.37,10,6,901,0,33.2,0,0
TXN007611,1387.77,12,4,847,0,737.39,0,0
TXN007612,27.43,4,5,894,0,76.12,0,0
TXN007613,488.99,17,5,1938,0,41.21,0,0
TXN007614,741.32,14,2,390,0,5.94,0,0
TXN007615,4939.71,17,3,1844,0,122.45,0,0
TXN007616,372.41,14,2,90,0,5.9,0,0
TXN007617,1290.51,19,9,36,0,109.37,0,0
TXN007618,4890.4,19,4,1324,0,419.29,0,0
TXN007619,295.02,19,2,876,0,124.04,0,0
TXN007620,1626.16,6,3,550,0,7.97,0,0
TXN007621,491.63,16,4,242,0,55.27,0,0
TXN007622,662.07,7,5,1218,0,9.0,0,0
TXN007623,491.22,12,4,260,0,384.73,0,0
TXN007624,527.5,15,1,856,0,49.42,0,0
TXN007625,16679.11,9,1,697,0,12.11,0,0
TXN007626,2551.55,13,3,393,0,601.06,0,0
TXN007627,3300.2,5,2,1955,0,120.2,0,0
TXN007628,1793.62,19,5,1959,0,93.65,0,0
TXN007629,220.03,21,1,44,0,471.31,0,0
TXN007630,1627.76,6,3,1171,0,136.23,1,0
TXN007631,3206.48,5,2,117,0,59.49,0,0
TXN007632,467.13,16,4,1569,0,282.61,0,0
TXN007633,2879.37,20,1,780,1,57.09,0,0
TXN007634,2217.94,23,1,1167,0,105.28,0,0
TXN007635,6988.63,7,2,256,1,292.58,0,1
TXN007636,722.14,11,2,1879,0,482.41,0,0
TXN007637,365.91,3,2,1708,0,167.61,0,0
TXN007638,763.85,9,2,1297,0,126.51,0,0
TXN007639,4608.1,5,5,450,0,14.26,0,1
TXN007640,176.2,6,3,31,0,172.76,1,0
TXN007641,138.6,20,3,460,0,71.17,0,0
TXN007642,1199.18,7,1,1413,0,130.06,0,0
TXN007643,704.45,2,5,665,0,245.69,0,0
TXN007644,1105.14,7,1,953,0,184.0,0,0
TXN007645,2822.31,14,3,1890,0,18.35,0,0
TXN007646,631.08,20,2,1524,0,91.12,0,0
TXN007647,168.51,0,4,1766,0,40.05,0,0
TXN007648,8471.66,12,3,1636,0,29.49,0,0
TXN007649,404.55,21,4,609,0,44.8,0,0
TXN007650,380.3,17,4,176,0,456.18,0,0
TXN007651,3306.75,14,1,1317,0,224.38,0,0
TXN007652,746.59,6,2,828,0,429.68,0,0
TXN007653,1029.28,14,6,1835,0,127.11,0,0
TXN007654,1777.19,2,2,1082,0,0.2,0,0
TXN007655,3240.82,13,3,1190,0,6.31,0,0
TXN007656,785.67,19,6,1666,1,28.13,0,0
TXN007657,5013.81,3,1,867,0,273.13,0,0
TXN007658,129.57,3,3,775,0,40.54,0,0
TXN007659,2344.41,2,2,1497,0,19.28,0,1
TXN007660,473.65,4,6,1401,0,355.18,0,1
TXN007661,4325.45,10,6,1866,0,46.7,0,0
TXN007662,1264.01,7,5,1383,0,125.64,0,0
TXN007663,559.53,1,5,1107,0,74.65,0,0
TXN007664,2127.79,15,0,1866,0,408.36,0,0
TXN007665,2678.97,9,4,800,0,219.59,0,0
TXN007666,2083.69,17,7,105,0,108.9,0,0
TXN007667,391.62,6,4,321,0,357.88,0,0
TXN007668,675.86,4,4,1704,0,233.51,0,0
TXN007669,1092.18,6,2,1510,0,297.87,0,0
TXN007670,1052.31,20,4,1443,0,683.49,0,0
TXN007671,2320.98,5,4,1001,0,40.88,0,0
TXN007672,146.22,23,2,1803,0,40.73,1,0
TXN007673,1532.0,0,1,658,0,146.35,0,0
TXN007674,820.59,10,3,70,0,136.91,0,0
TXN007675,474.14,12,2,1893,0,366.02,0,0
TXN007676,521.92,11,4,1990,0,30.51,0,0
TXN007677,884.89,0,1,1770,0,99.62,0,1
TXN007678,29.93,20,6,475,0,135.11,0,0
TXN007679,543.87,14,3,136,0,112.3,0,0
TXN007680,456.77,0,1,422,0,12.5,0,0
TXN007681,1868.3,2,2,1393,0,28.8,0,0
TXN007682,490.03,14,2,1157,0,30.01,0,0
TXN007683,884.38,8,1,1703,0,163.16,0,0
TXN007684,5127.0,13,2,70,0,100.82,0,0
TXN007685,2964.17,22,4,952,0,35.32,0,0
TXN007686,2703.42,21,1,1746,0,240.17,0,0
TXN007687,665.23,23,4,1057,0,292.39,0,0
TXN007688,1887.54,7,4,39,0,42.46,0,0
TXN007689,867.92,21,3,590,1,230.92,0,0
TXN007690,901.36,3,9,944,0,11.83,0,0
TXN007691,1651.91,19,4,1127,0,348.75,0,0
TXN007692,603.66,19,1,1999,0,592.1,0,0
TXN007693,4880.5,5,2,77,0,30.5,1,1
TXN007694,934.37,0,7,1177,0,277.65,0,1
TXN007695,2035.22,17,3,1204,0,18.43,0,0
TXN007696,4701.33,5,2,1665,0,585.12,0,0
TXN007697,3076.83,13,3,518,0,108.29,0,0
TXN007698,268.03,10,3,1446,0,137.94,0,0
TXN007699,1711.11,16,4,479,0,259.83,0,0
TXN007700,2567.58,8,5,816,0,51.49,0,0
TXN007701,2675.42,21,3,741,0,91.61,0,0
TXN007702,360.22,6,3,759,0,13.06,0,0
TXN007703,568.48,13,3,667,0,171.63,0,0
TXN007704,2964.78,16,2,1744,0,289.1,0,0
TXN007705,511.96,7,3,257,0,343.7,0,0
TXN007706,812.65,15,4,296,0,138.35,0,0
TXN007707,5302.19,11,6,1312,1,261.29,0,0
TXN007708,1045.45,11,3,1817,0,29.23,0,0
TXN007709,530.18,4,2,474,0,244.85,0,0
TXN007710,455.95,4,6,507,0,0.82,0,0
TXN007711,1529.54,13,2,1775,0,39.01,0,0
TXN007712,289.12,5,4,1198,0,181.24,0,0
TXN007713,856.34,6,2,1936,0,69.56,0,0
TXN007714,1530.32,22,3,614,0,95.16,0,0
TXN007715,4020.45,20,5,59,0,314.84,0,0
TXN007716,2137.83,16,4,1645,0,152.37,0,0
TXN007717,536.97,8,1,1061,0,91.64,0,0
TXN007718,3563.22,21,3,1222,0,112.84,0,0
TXN007719,812.8,12,3,951,0,339.61,0,0
TXN007720,318.71,8,2,34,0,119.65,0,0
TXN007721,923.3,15,2,354,0,374.8,1,0
TXN007722,4620.09,3,4,779,0,51.09,0,0
TXN007723,1293.67,1,3,181,0,137.35,0,0
TXN007724,1110.45,12,5,1387,0,82.89,0,0
TXN007725,5637.59,12,3,410,0,161.06,0,0
TXN007726,262.08,18,2,1634,0,154.24,0,0
TXN007727,303.2,11,2,1473,1,152.46,1,0
TXN007728,217.93,3,2,1014,0,135.05,0,0
TXN007729,1591.84,9,4,942,0,109.07,0,0
TXN007730,1295.29,15,4,1821,0,434.18,0,0
TXN007731,5129.36,23,6,1507,0,56.14,0,0
TXN007732,1398.95,18,1,1380,0,102.43,0,0
TXN007733,732.05,7,2,1483,1,42.71,0,0
TXN007734,1098.6,5,3,620,0,72.69,0,0
TXN007735,1233.62,3,0,611,1,51.54,0,0
TXN007736,206.07,6,1,1341,0,199.41,0,0
TXN007737,16487.07,13,2,1113,0,221.34,0,1
TXN007738,1844.33,12,1,1181,0,58.32,0,0
TXN007739,1352.9,20,4,1436,0,740.03,0,0
TXN007740,2028.73,4,4,1223,0,60.19,0,0
TXN007741,2229.23,8,5,581,0,317.26,0,1
TXN007742,952.84,2,1,1080,0,62.31,0,0
TXN007743,583.33,9,3,1669,1,95.95,0,0
TXN007744,1997.1,14,7,34,0,196.7,0,0
TXN007745,1612.77,19,5,474,0,146.82,0,0
TXN007746,487.9,20,5,1561,0,127.01,1,0
TXN007747,4532.53,16,3,1692,0,284.57,0,0
TXN007748,1470.49,22,2,986,0,221.41,0,0
TXN007749,2275.19,23,3,1361,0,441.96,0,0
TXN007750,4411.28,5,4,1128,0,47.24,0,0
TXN007751,1120.9,2,3,1796,0,2.96,0,0
TXN007752,1505.61,17,2,1398,0,1595.34,0,0
TXN007753,2465.2,4,4,1437,0,59.99,1,0
TXN007754,531.2,12,1,282,0,7.9,0,0
TXN007755,1157.54,0,2,863,0,51.15,0,0
TXN007756,1243.33,16,1,1017,0,198.9,0,0
TXN007757,421.55,2,4,676,0,159.66,0,0
TXN007758,11132.64,18,2,963,0,41.68,0,0
TXN007759,268.46,20,1,208,0,37.09,0,0
TXN007760,299.43,19,3,1436,0,105.77,0,0
TXN007761,4081.53,21,4,1679,0,2.45,0,0
TXN007762,2237.84,11,2,286,0,0.43,0,0
TXN007763,393.09,7,1,1519,0,172.68,0,0
TXN007764,2012.81,7,4,1897,0,70.82,0,0
TXN007765,4759.27,14,0,786,0,4.36,0,0
TXN007766,1063.94,10,6,718,0,110.85,0,0
TXN007767,14747.41,19,0,1509,0,493.55,0,0
TXN007768,195.57,0,5,561,1,52.97,0,0
TXN007769,2194.75,15,2,384,0,52.04,0,0
TXN007770,3521.1,13,3,583,0,113.59,0,0
TXN007771,2674.04,6,2,1197,0,28.93,0,0
TXN007772,893.95,5,1,1807,0,182.87,0,0
TXN007773,820.21,20,3,1598,0,329.03,0,0
TXN007774,1709.82,3,0,1654,1,38.94,0,0
TXN007775,2479.36,21,1,624,0,193.52,0,0
TXN007776,2003.14,7,3,1536,0,394.07,0,0
TXN007777,3102.79,21,0,813,0,420.09,0,0
TXN007778,395.89,18,0,1965,0,144.89,0,0
TXN007779,873.26,2,1,717,0,29.74,0,1
TXN007780,428.37,3,3,1654,0,193.75,0,0
TXN007781,745.37,12,3,1021,0,238.92,0,0
TXN007782,3026.68,20,1,1364,0,252.67,0,0
TXN007783,1221.68,1,4,777,0,490.19,0,1
TXN007784,14866.4,10,3,1721,0,171.94,0,0
TXN007785,1330.63,15,2,742,0,112.96,0,0
TXN007786,1164.09,9,3,1775,0,125.69,0,0
TXN007787,1219.48,14,4,692,1,69.83,0,1
TXN007788,579.51,9,4,827,0,10.61,0,0
TXN007789,1035.01,1,3,474,0,227.51,0,0
TXN007790,3387.3,5,5,125,0,3.61,0,0
TXN007791,1229.02,13,4,373,0,11.93,0,0
TXN007792,495.98,1,10,744,0,73.2,0,0
TXN007793,434.81,9,1,273,0,481.43,0,0
TXN007794,699.1,16,2,1690,0,118.79,0,0
TXN007795,1180.7,7,1,567,0,43.61,1,0
TXN007796,3617.67,15,2,1448,0,409.23,0,0
TXN007797,287.01,13,2,305,0,152.62,0,0
TXN007798,796.46,9,0,1865,0,83.11,0,0
TXN007799,1266.88,12,2,1839,0,226.4,0,0
TXN007800,175.26,0,6,703,0,104.73,0,0
TXN007801,476.47,9,1,1153,0,235.67,0,0
TXN007802,555.63,21,4,1569,0,44.35,0,0
TXN007803,494.74,11,3,1778,0,29.29,0,0
TXN007804,1328.61,16,2,1143,0,111.23,0,0
TXN007805,933.97,23,3,1707,0,69.31,0,0
TXN007806,629.37,13,3,1911,0,167.27,0,0
TXN007807,1682.38,4,7,426,0,279.88,0,0
TXN007808,6143.04,18,3,631,0,417.19,0,0
TXN007809,5649.13,4,3,70,0,257.28,0,0
TXN007810,160.33,14,2,1004,0,75.27,0,0
TXN007811,1952.9,12,5,632,0,233.93,0,0
TXN007812,917.8,16,6,1494,0,135.86,0,0
TXN007813,1280.69,0,0,1524,0,425.76,0,0
TXN007814,736.36,13,2,563,0,220.89,0,0
TXN007815,1233.47,3,1,679,0,29.3,0,0
TXN007816,1275.9,8,4,1103,0,14.64,0,0
TXN007817,614.65,16,2,1665,1,141.28,0,1
TXN007818,447.48,2,5,301,0,81.76,1,0
TXN007819,700.16,12,1,1960,0,33.13,1,0
TXN007820,1386.11,11,5,1924,0,287.6,0,0
TXN007821,1996.19,15,5,1536,0,84.72,0,0
TXN007822,2574.34,3,2,525,0,16.19,0,0
TXN007823,669.02,17,0,993,0,54.75,0,0
TXN007824,1456.58,22,2,1524,0,203.35,0,0
TXN007825,2871.25,2,1,352,0,187.91,1,0
TXN007826,3517.81,16,5,1841,0,54.8,0,0
TXN007827,1033.98,0,4,222,0,75.12,0,0
TXN007828,879.25,18,5,537,0,9.2,0,0
TXN007829,1327.59,21,3,1342,1,551.38,0,1
TXN007830,347.34,3,2,1191,0,71.32,0,0
TXN007831,903.6,16,4,1033,0,477.16,0,0
TXN007832,2309.04,6,1,1504,0,302.65,0,0
TXN007833,2083.8,1,1,1364,0,73.48,0,0
TXN007834,836.92,11,2,1981,0,213.24,0,0
TXN007835,1363.37,4,2,1610,1,115.51,1,0
TXN007836,480.75,15,5,216,0,676.3,0,0
TXN007837,2216.07,7,3,899,0,183.14,0,0
TXN007838,1014.53,22,1,316,0,131.77,0,0
TXN007839,832.18,7,3,1522,0,182.89,0,0
TXN007840,763.78,12,6,501,0,44.78,0,0
TXN007841,1029.79,13,5,1688,0,65.85,0,0
TXN007842,700.73,10,2,117,0,224.5,0,1
TXN007843,2117.82,5,5,465,0,15.74,0,0
TXN007844,738.57,15,3,167,0,64.87,0,0
TXN007845,5393.58,22,3,1827,0,173.96,0,0
TXN007846,4746.73,21,6,1785,0,980.7,1,0
TXN007847,449.64,14,2,1694,0,467.86,0,0
TXN007848,1175.8,15,4,1815,0,321.32,0,0
TXN007849,572.12,12,2,908,0,125.06,0,0
TXN007850,791.04,11,2,1995,0,294.02,0,0
TXN007851,8122.78,17,3,1417,0,147.34,0,0
TXN007852,806.28,17,2,1895,0,110.4,0,0
TXN007853,1572.19,13,3,1926,0,45.54,0,0
TXN007854,1884.32,1,3,955,0,542.61,0,0
TXN007855,403.17,21,4,146,0,164.12,0,0
TXN007856,466.34,1,5,876,0,202.51,0,0
TXN007857,328.32,2,2,1515,0,27.37,0,0
TXN007858,452.16,23,4,988,0,101.45,0,0
TXN007859,63.43,7,3,885,0,601.71,0,0
TXN007860,1890.47,10,5,1116,0,255.14,0,0
TXN007861,8554.34,11,2,1127,0,385.92,0,0
TXN007862,1271.33,3,2,1527,0,90.72,0,0
TXN007863,266.06,8,4,1950,0,12.38,0,0
TXN007864,576.64,23,5,411,0,77.95,0,0
TXN007865,693.06,16,6,1073,0,84.89,0,0
TXN007866,396.4,23,5,1082,0,64.49,0,0
TXN007867,2591.99,15,1,1215,0,134.65,0,0
TXN007868,2465.77,16,3,735,0,38.4,0,0
TXN007869,345.35,14,5,1759,0,499.56,0,0
TXN007870,2264.44,19,4,1695,0,428.55,0,0
TXN007871,5048.33,21,5,851,1,54.59,0,0
TXN007872,7350.75,6,4,1910,0,189.73,0,0
TXN007873,19248.95,9,3,1327,0,125.18,0,0
TXN007874,444.97,3,2,1802,0,51.8,0,0
TXN007875,18475.86,23,4,1774,0,409.32,0,0
TXN007876,769.54,23,5,315,0,47.29,0,0
TXN007877,606.4,13,2,1317,0,176.37,0,0
TXN007878,1520.92,13,3,1735,0,73.53,0,0
TXN007879,612.74,13,1,779,0,314.88,0,0
TXN007880,1634.42,13,4,1722,0,174.32,0,0
TXN007881,292.93,21,5,1104,0,321.72,0,0
TXN007882,863.72,19,6,1904,0,76.91,0,0
TXN007883,3966.27,17,2,1173,0,2.02,0,0
TXN007884,1035.81,14,3,898,0,45.11,0,0
TXN007885,1263.44,22,2,1461,0,303.16,0,0
TXN007886,1763.86,18,4,1519,0,68.59,0,0
TXN007887,3535.68,12,4,679,0,69.33,0,0
TXN007888,209.51,11,7,1709,0,107.49,0,0
TXN007889,1967.51,18,3,662,0,57.8,0,0
TXN007890,838.71,18,3,1615,0,296.2,0,0
TXN007891,1295.48,19,5,1606,1,69.87,0,1
TXN007892,3165.13,1,1,1799,0,166.72,0,0
TXN007893,332.23,20,3,595,0,107.95,0,0
TXN007894,398.36,2,5,1865,0,60.98,0,0
TXN007895,158.31,9,8,1369,0,55.5,0,0
TXN007896,633.23,4,2,354,0,125.45,0,0
TXN007897,4148.21,11,2,876,0,42.62,0,0
TXN007898,972.06,6,5,52,0,76.34,0,0
TXN007899,287.11,8,3,252,0,7.23,0,0
TXN007900,674.74,1,3,1659,0,281.18,0,0
TXN007901,247.68,9,1,868,0,8.03,0,0
TXN007902,355.96,5,2,817,0,370.41,0,0
TXN007903,1617.79,11,3,68,0,8.74,0,0
TXN007904,339.04,5,3,1824,0,339.3,0,0
TXN007905,3336.36,2,2,800,0,185.99,0,0
TXN007906,1021.35,9,4,956,0,126.92,1,1
TXN007907,1194.63,8,2,1316,0,28.19,0,0
TXN007908,830.17,19,3,414,0,53.42,0,0
TXN007909,2375.23,4,4,1749,0,210.89,0,0
TXN007910,2399.85,2,2,1464,1,129.19,0,0
TXN007911,1533.11,4,4,1039,1,130.01,0,0
TXN007912,1929.06,7,5,734,0,25.74,0,0
TXN007913,887.06,7,4,611,0,116.02,0,0
TXN007914,1885.98,13,3,1521,0,160.61,0,0
TXN007915,782.21,23,0,1732,0,23.48,0,0
TXN007916,1099.08,21,2,137,0,659.27,0,0
TXN007917,833.27,16,0,800,0,319.01,0,0
TXN007918,694.21,10,2,1240,1,68.75,0,0
TXN007919,550.53,15,6,287,0,149.17,0,0
TXN007920,1750.56,5,2,793,0,147.35,0,0
TXN007921,4066.78,10,2,1996,0,20.3,0,0
TXN007922,3537.24,9,4,381,0,103.78,0,0
TXN007923,312.13,22,5,1560,0,41.92,0,0
TXN007924,3980.66,8,4,305,0,72.95,0,0
TXN007925,797.79,23,5,1537,0,518.41,0,0
TXN007926,1999.66,23,2,312,0,144.26,0,0
TXN007927,443.1,14,4,1649,0,12.46,0,0
TXN007928,1263.93,6,5,816,0,200.81,0,0
TXN007929,1500.75,17,6,1748,0,1188.04,0,0
TXN007930,248.49,0,3,348,0,33.04,0,0
TXN007931,2014.78,14,4,754,0,206.75,0,0
TXN007932,4213.02,1,0,1608,0,312.97,0,0
TXN007933,920.9,21,1,497,0,334.49,0,0
TXN007934,4273.41,1,4,1698,0,221.29,0,0
TXN007935,907.15,9,4,404,0,433.16,0,0
TXN007936,2564.67,19,0,1969,0,5.87,0,0
TXN007937,119.27,14,1,1769,0,11.94,0,0
TXN007938,12317.52,9,3,1677,0,26.01,0,0
TXN007939,4892.5,18,8,1242,1,7.97,0,0
TXN007940,824.99,21,1,1243,0,23.0,0,0
TXN007941,152.61,12,3,1127,0,305.64,0,0
TXN007942,1462.68,23,2,1554,0,408.2,0,0
TXN007943,258.8,10,2,1756,0,73.7,0,0
TXN007944,1711.03,21,2,179,1,567.15,0,0
TXN007945,1655.02,1,3,1859,0,97.57,0,0
TXN007946,427.77,20,3,1145,0,33.97,0,0
TXN007947,3364.27,12,1,681,0,205.83,0,0
TXN007948,2454.25,21,2,644,0,98.15,0,0
TXN007949,2909.75,21,1,743,0,3.53,0,1
TXN007950,1106.39,20,6,269,0,610.55,0,0
TXN007951,266.26,0,3,1114,0,163.99,0,0
TXN007952,2915.72,4,2,640,0,171.03,0,1
TXN007953,836.84,20,6,1869,0,730.05,0,0
TXN007954,273.2,21,5,265,0,322.7,0,0
TXN007955,4238.82,6,4,1285,0,81.08,0,0
TXN007956,8949.99,12,5,258,0,7.69,0,1
TXN007957,1052.32,12,2,942,0,45.27,0,0
TXN007958,9500.7,19,3,785,0,77.96,0,0
TXN007959,1201.49,22,5,760,1,580.54,0,0
TXN007960,749.6,20,2,337,0,395.15,0,0
TXN007961,583.79,5,3,1611,0,3.92,0,0
TXN007962,5636.86,19,0,1109,0,784.88,0,0
TXN007963,502.63,11,5,1338,0,53.5,0,0
TXN007964,2287.62,7,4,1271,0,268.8,0,0
TXN007965,626.93,8,3,1382,0,22.32,0,0
TXN007966,692.07,17,3,1232,0,44.8,0,0
TXN007967,3072.51,10,4,156,0,126.73,0,0
TXN007968,749.92,19,2,1288,0,218.9,0,0
TXN007969,731.58,10,4,951,0,76.27,0,0
TXN007970,3404.33,23,3,1278,0,371.8,0,0
TXN007971,5417.54,23,5,765,0,507.0,0,0
TXN007972,2089.52,14,1,1384,0,23.54,0,0
TXN007973,569.77,8,3,58,0,228.21,0,0
TXN007974,658.12,2,4,216,0,25.46,0,0
TXN007975,1187.87,16,3,1829,0,75.0,0,1
TXN007976,1511.61,16,8,1846,0,308.22,0,0
TXN007977,408.35,2,0,1777,0,73.8,0,0
TXN007978,2259.81,18,1,178,0,428.3,0,0
TXN007979,1194.54,8,5,33,0,95.42,0,0
TXN007980,197.21,16,5,1345,0,66.74,0,0
TXN007981,433.15,22,2,712,0,813.81,0,0
TXN007982,662.4,17,2,1786,0,104.85,0,0
TXN007983,1019.58,22,2,112,0,243.14,0,0
TXN007984,7253.79,14,5,1207,0,164.69,0,0
TXN007985,1391.55,0,1,1857,0,40.73,1,0
TXN007986,473.06,9,3,1014,0,124.88,0,0
TXN007987,1367.35,7,5,948,0,14.5,0,0
TXN007988,771.17,9,2,1027,1,222.04,0,0
TXN007989,1517.41,1,1,505,0,131.72,1,1
TXN007990,1959.74,18,4,1734,0,23.5,1,0
TXN007991,3674.71,13,4,360,0,262.02,0,0
TXN007992,1070.32,7,4,378,0,293.85,0,0
TXN007993,5647.46,18,3,1993,0,238.25,0,0
TXN007994,2719.01,0,4,1359,0,71.83,0,0
TXN007995,540.54,15,2,497,0,231.18,0,1
TXN007996,9995.15,23,4,806,0,155.17,0,0
TXN007997,1520.8,14,7,1781,0,141.3,0,0
TXN007998,475.74,19,1,716,0,188.32,0,0
TXN007999,5726.8,23,5,1166,0,179.01,0,0
TXN008000,8758.48,4,4,198,0,288.93,0,0
TXN008001,1061.01,2,3,1322,0,768.17,0,1
TXN008002,662.72,16,0,1751,0,233.22,0,0
TXN008003,923.0,9,1,1390,0,104.94,0,0
TXN008004,2241.12,4,3,1807,0,111.47,0,0
TXN008005,3935.75,10,3,1239,0,5.35,0,0
TXN008006,1940.09,5,3,760,0,31.36,0,0
TXN008007,1214.06,3,2,1411,0,46.62,0,0
TXN008008,4905.01,6,4,1375,0,834.89,0,0
TXN008009,802.04,18,3,283,1,259.22,0,0
TXN008010,3074.57,6,4,190,0,27.47,0,0
TXN008011,822.16,13,3,1506,0,124.18,0,0
TXN008012,1687.53,16,4,875,0,43.24,0,0
TXN008013,978.91,22,7,56,0,63.59,0,0
TXN008014,1037.06,16,3,335,0,167.01,0,0
TXN008015,751.91,12,3,600,0,164.5,0,0
TXN008016,4208.47,0,1,385,0,369.76,0,0
TXN008017,526.93,1,2,1016,0,32.37,0,0
TXN008018,523.1,17,2,1643,0,123.83,0,0
TXN008019,9145.28,3,3,1516,0,164.41,0,0
TXN008020,2915.65,12,5,1208,0,479.88,0,0
TXN008021,100.98,0,6,728,0,130.78,0,1
TXN008022,623.12,3,5,725,0,74.97,0,0
TXN008023,179.11,1,3,1047,0,62.19,0,0
TXN008024,423.82,3,8,1944,0,43.83,0,0
TXN008025,47.54,15,0,1555,0,590.38,0,0
TXN008026,956.24,3,2,357,0,166.26,0,0
TXN008027,350.04,8,2,498,0,65.11,0,0
TXN008028,1164.33,16,5,1727,0,246.05,0,0
TXN008029,215.91,20,2,1358,0,61.46,0,0
TXN008030,1191.43,22,7,1785,0,126.15,0,0
TXN008031,724.21,19,5,757,0,4.74,0,0
TXN008032,4924.38,20,1,686,0,337.41,0,0
TXN008033,4497.86,1,3,407,0,564.51,0,0
TXN008034,2405.1,2,5,1302,0,361.46,0,0
TXN008035,791.07,22,4,401,0,33.78,0,0
TXN008036,7985.48,14,0,797,0,314.01,0,0
TXN008037,232.05,6,2,355,0,76.71,1,0
TXN008038,269.47,3,2,1987,1,495.59,0,0
TXN008039,1008.5,11,0,496,0,63.96,0,0
TXN008040,10446.67,0,5,1054,0,16.86,0,0
TXN008041,895.75,16,1,707,0,345.02,0,0
TXN008042,913.02,3,3,567,0,22.33,0,0
TXN008043,259.33,3,8,1250,0,140.34,0,0
TXN008044,2824.06,21,2,1761,0,84.87,0,0
TXN008045,2844.6,22,1,310,0,254.54,0,0
TXN008046,2414.08,8,3,1930,0,248.74,0,0
TXN008047,584.51,20,2,657,0,269.41,0,0
TXN008048,540.93,9,5,526,0,11.77,0,0
TXN008049,300.93,18,3,87,0,351.82,0,0
TXN008050,1192.58,18,5,458,0,113.04,0,0
TXN008051,372.26,14,4,51,0,44.53,0,0
TXN008052,337.84,21,2,1485,0,63.92,0,0
TXN008053,717.88,16,5,298,0,419.47,0,0
TXN008054,672.39,6,1,638,0,1.08,0,0
TXN008055,640.35,2,4,1462,0,291.26,0,0
TXN008056,1748.38,4,4,1575,1,463.7,0,1
TXN008057,1186.84,15,2,1327,0,51.8,0,0
TXN008058,822.09,22,3,84,0,310.68,0,0
TXN008059,1316.87,6,5,1976,0,31.62,0,0
TXN008060,406.86,15,5,1877,0,2.94,0,0
TXN008061,1218.38,8,0,597,0,167.0,0,1
TXN008062,1274.87,0,2,1614,1,187.03,0,0
TXN008063,243.95,2,8,439,0,29.28,0,0
TXN008064,2968.15,7,2,1422,0,129.31,0,0
TXN008065,454.21,17,2,519,1,87.65,0,0
TXN008066,1200.28,23,1,145,0,14.28,0,0
TXN008067,3513.65,23,1,1823,1,127.58,0,1
TXN008068,2767.44,17,3,1383,0,158.37,0,0
TXN008069,1134.94,23,4,113,0,44.07,0,0
TXN008070,763.19,18,0,323,0,242.32,0,0
TXN008071,2828.53,6,0,1184,1,13.57,0,0
TXN008072,2153.17,19,2,999,0,144.13,0,0
TXN008073,590.89,5,3,496,0,65.08,0,0
TXN008074,495.27,10,4,1944,0,103.11,0,0
TXN008075,138.05,4,4,494,0,403.09,0,0
TXN008076,1279.25,11,4,137,0,199.53,0,0
TXN008077,1009.59,0,5,594,0,29.02,1,0
TXN008078,3415.88,18,2,1481,0,391.36,0,0
TXN008079,1570.35,10,7,412,0,83.98,0,0
TXN008080,4163.99,14,1,820,0,75.14,0,0
TXN008081,546.01,15,3,1593,0,125.32,0,0
TXN008082,3422.58,2,4,1400,1,41.36,0,0
TXN008083,646.18,10,4,189,0,442.11,0,0
TXN008084,2386.53,10,3,259,0,113.56,0,0
TXN008085,254.99,9,3,1257,0,90.1,0,0
TXN008086,1387.33,1,2,561,0,33.75,0,0
TXN008087,150.7,19,2,419,0,292.13,1,0
TXN008088,839.55,4,2,1824,1,549.74,0,0
TXN008089,1703.35,22,5,1056,0,366.68,0,0
TXN008090,651.34,22,1,1844,0,31.7,0,0
TXN008091,383.59,7,2,358,0,250.7,0,0
TXN008092,2555.79,12,1,62,0,41.11,0,0
TXN008093,988.84,14,1,961,0,7.13,0,0
TXN008094,672.11,1,1,861,0,119.26,0,0
TXN008095,1143.55,11,1,425,0,199.77,0,0
TXN008096,15316.24,23,5,731,0,23.89,0,0
TXN008097,3475.53,7,4,311,0,167.43,0,0
TXN008098,3507.2,20,6,834,0,334.01,0,0
TXN008099,1695.18,18,5,1423,0,42.2,0,0
TXN008100,1295.28,22,3,1229,0,100.48,0,0
TXN008101,99.87,0,4,1639,0,124.34,0,0
TXN008102,556.14,7,2,1609,0,320.24,1,1
TXN008103,678.19,9,6,168,0,265.62,0,0
TXN008104,168.19,12,1,482,0,264.02,0,0
TXN008105,344.67,4,2,1333,0,204.56,0,0
TXN008106,151.28,21,3,1280,0,173.12,0,0
TXN008107,1055.4,8,4,633,0,127.99,0,0
TXN008108,2486.83,9,0,379,0,83.06,0,0
TXN008109,3316.86,13,0,560,0,129.59,0,0
TXN008110,1660.35,23,2,1763,0,346.0,0,0
TXN008111,418.47,10,2,1365,0,152.16,0,0
TXN008112,158.85,13,1,1358,0,763.37,0,0
TXN008113,189.26,2,3,1684,0,27.68,0,0
TXN008114,308.28,20,4,138,0,104.74,0,0
TXN008115,450.85,15,6,752,0,40.23,0,0
TXN008116,934.72,19,1,528,0,81.77,0,0
TXN008117,397.75,16,5,86,0,280.71,0,0
TXN008118,1539.14,4,6,1148,0,313.5,0,0
TXN008119,869.33,6,2,663,0,5.8,0,0
TXN008120,1108.26,16,2,1545,0,551.79,0,0
TXN008121,3429.78,19,2,1832,0,369.85,0,0
TXN008122,336.89,21,1,283,0,423.64,0,0
TXN008123,1666.87,10,9,878,0,85.11,0,0
TXN008124,1081.42,11,3,174,0,123.68,0,0
TXN008125,785.65,23,4,1935,1,33.22,0,0
TXN008126,2657.81,1,5,812,0,91.0,0,0
TXN008127,2641.27,18,1,995,0,24.27,0,0
TXN008128,425.6,4,3,1499,0,358.18,0,1
TXN008129,914.01,10,1,1725,0,156.63,0,0
TXN008130,1452.75,22,4,197,0,26.31,0,0
TXN008131,834.63,18,2,168,0,380.25,0,0
TXN008132,1968.49,6,0,407,0,15.08,0,0
TXN008133,1452.72,20,2,298,0,470.98,0,0
TXN008134,6853.82,21,5,366,0,20.12,0,0
TXN008135,237.39,5,2,1081,0,227.84,0,0
TXN008136,970.26,10,2,1806,1,186.57,0,1
TXN008137,442.08,13,3,495,0,274.77,0,0
TXN008138,2006.42,3,2,1209,1,149.74,0,0
TXN008139,217.64,7,2,973,0,77.52,0,0
TXN008140,1550.47,8,4,1492,0,57.74,0,0
TXN008141,584.03,1,4,1069,1,523.62,0,0
TXN008142,526.28,10,4,1857,0,104.78,0,0
TXN008143,258.14,19,2,1806,0,332.35,0,0
TXN008144,688.78,21,4,1221,0,231.11,0,0
TXN008145,3243.8,6,3,945,0,192.15,0,0
TXN008146,1069.36,3,4,260,0,634.87,0,0
TXN008147,2054.28,23,4,632,0,150.02,0,0
TXN008148,5794.37,13,3,1285,0,237.7,0,0
TXN008149,1427.61,23,2,382,0,341.09,0,0
TXN008150,627.16,0,7,543,0,8.47,0,0
TXN008151,1749.79,23,3,234,0,1008.28,0,0
TXN008152,636.32,11,4,1311,0,54.73,1,0
TXN008153,662.21,18,3,1816,0,218.23,0,0
TXN008154,239.87,4,4,413,0,552.75,0,0
TXN008155,2769.04,7,2,1410,0,259.25,0,0
TXN008156,745.46,10,4,354,0,46.96,1,0
TXN008157,1315.67,21,4,99,0,80.98,0,0
TXN008158,389.18,3,2,591,0,96.25,0,0
TXN008159,1695.86,14,3,1917,0,158.89,1,0
TXN008160,511.86,19,2,205,0,166.26,0,0
TXN008161,951.74,11,2,540,0,279.13,0,0
TXN008162,2638.13,19,7,1205,0,353.48,1,0
TXN008163,2418.15,21,1,750,0,16.88,0,0
TXN008164,1072.74,22,3,422,1,57.43,0,0
TXN008165,187.14,20,2,274,0,75.79,0,0
TXN008166,21868.68,9,3,1175,1,2.42,0,1
TXN008167,6284.61,23,5,1221,1,97.3,0,0
TXN008168,2258.99,15,3,965,0,79.99,0,0
TXN008169,516.36,22,4,159,1,134.15,0,0
TXN008170,978.88,7,4,614,0,19.0,0,0
TXN008171,636.88,19,1,1955,0,96.2,0,0
TXN008172,3881.03,7,3,1712,0,163.77,0,0
TXN008173,1425.82,5,3,638,0,293.17,0,0
TXN008174,500.61,2,5,1942,0,261.79,0,0
TXN008175,684.88,7,4,1072,0,93.41,0,0
TXN008176,3365.02,22,5,702,0,88.84,0,1
TXN008177,5432.19,9,4,1938,0,6.87,0,0
TXN008178,5056.0,4,1,533,0,15.53,0,1
TXN008179,2337.96,10,2,778,0,370.6,0,0
TXN008180,851.82,3,2,1882,1,295.07,0,1
TXN008181,42.88,16,1,571,0,3.84,0,1
TXN008182,1476.1,2,3,1028,0,385.71,0,0
TXN008183,1094.63,17,2,1170,1,171.29,0,0
TXN008184,1261.41,7,2,1243,0,291.43,0,0
TXN008185,1157.36,23,3,1706,0,125.68,0,0
TXN008186,291.12,11,2,1967,0,29.39,0,0
TXN008187,1914.88,20,6,927,0,79.46,0,0
TXN008188,2063.62,15,1,32,0,107.62,0,0
TXN008189,2169.69,13,5,931,0,252.37,0,0
TXN008190,2825.89,20,2,1977,0,301.5,0,0
TXN008191,2006.31,15,1,1386,0,243.48,0,0
TXN008192,727.76,3,7,1393,0,116.55,0,0
TXN008193,1021.64,0,1,189,0,196.16,0,0
TXN008194,1201.26,0,4,924,1,63.05,0,0
TXN008195,1221.33,21,2,857,0,793.16,0,0
TXN008196,2975.65,14,2,1468,0,33.15,0,0
TXN008197,2087.39,19,0,1626,0,231.46,0,0
TXN008198,8754.68,19,0,1318,0,30.3,0,0
TXN008199,9961.36,2,4,96,0,59.35,0,0
TXN008200,1187.55,13,2,1148,0,248.69,1,0
TXN008201,23.65,8,3,1772,0,235.09,0,0
TXN008202,3777.56,18,4,609,0,23.93,0,0
TXN008203,638.82,7,3,270,0,204.28,0,0
TXN008204,492.02,1,8,1070,0,41.03,0,0
TXN008205,736.24,3,5,778,0,649.89,0,0
TXN008206,701.6,0,1,1880,0,166.31,0,0
TXN008207,2022.86,10,4,444,0,0.63,0,0
TXN008208,230.57,4,5,250,0,42.08,0,0
TXN008209,373.26,1,6,744,1,46.95,0,0
TXN008210,1545.59,12,0,730,0,51.09,0,0
TXN008211,2044.57,16,1,893,0,146.59,0,0
TXN008212,2082.95,16,1,1093,0,41.43,0,0
TXN008213,499.18,17,1,1184,0,95.83,0,0
TXN008214,412.29,20,2,719,0,34.26,0,0
TXN008215,660.74,8,2,1182,0,197.88,0,0
TXN008216,1393.92,5,9,1573,1,151.37,0,0
TXN008217,4843.91,19,3,1883,0,178.33,0,0
TXN008218,141.54,2,1,221,0,616.27,0,0
TXN008219,879.43,7,1,454,0,91.74,0,0
TXN008220,289.26,2,4,1838,0,43.68,0,0
TXN008221,210.14,0,2,485,0,1206.27,0,0
TXN008222,2884.07,19,3,840,0,10.77,0,0
TXN008223,1890.55,12,2,1278,0,299.26,0,0
TXN008224,1718.89,20,3,1783,1,31.85,0,1
TXN008225,2754.6,4,4,1567,0,196.74,0,0
TXN008226,678.77,15,3,1228,0,115.57,0,0
TXN008227,711.49,20,2,1369,0,328.77,0,0
TXN008228,9756.91,23,6,1230,0,236.41,0,0
TXN008229,856.99,15,2,1146,0,34.05,0,0
TXN008230,2287.31,23,2,1324,0,196.98,0,0
TXN008231,1103.65,11,4,922,0,44.05,0,0
TXN008232,172.73,12,6,635,0,33.38,0,0
TXN008233,141.94,3,8,463,0,15.82,0,0
TXN008234,614.63,8,2,777,0,21.72,0,0
TXN008235,3152.97,15,0,1995,0,219.06,0,0
TXN008236,2412.19,0,4,1513,0,871.85,0,0
TXN008237,2735.52,4,3,1567,0,202.75,0,0
TXN008238,408.69,20,1,1177,0,221.87,0,0
TXN008239,5518.56,4,1,754,0,274.77,1,0
TXN008240,417.84,23,2,698,0,395.7,0,0
TXN008241,1356.72,18,3,1943,0,56.09,0,0
TXN008242,1085.34,8,5,954,0,166.99,0,0
TXN008243,921.61,7,7,109,0,43.95,0,0
TXN008244,4182.2,18,6,400,0,134.24,0,0
TXN008245,541.8,17,4,1148,0,42.13,0,0
TXN008246,284.4,14,2,1242,1,11.91,0,0
TXN008247,1118.78,3,7,894,0,16.64,0,0
TXN008248,735.22,14,3,151,0,673.63,0,0
TXN008249,32124.78,12,3,863,0,1.09,0,1
TXN008250,2157.07,17,3,1097,0,210.91,0,0
TXN008251,728.26,19,2,289,0,392.96,0,0
TXN008252,381.42,4,4,836,0,90.07,0,1
TXN008253,167.29,17,4,1241,0,221.65,0,0
TXN008254,393.38,7,5,846,1,77.23,1,0
TXN008255,1230.21,0,3,290,0,135.51,0,0
TXN008256,4570.27,18,4,586,0,493.95,0,0
TXN008257,3366.7,22,3,1113,0,7.79,0,0
TXN008258,1378.97,16,4,1317,0,55.95,0,0
TXN008259,793.8,1,3,1871,0,20.17,0,0
TXN008260,1434.85,18,5,577,0,123.31,0,0
TXN008261,652.86,15,1,1891,0,264.92,0,0
TXN008262,6114.17,17,0,966,0,675.9,0,0
TXN008263,907.61,1,0,1063,0,30.41,0,1
TXN008264,1005.92,5,3,833,0,8.09,0,0
TXN008265,119.6,6,5,1889,0,26.8,0,0
TXN008266,901.96,5,4,132,0,623.85,0,0
TXN008267,2531.29,5,5,939,0,69.45,1,0
TXN008268,377.01,8,4,873,0,55.95,0,0
TXN008269,517.64,7,2,1164,0,239.09,0,0
TXN008270,2422.88,23,0,814,0,23.15,0,0
TXN008271,250.47,21,1,562,0,77.28,0,0
TXN008272,3158.34,20,2,530,0,28.16,0,0
TXN008273,644.1,8,6,1258,0,659.17,0,0
TXN008274,743.55,11,5,126,0,60.42,0,0
TXN008275,356.42,17,3,851,0,56.45,0,0
TXN008276,1600.46,22,2,426,0,181.12,0,0
TXN008277,12834.24,5,3,1949,0,3.02,0,0
TXN008278,2395.86,22,4,1997,0,190.8,0,1
TXN008279,462.07,3,2,1866,0,108.88,0,0
TXN008280,3413.93,6,0,1702,0,36.63,0,1
TXN008281,798.97,17,1,1620,0,119.92,0,0
TXN008282,4335.04,19,1,591,0,1241.29,0,0
TXN008283,2456.95,4,8,525,0,328.53,0,0
TXN008284,57.79,17,1,1585,0,658.08,0,0
TXN008285,401.79,9,4,1417,0,468.81,0,0
TXN008286,2819.7,7,4,1989,0,309.08,0,0
TXN008287,1276.22,0,2,286,0,73.37,0,0
TXN008288,393.96,14,2,234,0,235.64,0,0
TXN008289,581.97,2,4,1395,0,89.43,0,0
TXN008290,163.0,14,3,528,0,101.03,0,0
TXN008291,1003.88,13,2,221,0,372.0,0,0
TXN008292,10003.49,0,3,1856,0,41.34,0,0
TXN008293,2452.67,20,5,1177,0,63.33,0,0
TXN008294,9802.74,7,2,1179,0,479.96,0,0
TXN008295,2650.22,6,1,222,0,216.47,0,0
TXN008296,3064.01,8,4,267,1,12.08,0,0
TXN008297,7895.74,17,0,1301,1,23.34,1,0
TXN008298,1599.21,11,1,1874,0,155.96,0,0
TXN008299,909.39,7,3,254,0,288.58,0,0
TXN008300,3079.92,7,2,1242,0,283.34,0,0
TXN008301,4693.06,5,5,802,0,99.59,0,0
TXN008302,678.6,2,4,1275,1,53.84,0,1
TXN008303,532.95,1,4,994,0,278.96,0,0
TXN008304,1259.99,13,3,648,1,519.05,0,0
TXN008305,2518.7,7,5,1654,0,105.7,0,0
TXN008306,2435.95,5,2,1143,1,26.58,0,0
TXN008307,263.97,3,5,1456,0,169.36,0,0
TXN008308,7417.56,4,6,86,0,13.38,0,0
TXN008309,577.57,20,5,549,0,170.18,0,0
TXN008310,841.29,12,2,1511,0,34.18,0,0
TXN008311,444.68,8,3,1455,0,130.61,0,0
TXN008312,16290.36,12,6,902,0,176.79,0,1
TXN008313,1396.98,8,5,424,0,106.54,0,0
TXN008314,468.26,23,1,987,0,316.11,0,0
TXN008315,2601.71,23,2,187,0,84.52,0,0
TXN008316,2366.43,15,4,156,1,30.32,0,1
TXN008317,908.93,11,5,1570,0,112.22,0,0
TXN008318,2541.75,1,2,1013,0,596.07,0,1
TXN008319,480.44,18,7,266,0,381.92,0,0
TXN008320,669.87,15,1,362,0,67.07,0,0
TXN008321,146.9,23,1,1877,0,50.04,0,0
TXN008322,291.79,12,2,1089,0,118.85,0,0
TXN008323,6685.06,4,3,654,0,191.64,0,1
TXN008324,5661.41,22,2,1208,0,470.42,0,0
TXN008325,1171.21,23,4,1597,0,171.03,0,0
TXN008326,5784.47,5,1,939,0,325.55,0,0
TXN008327,934.42,20,3,1990,0,214.37,0,0
TXN008328,859.71,23,2,147,0,19.27,0,0
TXN008329,1160.39,16,1,1375,0,400.26,0,0
TXN008330,967.85,16,5,1569,0,40.06,0,0
TXN008331,884.31,16,3,1320,1,82.21,0,0
TXN008332,3440.59,2,3,1415,0,330.16,0,0
TXN008333,1274.28,12,2,514,0,697.22,0,0
TXN008334,2236.08,11,1,845,0,66.95,0,0
TXN008335,3075.99,5,0,1283,1,86.98,0,1
TXN008336,1616.77,21,4,450,0,119.66,0,0
TXN008337,415.6,20,2,1450,0,124.04,0,0
TXN008338,283.48,12,6,1766,0,249.8,0,0
TXN008339,1272.55,13,5,839,0,305.81,0,0
TXN008340,924.03,6,1,440,1,848.61,0,1
TXN008341,1196.78,4,2,351,0,293.55,0,1
TXN008342,1079.17,13,5,332,0,64.15,0,0
TXN008343,14524.23,17,4,1528,0,79.81,0,0
TXN008344,289.97,3,3,873,0,173.25,0,0
TXN008345,149.91,0,1,553,0,208.87,0,0
TXN008346,1529.01,6,6,480,0,16.97,0,0
TXN008347,752.63,19,2,567,0,75.8,0,0
TXN008348,1504.28,12,3,1772,0,40.77,0,0
TXN008349,1966.25,3,1,440,1,127.61,0,0
TXN008350,3960.42,12,1,1552,1,33.26,0,0
TXN008351,242.93,3,1,138,0,156.47,0,0
TXN008352,628.47,2,3,1216,0,113.36,0,0
TXN008353,1683.72,7,2,1066,0,93.13,0,0
TXN008354,2369.57,19,4,1180,0,188.43,0,0
TXN008355,9832.51,7,1,787,0,96.91,0,0
TXN008356,2851.8,16,3,853,0,91.73,0,0
TXN008357,1036.09,14,3,1821,0,189.55,0,0
TXN008358,450.14,3,2,482,0,10.62,0,0
TXN008359,623.73,5,5,200,0,101.97,0,0
TXN008360,606.25,23,2,1939,0,39.13,0,0
TXN008361,2111.67,21,4,1262,0,7.08,0,0
TXN008362,1417.99,5,8,791,0,6.35,0,0
TXN008363,291.88,9,2,368,0,33.02,0,0
TXN008364,709.17,3,2,1905,0,102.43,0,0
TXN008365,2637.4,8,2,88,0,150.54,0,0
TXN008366,1558.79,15,3,536,1,286.05,0,0
TXN008367,1936.51,6,3,1321,0,168.43,0,0
TXN008368,1608.28,13,7,509,0,132.14,0,0
TXN008369,5577.14,5,1,698,0,6.67,1,0
TXN008370,1388.59,0,2,1570,0,63.66,0,0
TXN008371,745.44,17,3,974,0,212.14,1,1
TXN008372,438.89,11,5,1053,1,56.77,0,0
TXN008373,1407.56,21,4,477,0,162.4,0,0
TXN008374,95.52,14,2,912,0,166.7,0,0
TXN008375,912.06,0,5,1608,0,65.52,0,1
TXN008376,892.62,14,6,1631,0,152.58,0,0
TXN008377,280.21,14,7,1187,0,21.78,0,0
TXN008378,433.43,15,0,242,0,233.67,0,0
TXN008379,2464.29,20,2,128,1,4.1,0,0
TXN008380,1381.21,0,3,1324,0,6.47,0,1
TXN008381,1214.14,2,3,687,0,367.6,0,0
TXN008382,1489.73,11,3,1102,0,156.27,0,0
TXN008383,1203.06,6,5,204,0,32.01,0,0
TXN008384,3800.4,4,2,1567,0,165.67,0,0
TXN008385,1240.7,0,3,930,0,83.12,0,0
TXN008386,255.13,0,0,834,1,56.62,0,0
TXN008387,5597.81,14,3,518,1,300.19,0,0
TXN008388,1588.17,7,2,1059,0,116.78,0,0
TXN008389,608.35,10,5,1808,0,62.53,0,0
TXN008390,313.12,13,5,583,1,517.85,0,0
TXN008391,1629.31,22,4,1360,0,32.46,0,0
TXN008392,975.38,12,2,1520,0,27.57,0,0
TXN008393,5293.03,18,1,557,0,18.43,0,0
TXN008394,775.95,11,2,1769,0,23.92,0,0
TXN008395,474.67,21,1,757,0,52.45,0,0
TXN008396,2685.97,18,4,102,0,215.82,0,0
TXN008397,2766.34,3,2,96,1,200.58,0,0
TXN008398,1298.09,3,3,622,0,259.5,0,0
TXN008399,2156.75,2,4,1595,0,154.26,0,1
TXN008400,1056.07,5,4,56,0,122.13,0,0
TXN008401,1385.57,4,3,1653,1,101.78,0,0
TXN008402,3515.69,10,4,1479,1,373.79,0,0
TXN008403,2049.43,8,3,605,1,75.75,0,0
TXN008404,925.86,2,1,463,1,399.82,0,0
TXN008405,4240.19,8,4,1860,0,58.02,0,0
TXN008406,103.04,11,4,1444,1,30.81,0,0
TXN008407,8536.22,2,3,1382,0,53.02,1,1
TXN008408,199.15,19,2,1709,0,124.42,0,0
TXN008409,585.76,16,0,85,0,468.39,0,0
TXN008410,1052.67,20,3,296,0,35.13,0,0
TXN008411,947.21,11,2,1446,0,156.11,0,0
TXN008412,3000.13,17,2,798,0,44.2,0,0
TXN008413,380.76,3,3,1865,0,203.78,0,0
TXN008414,1423.35,9,6,1600,0,112.6,0,0
TXN008415,615.1,17,0,1649,0,238.05,0,0
TXN008416,1473.12,7,3,1232,0,348.97,0,0
TXN008417,1027.85,8,2,1829,0,73.36,0,0
TXN008418,1203.44,18,4,1636,0,501.06,0,0
TXN008419,632.75,12,5,578,0,113.74,0,0
TXN008420,658.48,5,1,130,0,496.59,0,0
TXN008421,1461.58,21,2,1521,0,47.19,0,0
TXN008422,2817.81,6,2,674,0,409.29,0,0
TXN008423,602.88,20,5,1257,0,73.07,0,0
TXN008424,460.0,5,2,1330,0,250.07,0,0
TXN008425,2025.27,10,4,497,0,620.59,0,0
TXN008426,1061.56,16,1,1570,0,437.81,0,0
TXN008427,2516.18,18,1,52,0,112.14,0,0
TXN008428,443.28,11,1,726,0,76.13,0,0
TXN008429,185.04,20,2,356,0,170.71,0,0
TXN008430,643.55,20,4,606,0,220.23,0,0
TXN008431,509.61,23,7,950,0,139.87,1,0
TXN008432,1013.55,12,4,688,0,339.66,0,0
TXN008433,580.07,17,2,1823,0,10.81,0,0
TXN008434,2300.81,6,4,1961,0,164.77,0,0
TXN008435,822.09,22,3,1991,0,134.09,0,0
TXN008436,1274.71,4,5,566,1,7.23,1,1
TXN008437,1283.87,15,5,409,0,2.3,0,1
TXN008438,1332.69,21,2,1997,0,167.71,0,0
TXN008439,1070.49,3,3,879,0,22.6,0,0
TXN008440,1827.31,22,3,155,0,263.4,0,0
TXN008441,494.89,0,3,1724,0,536.55,0,0
TXN008442,4444.48,3,2,471,0,35.15,0,0
TXN008443,865.63,2,5,858,0,288.42,0,0
TXN008444,295.44,3,2,73,0,161.11,0,0
TXN008445,1323.55,0,2,1830,0,106.94,0,0
TXN008446,468.16,11,3,690,1,189.12,0,0
TXN008447,2133.11,12,8,1747,0,291.82,0,0
TXN008448,9992.65,1,5,1412,0,635.09,0,0
TXN008449,499.41,8,3,228,1,194.45,0,0
TXN008450,1529.0,6,2,1706,0,247.34,0,0
TXN008451,189.52,12,3,1777,0,168.35,0,0
TXN008452,1726.59,21,1,682,0,149.85,0,0
TXN008453,452.27,1,3,337,0,12.06,0,1
TXN008454,587.08,0,4,1849,0,30.33,0,1
TXN008455,364.57,17,2,1410,0,85.83,0,0
TXN008456,2280.5,6,3,1142,1,188.71,0,1
TXN008457,3002.81,17,6,1227,0,14.19,0,0
TXN008458,1122.58,18,2,1741,0,141.5,0,0
TXN008459,462.0,7,1,1418,0,2.39,0,0
TXN008460,5375.05,22,4,503,0,261.51,0,0
TXN008461,517.8,11,1,265,0,197.89,0,0
TXN008462,126.21,10,2,254,0,132.37,1,1
TXN008463,1734.35,8,4,389,1,152.39,0,0
TXN008464,363.3,3,1,453,0,485.91,0,0
TXN008465,2947.19,6,3,1044,0,426.94,0,0
TXN008466,749.09,16,3,1107,0,283.29,0,0
TXN008467,2005.63,10,4,696,0,73.77,0,0
TXN008468,4453.74,1,3,364,0,20.42,0,0
TXN008469,327.39,22,4,928,1,69.8,0,0
TXN008470,622.7,17,3,634,0,250.95,0,0
TXN008471,1016.71,21,1,124,0,169.95,0,0
TXN008472,5102.83,11,1,344,0,220.09,0,0
TXN008473,567.71,8,1,517,0,20.03,0,0
TXN008474,605.16,10,1,1428,1,31.05,0,1
TXN008475,1768.95,4,4,917,0,196.49,0,0
TXN008476,615.71,6,3,1071,0,83.68,0,0
TXN008477,1277.33,0,2,693,0,82.93,0,0
TXN008478,232.4,23,3,858,0,89.76,0,0
TXN008479,10039.98,4,3,666,0,286.08,0,1
TXN008480,284.94,5,5,915,1,216.15,0,0
TXN008481,794.92,12,4,982,0,20.18,0,0
TXN008482,1061.59,10,0,1865,0,75.99,0,0
TXN008483,7425.6,7,3,716,0,201.66,0,0
TXN008484,291.53,19,1,250,0,672.32,0,0
TXN008485,7972.11,1,2,909,0,437.99,0,0
TXN008486,2338.29,14,5,1474,0,51.37,0,0
TXN008487,1664.19,9,1,66,0,12.3,0,0
TXN008488,409.68,7,0,1382,0,153.29,0,0
TXN008489,1941.35,1,5,1994,0,93.83,0,0
TXN008490,531.93,20,2,1723,0,36.47,0,0
TXN008491,3891.93,14,0,1196,0,189.82,1,1
TXN008492,415.27,5,4,1797,0,31.46,0,0
TXN008493,979.3,4,6,1001,0,77.95,0,0
TXN008494,629.37,21,3,1425,0,284.87,0,0
TXN008495,408.49,21,2,1946,0,207.53,0,0
TXN008496,2301.51,2,4,1542,0,168.17,0,0
TXN008497,1873.3,10,0,1976,0,480.81,0,0
TXN008498,3673.9,10,7,1356,0,24.12,0,0
TXN008499,184.96,15,2,1612,0,211.37,1,0
TXN008500,3178.52,2,4,1053,0,22.46,0,0
TXN008501,13432.72,8,7,1980,0,26.39,0,0
TXN008502,698.1,2,4,234,0,127.09,0,1
TXN008503,7296.49,18,3,300,0,4.39,0,0
TXN008504,842.89,10,0,211,0,125.13,0,0
TXN008505,277.99,13,0,1762,0,1.71,0,1
TXN008506,807.84,1,1,1863,0,166.02,0,1
TXN008507,3128.17,6,3,660,0,67.32,0,0
TXN008508,474.29,9,3,603,0,15.65,0,1
TXN008509,601.64,9,4,310,0,273.23,0,0
TXN008510,1985.33,19,6,1065,0,88.95,0,0
TXN008511,1099.99,0,3,1318,0,105.66,0,1
TXN008512,1967.7,5,1,666,0,84.45,0,0
TXN008513,1391.07,20,5,887,0,15.72,0,0
TXN008514,1771.58,13,1,322,0,110.89,0,0
TXN008515,711.73,1,4,166,1,197.09,0,1
TXN008516,1382.61,5,4,226,0,420.65,0,0
TXN008517,433.82,0,3,1748,0,259.76,0,0
TXN008518,3977.6,2,6,1867,0,14.87,0,0
TXN008519,581.57,3,5,484,0,32.63,0,0
TXN008520,3390.89,12,5,1990,0,8.26,0,0
TXN008521,868.17,2,3,1148,0,22.89,0,0
TXN008522,1342.11,14,5,1289,0,117.89,1,0
TXN008523,668.5,12,2,642,0,44.66,0,0
TXN008524,397.03,21,5,36,0,187.91,0,0
TXN008525,191.57,10,1,418,0,5.92,0,0
TXN008526,381.72,3,4,1178,0,350.39,0,0
TXN008527,793.21,16,1,1262,0,203.78,0,1
TXN008528,1355.44,4,4,1768,1,625.73,0,0
TXN008529,3012.06,20,4,706,0,549.72,1,0
TXN008530,702.22,23,3,1881,0,212.52,0,0
TXN008531,453.97,7,5,1345,0,30.96,0,0
TXN008532,259.12,20,4,1016,1,45.2,0,1
TXN008533,1772.35,23,4,542,1,58.53,0,0
TXN008534,4372.96,9,0,1559,0,100.13,0,0
TXN008535,3890.65,6,5,1694,0,152.28,0,0
TXN008536,2230.39,16,6,747,0,206.57,0,0
TXN008537,2076.72,6,4,530,0,14.16,0,0
TXN008538,5988.66,23,4,473,0,169.74,0,0
TXN008539,1528.56,18,1,505,0,10.98,0,0
TXN008540,2092.53,8,2,838,0,315.83,0,1
TXN008541,795.7,23,2,1502,0,7.43,0,0
TXN008542,280.89,1,5,933,0,88.99,0,0
TXN008543,553.44,21,1,1034,0,98.05,0,0
TXN008544,1086.63,19,3,70,0,152.08,0,0
TXN008545,1165.36,18,3,1996,0,18.06,0,0
TXN008546,7527.26,5,2,408,0,486.83,0,0
TXN008547,1189.49,9,6,1928,0,86.98,0,0
TXN008548,3564.73,12,4,1911,0,90.81,0,0
TXN008549,709.76,1,4,1985,0,50.13,0,0
TXN008550,802.98,9,6,122,0,273.13,0,0
TXN008551,290.32,9,2,1157,0,1.4,0,0
TXN008552,522.0,4,3,394,0,20.21,0,0
TXN008553,1857.49,21,1,1294,0,114.54,0,0
TXN008554,1104.96,3,6,1313,0,621.25,0,0
TXN008555,2815.62,22,5,1223,0,6.52,0,1
TXN008556,1314.56,1,3,287,1,11.52,0,0
TXN008557,770.89,6,7,1303,1,225.88,0,1
TXN008558,9398.42,17,4,1019,0,239.35,0,0
TXN008559,998.34,16,5,1868,0,409.03,0,0
TXN008560,3508.7,10,3,945,0,154.71,0,0
TXN008561,734.21,20,5,59,0,93.02,0,1
TXN008562,2229.65,17,4,1135,0,107.96,0,0
TXN008563,2773.92,7,3,315,0,101.66,0,0
TXN008564,1350.85,11,2,1931,0,653.76,0,0
TXN008565,104.12,23,5,384,0,86.07,0,0
TXN008566,1116.83,0,5,1310,0,18.18,0,1
TXN008567,3753.56,19,2,1367,0,61.55,0,0
TXN008568,1858.42,20,1,1888,0,579.8,0,0
TXN008569,1712.72,11,1,564,0,100.63,0,0
TXN008570,195.93,5,3,1048,0,68.38,0,0
TXN008571,533.55,2,3,970,0,66.99,0,0
TXN008572,1654.67,4,4,1285,0,1.64,0,0
TXN008573,1653.06,13,1,1459,0,180.49,1,0
TXN008574,3694.74,11,4,334,0,231.9,0,0
TXN008575,948.74,12,2,404,0,78.36,0,0
TXN008576,1645.54,12,3,282,0,371.15,0,1
TXN008577,1114.74,16,5,1997,0,244.49,0,0
TXN008578,408.73,23,1,1628,0,165.32,1,0
TXN008579,114.92,14,3,845,0,219.02,0,0
TXN008580,1687.51,5,1,1097,0,264.11,0,0
TXN008581,1304.99,11,1,1616,0,134.78,1,0
TXN008582,591.01,1,2,1243,0,91.29,0,0
TXN008583,217.2,3,2,781,0,24.18,0,0
TXN008584,2058.51,19,0,1772,0,93.44,0,0
TXN008585,840.57,20,4,922,0,143.77,0,0
TXN008586,1913.85,11,3,582,0,531.7,0,0
TXN008587,7073.06,2,4,1517,0,30.29,0,0
TXN008588,128.84,16,3,696,0,254.61,0,0
TXN008589,544.79,5,4,509,0,49.57,0,0
TXN008590,889.47,23,3,639,0,566.41,0,0
TXN008591,4697.69,16,7,86,0,162.61,0,0
TXN008592,213.49,16,4,1223,0,102.06,0,0
TXN008593,7599.68,10,3,809,0,76.66,0,0
TXN008594,1256.21,22,2,1519,0,40.61,0,0
TXN008595,996.25,6,5,879,0,225.63,0,0
TXN008596,899.59,1,4,601,0,181.89,0,0
TXN008597,708.92,18,2,605,0,397.56,0,0
TXN008598,3127.9,1,2,801,0,163.74,0,0
TXN008599,376.71,21,5,1535,0,33.5,0,0
TXN008600,1549.08,12,3,1476,0,206.7,0,0
TXN008601,746.82,23,3,1456,0,379.85,0,0
TXN008602,511.77,23,1,1928,0,837.45,0,0
TXN008603,14559.15,15,3,1755,0,207.97,0,0
TXN008604,1667.45,16,5,970,0,61.53,0,0
TXN008605,2024.88,10,4,1114,0,149.99,0,0
TXN008606,3421.3,8,5,273,0,130.24,0,0
TXN008607,264.71,23,0,444,0,129.13,0,0
TXN008608,6325.17,8,2,1230,0,14.74,0,0
TXN008609,89.21,13,2,700,0,38.94,0,0
TXN008610,508.38,12,1,583,0,133.66,0,0
TXN008611,692.96,10,2,973,0,288.07,0,0
TXN008612,1962.01,11,1,1073,0,36.11,0,0
TXN008613,1364.74,21,2,1165,0,32.3,0,0
TXN008614,928.14,2,3,753,0,256.77,0,0
TXN008615,1083.56,0,6,637,0,211.13,0,0
TXN008616,412.39,7,4,1585,0,119.48,0,0
TXN008617,245.37,18,0,1069,0,9.3,0,0
TXN008618,2267.68,12,1,536,0,115.19,0,0
TXN008619,2194.49,6,1,1110,0,324.16,0,0
TXN008620,5348.09,12,2,1328,0,1.92,0,1
TXN008621,497.69,5,1,764,0,19.49,0,0
TXN008622,2192.54,2,2,1066,1,298.3,0,1
TXN008623,825.75,5,5,1812,0,134.06,0,0
TXN008624,3606.43,2,3,1585,0,195.39,0,0
TXN008625,3047.15,12,0,392,0,246.01,0,0
TXN008626,1354.53,12,3,1385,1,64.25,0,0
TXN008627,780.92,12,1,1486,0,63.66,0,0
TXN008628,2866.74,0,1,1292,0,55.16,0,1
TXN008629,2094.15,7,2,1463,0,32.94,0,0
TXN008630,553.11,4,3,576,0,65.43,0,0
TXN008631,290.67,19,3,1222,0,549.72,0,0
TXN008632,821.78,16,4,1447,0,16.18,0,0
TXN008633,4991.11,8,2,361,0,49.55,0,0
TXN008634,3451.23,12,7,1043,1,68.9,0,0
TXN008635,360.57,12,4,1333,0,30.06,0,0
TXN008636,341.12,4,2,1254,0,14.5,0,0
TXN008637,3923.28,13,2,1045,0,31.78,0,0
TXN008638,352.26,10,1,866,0,135.06,0,0
TXN008639,1824.93,13,6,1212,1,163.48,0,0
TXN008640,592.25,6,4,1491,0,43.63,0,0
TXN008641,5525.04,23,3,1367,0,126.14,0,0
TXN008642,507.54,16,4,127,1,1.12,0,0
TXN008643,3440.46,3,2,1881,0,165.84,0,0
TXN008644,1319.3,9,4,1930,0,0.23,0,1
TXN008645,1411.2,9,2,40,0,185.29,0,0
TXN008646,152.89,14,3,1638,0,118.86,0,0
TXN008647,121.16,19,4,243,0,20.83,0,0
TXN008648,879.57,11,8,69,0,16.66,0,0
TXN008649,1403.75,8,4,468,0,1.24,0,0
TXN008650,355.95,2,0,460,0,144.39,0,1
TXN008651,369.19,14,4,1017,0,295.69,0,0
TXN008652,1922.67,11,2,474,0,349.51,0,0
TXN008653,1925.33,14,0,1773,0,151.6,0,0
TXN008654,955.52,0,0,1639,1,392.73,0,1
TXN008655,2392.76,14,4,63,0,356.46,0,0
TXN008656,338.93,10,0,91,0,215.65,0,0
TXN008657,768.21,4,2,1132,0,81.2,0,0
TXN008658,5698.04,6,3,1007,0,316.0,0,0
TXN008659,1174.18,11,2,1226,0,89.47,0,0
TXN008660,1244.28,19,1,636,0,92.93,0,0
TXN008661,11003.26,5,2,1570,0,204.02,0,0
TXN008662,270.6,21,3,336,0,473.39,0,0
TXN008663,2431.91,2,2,382,0,124.77,0,0
TXN008664,5790.57,9,4,1111,0,35.11,0,0
TXN008665,792.46,20,0,152,0,27.66,0,0
TXN008666,2590.56,21,6,1658,1,64.78,0,0
TXN008667,410.75,3,4,32,0,110.13,0,0
TXN008668,551.85,12,4,1076,0,63.6,0,0
TXN008669,1611.57,18,5,1319,0,224.01,0,0
TXN008670,2437.11,4,3,844,1,140.82,0,0
TXN008671,3364.17,22,2,1853,0,93.98,0,0
TXN008672,5269.17,21,5,1942,0,43.21,0,0
TXN008673,1025.11,17,6,1101,0,167.39,0,0
TXN008674,3617.77,0,4,1976,0,201.81,0,0
TXN008675,778.75,20,5,282,0,275.99,0,0
TXN008676,2702.93,20,3,1601,0,844.85,1,0
TXN008677,1349.5,15,4,1141,0,47.36,0,0
TXN008678,1712.45,15,1,339,0,2.74,0,0
TXN008679,1674.9,15,5,561,0,124.93,0,0
TXN008680,220.37,21,0,1696,0,463.88,0,0
TXN008681,356.34,18,5,226,0,51.49,0,0
TXN008682,1215.05,15,5,1440,0,253.81,0,0
TXN008683,202.9,0,6,965,0,69.29,0,0
TXN008684,2517.98,19,6,1304,0,89.33,0,0
TXN008685,2621.64,19,5,1881,0,531.22,0,0
TXN008686,1521.07,9,4,492,0,111.25,0,0
TXN008687,357.4,1,3,1432,0,232.59,0,0
TXN008688,4359.61,13,0,1763,1,143.67,1,1
TXN008689,8410.28,7,1,52,0,259.83,0,0
TXN008690,1270.39,5,4,729,0,68.72,0,0
TXN008691,1827.19,2,2,1851,0,377.05,0,0
TXN008692,1341.76,15,3,1220,0,143.3,0,0
TXN008693,1863.79,16,4,1221,0,66.57,0,0
TXN008694,973.06,11,5,1613,0,7.01,0,0
TXN008695,1059.38,18,2,1266,0,2.39,0,0
TXN008696,2712.75,23,5,842,0,78.48,0,0
TXN008697,11448.62,19,2,66,0,43.73,0,0
TXN008698,270.41,2,5,435,0,9.74,1,0
TXN008699,988.5,12,5,1105,0,144.87,0,0
TXN008700,336.82,15,3,1823,1,808.36,0,0
TXN008701,5388.51,10,4,1067,0,98.77,0,0
TXN008702,609.27,19,3,559,0,144.58,0,0
TXN008703,258.99,15,6,1167,0,44.68,0,0
TXN008704,2075.98,19,1,1231,0,41.28,0,0
TXN008705,6274.89,1,0,812,0,71.65,0,0
TXN008706,2129.4,3,5,834,0,324.38,0,0
TXN008707,1345.87,3,4,415,0,582.01,0,1
TXN008708,1651.01,16,3,148,0,242.28,0,0
TXN008709,4513.56,0,4,1928,0,3.74,0,1
TXN008710,457.51,0,3,1905,0,103.86,0,0
TXN008711,980.59,4,1,1383,0,98.27,0,1
TXN008712,697.37,21,6,1634,0,492.56,0,0
TXN008713,341.09,11,2,61,0,246.37,0,0
TXN008714,789.68,5,3,777,0,225.56,0,0
TXN008715,3320.0,5,4,782,0,149.74,0,0
TXN008716,1932.56,16,1,1366,0,186.84,0,0
TXN008717,2088.73,21,4,275,0,215.88,0,0
TXN008718,1269.62,12,1,346,0,144.76,0,0
TXN008719,1850.71,7,8,802,0,335.38,0,0
TXN008720,492.46,23,2,882,0,6.77,0,0
TXN008721,804.72,11,3,1711,0,510.61,0,0
TXN008722,1328.76,14,4,845,0,267.37,0,0
TXN008723,1447.39,18,3,325,0,135.51,0,0
TXN008724,1510.49,20,2,97,0,354.32,0,0
TXN008725,954.96,19,2,893,0,316.83,0,0
TXN008726,751.88,16,5,85,0,97.86,0,0
TXN008727,25790.75,8,3,1953,0,329.66,0,0
TXN008728,2715.65,20,2,686,0,37.56,0,0
TXN008729,1657.64,17,6,81,0,114.01,0,0
TXN008730,868.52,1,2,666,0,47.58,0,0
TXN008731,698.39,10,3,1500,0,23.91,0,0
TXN008732,962.18,22,4,967,0,405.0,0,0
TXN008733,1469.72,19,2,1470,0,82.3,0,0
TXN008734,167.26,16,3,1011,0,207.58,0,0
TXN008735,228.29,20,3,1839,0,84.63,0,0
TXN008736,580.05,17,4,1464,0,141.4,0,0
TXN008737,1349.03,14,4,157,1,77.0,0,0
TXN008738,863.27,6,8,1004,0,244.37,0,0
TXN008739,4808.41,15,6,1498,0,277.91,0,0
TXN008740,249.04,0,6,54,0,101.35,1,1
TXN008741,517.32,17,3,90,0,353.4,0,0
TXN008742,5014.51,21,3,935,0,79.02,0,0
TXN008743,1250.28,7,7,1389,0,258.74,0,0
TXN008744,2656.71,6,5,417,0,189.0,0,0
TXN008745,8529.17,1,1,669,0,109.58,0,0
TXN008746,547.96,11,3,700,0,395.55,0,0
TXN008747,992.96,15,1,1816,0,152.86,0,0
TXN008748,835.12,8,6,829,0,330.07,0,0
TXN008749,155.31,19,3,693,0,237.92,1,1
TXN008750,804.0,10,1,344,0,136.89,0,0
TXN008751,2646.68,14,5,1967,0,71.13,0,0
TXN008752,1882.94,2,5,1938,0,543.37,0,0
TXN008753,2036.69,22,0,1657,0,10.52,0,0
TXN008754,753.32,20,3,1256,0,404.8,0,0
TXN008755,569.01,12,5,229,0,127.08,0,0
TXN008756,3902.04,20,0,734,0,248.63,0,0
TXN008757,666.93,12,4,1939,0,73.2,0,0
TXN008758,1471.57,1,7,927,0,87.27,0,0
TXN008759,1291.21,5,3,1970,0,38.1,0,0
TXN008760,4730.17,5,1,665,0,555.58,0,0
TXN008761,2896.95,11,1,145,0,7.97,0,1
TXN008762,300.29,3,4,1735,0,88.04,0,0
TXN008763,334.44,4,1,1019,0,73.35,0,0
TXN008764,1956.49,22,5,1554,0,301.87,0,0
TXN008765,1028.3,7,2,1692,0,125.34,0,0
TXN008766,695.64,5,4,1925,0,33.35,0,0
TXN008767,3027.91,20,2,438,0,128.04,0,0
TXN008768,1322.74,2,2,594,0,48.46,0,0
TXN008769,1155.7,22,2,1446,0,3.11,0,0
TXN008770,2391.86,7,1,199,0,141.56,0,0
TXN008771,753.62,18,1,273,0,80.45,0,0
TXN008772,5263.33,20,1,1849,0,49.14,0,0
TXN008773,498.67,10,2,1986,1,34.03,0,0
TXN008774,2115.25,17,5,1114,0,108.82,0,0
TXN008775,4600.1,9,2,1112,1,366.72,0,0
TXN008776,276.64,19,2,1981,0,255.48,0,0
TXN008777,777.95,11,4,966,0,0.84,0,0
TXN008778,3436.5,19,4,104,0,236.45,0,0
TXN008779,3488.56,7,7,1558,0,13.59,0,0
TXN008780,923.81,18,3,399,0,142.93,0,0
TXN008781,526.01,20,4,1266,0,272.58,0,0
TXN008782,2852.46,15,4,155,0,108.69,0,0
TXN008783,3581.54,20,6,1205,1,85.09,0,0
TXN008784,342.18,17,0,1630,0,504.84,0,0
TXN008785,329.01,8,5,1773,0,5.35,0,0
TXN008786,1373.69,3,7,145,0,20.16,0,0
TXN008787,2057.73,8,3,629,0,367.69,0,0
TXN008788,813.16,1,4,1575,0,391.26,0,0
TXN008789,2163.09,8,6,1533,0,83.95,0,0
TXN008790,539.08,8,0,889,0,139.85,0,0
TXN008791,132.33,17,2,591,0,32.33,0,0
TXN008792,717.73,10,4,1662,1,388.18,0,1
TXN008793,1168.21,12,7,793,0,113.96,0,0
TXN008794,832.27,5,3,604,0,149.46,0,0
TXN008795,344.26,8,4,1651,0,22.61,0,0
TXN008796,178.46,15,4,222,0,171.73,0,0
TXN008797,655.84,3,3,384,0,214.23,0,0
TXN008798,2690.97,1,0,87,0,62.85,0,0
TXN008799,3851.42,6,6,522,0,407.66,0,0
TXN008800,3596.49,14,2,1257,0,41.05,0,0
TXN008801,484.97,5,5,1557,0,409.81,0,0
TXN008802,345.95,10,4,1355,0,218.73,0,0
TXN008803,1801.97,19,0,1398,0,319.86,0,0
TXN008804,2069.58,16,3,1337,0,216.17,0,0
TXN008805,1636.26,3,4,149,0,100.68,0,1
TXN008806,146.34,18,1,1518,0,72.51,0,0
TXN008807,460.87,6,8,237,0,238.42,0,0
TXN008808,1064.55,10,5,1789,0,63.73,0,0
TXN008809,1785.08,12,7,856,0,11.49,0,0
TXN008810,2362.1,20,4,1546,1,51.07,0,1
TXN008811,1266.81,2,2,801,0,253.34,0,0
TXN008812,1526.58,13,0,1676,0,283.7,0,0
TXN008813,1193.76,1,1,1689,0,58.28,0,0
TXN008814,2176.82,17,2,710,0,71.53,0,0
TXN008815,1499.47,4,1,1166,0,143.47,0,0
TXN008816,1171.15,12,3,601,0,54.68,0,0
TXN008817,838.51,12,2,1371,0,167.73,0,0
TXN008818,1189.5,23,4,1576,1,59.64,0,0
TXN008819,1780.4,23,0,561,0,23.19,0,0
TXN008820,1432.93,13,3,1271,0,30.28,0,1
TXN008821,1604.92,11,4,164,0,51.91,0,0
TXN008822,4199.5,20,1,380,0,33.09,0,0
TXN008823,1429.62,12,6,603,0,659.33,0,0
TXN008824,573.07,17,2,1956,0,193.33,0,0
TXN008825,2653.43,12,4,1684,0,35.56,0,0
TXN008826,279.72,3,1,1885,0,99.27,0,0
TXN008827,371.89,22,2,1751,1,56.43,0,1
TXN008828,1534.33,21,2,673,0,207.66,0,0
TXN008829,1837.93,9,1,229,0,363.51,0,0
TXN008830,315.75,22,3,272,0,92.2,0,0
TXN008831,747.84,4,3,1195,0,100.81,0,0
TXN008832,598.19,17,2,1302,1,91.49,0,0
TXN008833,674.06,7,3,883,0,107.36,0,0
TXN008834,2817.48,13,2,1716,0,6.57,0,1
TXN008835,2222.76,1,4,1910,0,161.63,0,0
TXN008836,1075.86,7,4,1857,0,546.72,0,0
TXN008837,635.26,15,1,1042,0,276.95,0,0
TXN008838,284.39,6,4,1550,0,355.72,0,0
TXN008839,4537.74,2,4,119,0,46.84,0,0
TXN008840,1982.5,3,2,1845,0,168.19,0,0
TXN008841,540.95,6,2,623,0,402.24,0,0
TXN008842,2252.06,3,3,1074,0,12.79,0,0
TXN008843,1022.27,8,7,1116,0,377.58,0,0
TXN008844,822.95,22,3,332,0,12.0,0,0
TXN008845,1694.62,16,6,354,0,734.14,0,0
TXN008846,522.44,16,5,812,0,15.78,0,0
TXN008847,777.62,19,8,1980,0,82.59,0,0
TXN008848,1238.26,13,1,1783,0,10.12,0,0
TXN008849,665.51,13,1,289,0,10.52,0,0
TXN008850,2141.12,12,2,924,0,362.17,0,0
TXN008851,7108.64,3,8,1697,0,11.83,0,0
TXN008852,515.79,12,3,1225,0,283.18,0,0
TXN008853,207.45,20,4,655,0,427.3,0,0
TXN008854,148.16,16,4,474,0,492.14,0,0
TXN008855,943.44,14,1,1244,0,359.18,0,0
TXN008856,565.01,17,2,112,0,558.86,0,0
TXN008857,1350.0,10,3,183,0,9.57,0,1
TXN008858,1252.13,3,8,463,0,1023.57,0,0
TXN008859,220.7,19,2,446,0,3.73,0,0
TXN008860,178.59,10,4,1953,0,32.78,1,0
TXN008861,1474.29,9,2,1750,0,15.19,0,0
TXN008862,1255.68,21,3,1292,0,245.26,0,0
TXN008863,716.36,12,4,1883,0,16.39,0,0
TXN008864,209.11,21,3,131,0,62.33,0,0
TXN008865,1757.05,7,4,1909,0,182.94,1,0
TXN008866,3912.37,12,5,191,0,124.05,0,0
TXN008867,1448.06,8,0,1691,0,26.36,1,0
TXN008868,469.9,0,2,1855,0,132.69,0,0
TXN008869,1146.6,0,1,671,0,74.97,0,0
TXN008870,279.75,14,2,328,0,158.71,0,0
TXN008871,3158.84,21,3,357,0,139.19,0,0
TXN008872,1190.16,3,0,1486,0,820.27,0,0
TXN008873,187.14,19,7,562,0,358.48,0,0
TXN008874,811.86,0,6,1705,0,0.66,0,0
TXN008875,1742.89,11,8,577,0,34.85,0,0
TXN008876,786.0,10,8,920,0,439.82,1,0
TXN008877,832.23,18,2,1822,0,139.56,0,0
TXN008878,322.34,14,2,1561,0,256.48,0,0
TXN008879,1932.44,20,3,455,0,126.03,0,0
TXN008880,573.37,9,4,1412,0,277.32,0,0
TXN008881,126.92,0,2,1197,0,25.64,0,0
TXN008882,756.53,23,4,1614,0,241.03,0,0
TXN008883,2925.29,2,0,1571,0,366.7,0,0
TXN008884,744.77,13,4,153,0,55.58,0,0
TXN008885,6235.32,14,1,766,1,82.7,0,0
TXN008886,1684.07,0,1,810,0,160.74,0,0
TXN008887,1538.8,9,2,202,0,364.82,0,0
TXN008888,964.49,21,3,550,0,429.07,0,0
TXN008889,1024.25,0,0,768,0,137.61,0,0
TXN008890,842.67,14,2,1721,0,193.16,0,0
TXN008891,810.56,2,4,1757,0,371.32,0,0
TXN008892,1864.72,20,5,1471,0,47.35,0,0
TXN008893,430.16,19,5,189,0,313.96,0,0
TXN008894,373.94,22,2,1172,1,54.65,0,0
TXN008895,356.67,21,3,990,0,156.58,0,0
TXN008896,8481.6,11,2,900,0,491.08,0,0
TXN008897,1863.74,18,4,118,0,128.95,0,0
TXN008898,1486.96,15,3,721,0,17.65,0,0
TXN008899,380.88,7,6,1383,0,407.08,0,0
TXN008900,2045.39,23,3,479,0,158.29,0,0
TXN008901,975.97,13,1,161,0,13.29,1,0
TXN008902,1358.54,17,4,1590,0,1.91,0,1
TXN008903,412.97,22,1,1645,0,54.51,0,0
TXN008904,1287.26,0,4,92,0,23.07,0,0
TXN008905,717.78,1,3,1861,0,178.21,0,0
TXN008906,509.99,23,0,137,0,163.46,0,0
TXN008907,2284.97,11,2,1890,0,330.86,0,0
TXN008908,235.64,16,2,1749,0,129.64,1,0
TXN008909,1929.04,1,4,1716,0,52.53,0,0
TXN008910,2174.35,16,4,1649,0,9.29,0,0
TXN008911,455.03,20,3,1440,0,1.9,0,1
TXN008912,482.83,6,2,1437,0,468.13,0,0
TXN008913,877.41,5,1,350,0,28.1,0,0
TXN008914,1453.95,5,2,1035,0,124.48,0,0
TXN008915,941.19,21,2,1947,0,285.06,0,0
TXN008916,1691.82,7,5,336,0,475.19,1,0
TXN008917,6393.13,4,2,789,0,40.55,0,0
TXN008918,660.03,14,6,310,0,47.5,0,0
TXN008919,197.32,6,5,237,0,35.67,0,0
TXN008920,2504.7,2,2,838,0,31.15,0,0
TXN008921,5903.58,9,0,546,0,109.24,0,0
TXN008922,1624.2,2,6,769,1,181.86,0,0
TXN008923,369.54,13,1,1245,0,220.51,0,0
TXN008924,968.85,21,0,1699,0,71.33,0,0
TXN008925,358.34,2,0,1641,0,175.98,0,0
TXN008926,2085.69,0,4,1867,0,0.43,0,0
TXN008927,283.92,0,4,948,0,394.51,0,0
TXN008928,812.3,18,4,651,1,366.9,0,0
TXN008929,401.68,3,4,195,0,141.38,0,0
TXN008930,1244.92,1,5,930,0,50.2,0,1
TXN008931,760.26,10,2,1114,0,645.07,0,0
TXN008932,1308.66,23,0,671,0,299.54,0,0
TXN008933,1121.42,11,4,32,0,3.08,0,0
TXN008934,408.85,12,2,676,0,114.16,0,0
TXN008935,2052.63,15,1,375,0,19.38,0,0
TXN008936,1044.44,15,3,1513,0,25.53,0,0
TXN008937,408.08,18,2,463,0,0.24,0,0
TXN008938,10310.59,22,4,985,0,209.49,0,0
TXN008939,1765.93,19,4,990,0,52.39,0,0
TXN008940,940.81,20,3,734,0,65.45,0,0
TXN008941,4515.2,19,3,382,0,8.67,0,1
TXN008942,6917.54,8,6,91,0,1.44,0,1
TXN008943,948.28,15,1,1363,0,283.27,0,0
TXN008944,1552.15,6,4,1298,0,194.93,0,0
TXN008945,408.3,12,2,1028,0,86.72,0,0
TXN008946,946.53,3,3,537,0,13.04,0,0
TXN008947,898.69,12,4,82,0,269.15,0,0
TXN008948,1319.26,7,2,1574,0,469.53,0,0
TXN008949,1529.6,1,2,1694,0,134.92,0,0
TXN008950,1919.52,6,3,428,0,26.93,0,0
TXN008951,1390.81,10,1,1910,0,190.28,0,0
TXN008952,326.77,16,3,1161,0,13.36,0,0
TXN008953,429.03,23,3,833,0,32.57,0,0
TXN008954,634.98,13,7,423,0,114.53,0,0
TXN008955,826.96,12,3,1428,0,51.55,0,0
TXN008956,3136.22,14,3,1615,0,479.22,0,0
TXN008957,342.77,21,6,1468,0,297.87,0,0
TXN008958,767.08,20,4,528,0,58.32,0,0
TXN008959,2844.12,8,4,753,0,597.34,0,0
TXN008960,812.51,2,4,98,0,85.55,0,0
TXN008961,1737.87,12,2,505,0,151.23,0,0
TXN008962,953.8,12,4,127,0,149.43,0,0
TXN008963,1417.69,8,3,1668,0,188.76,0,1
TXN008964,872.64,17,0,1923,1,50.26,0,0
TXN008965,2136.8,4,2,45,0,459.31,0,0
TXN008966,233.91,10,4,1132,0,55.59,0,0
TXN008967,762.57,1,2,1798,0,196.77,0,0
TXN008968,1475.24,16,3,1796,0,261.25,0,0
TXN008969,1870.0,22,5,1351,0,383.93,0,0
TXN008970,4880.25,19,2,439,0,109.9,0,0
TXN008971,741.72,20,0,1723,0,223.87,1,1
TXN008972,4814.95,3,7,1311,0,16.07,0,0
TXN008973,567.35,21,2,1264,0,270.93,0,0
TXN008974,4140.81,17,4,213,0,253.65,0,0
TXN008975,2483.61,23,2,1973,0,95.16,0,0
TXN008976,439.9,19,1,224,0,67.7,0,0
TXN008977,1490.76,7,3,69,1,86.1,0,0
TXN008978,1041.86,18,1,732,0,17.09,0,0
TXN008979,2049.98,11,1,482,0,182.8,0,0
TXN008980,877.19,10,5,1368,0,439.6,0,0
TXN008981,806.54,15,7,1021,0,197.24,0,0
TXN008982,4311.73,4,2,90,0,156.37,0,0
TXN008983,993.54,2,0,1745,0,842.07,0,0
TXN008984,2505.95,11,1,508,0,140.5,0,0
TXN008985,875.37,14,2,1897,0,76.39,0,0
TXN008986,5806.09,15,2,1800,0,219.53,0,0
TXN008987,556.5,12,4,65,0,132.65,0,0
TXN008988,593.39,6,3,1281,1,644.18,0,0
TXN008989,5036.75,14,2,572,0,410.82,0,0
TXN008990,702.79,2,2,1790,0,528.21,0,0
TXN008991,5437.5,11,2,1176,1,0.18,0,1
TXN008992,2675.36,7,3,292,0,73.22,0,0
TXN008993,939.5,11,2,152,0,177.62,1,1
TXN008994,178.88,17,2,247,0,66.35,0,0
TXN008995,1075.65,2,2,1399,0,192.31,0,0
TXN008996,1213.94,11,1,305,0,225.92,0,0
TXN008997,3523.53,22,2,1151,0,175.73,0,0
TXN008998,5369.27,20,0,958,0,110.33,0,0
TXN008999,552.81,22,2,1520,0,214.78,0,0
TXN009000,2443.49,1,1,942,0,272.85,0,0
TXN009001,2357.61,13,5,1538,0,214.38,0,0
TXN009002,3208.03,13,4,35,0,300.84,0,0
TXN009003,1805.68,3,3,152,0,529.6,0,0
TXN009004,157.2,16,5,1139,0,19.47,0,0
TXN009005,938.78,14,0,1795,0,426.41,0,0
TXN009006,345.26,15,3,1556,0,57.52,0,0
TXN009007,895.51,4,2,1134,0,149.33,0,1
TXN009008,2921.94,23,4,945,0,513.67,0,0
TXN009009,1487.94,16,2,391,0,174.2,0,0
TXN009010,3456.77,22,3,1479,0,15.83,0,0
TXN009011,1543.42,6,3,732,0,124.49,0,0
TXN009012,299.37,22,3,1820,0,404.57,0,0
TXN009013,88.16,14,4,70,0,95.61,0,0
TXN009014,1272.59,16,3,1783,0,339.05,0,1
TXN009015,885.43,11,3,1401,0,284.54,0,0
TXN009016,412.84,10,4,143,0,426.43,0,0
TXN009017,200.21,18,5,1930,0,54.95,1,0
TXN009018,525.98,10,1,229,0,123.53,0,0
TXN009019,902.81,1,5,1188,0,73.49,0,0
TXN009020,2134.27,14,1,228,0,137.55,0,1
TXN009021,1324.29,4,5,186,0,3.48,0,0
TXN009022,5475.66,17,4,1376,0,49.8,0,0
TXN009023,389.32,20,0,1965,0,657.19,0,0
TXN009024,2646.67,20,3,1564,0,166.35,0,0
TXN009025,1149.75,15,2,1898,0,34.26,0,0
TXN009026,2196.61,3,3,1359,0,127.79,0,0
TXN009027,708.74,22,4,879,0,215.51,0,0
TXN009028,3202.48,9,3,73,0,166.61,0,0
TXN009029,1473.25,21,5,1770,0,125.46,0,0
TXN009030,555.88,1,3,1852,0,201.73,0,0
TXN009031,1083.53,14,2,352,0,32.88,0,0
TXN009032,863.03,3,4,251,0,103.79,0,0
TXN009033,1788.58,15,4,288,0,249.72,0,0
TXN009034,337.05,6,5,631,0,155.92,0,0
TXN009035,1064.91,11,4,1503,0,426.14,0,0
TXN009036,1628.33,2,8,644,0,105.58,0,0
TXN009037,1133.45,16,2,1023,1,25.52,0,0
TXN009038,4217.26,8,2,1411,0,9.0,0,0
TXN009039,2378.02,7,4,746,0,116.82,0,0
TXN009040,1088.46,22,0,872,0,103.59,0,0
TXN009041,1361.97,5,7,898,0,53.35,0,0
TXN009042,1473.9,14,5,1316,0,160.71,0,0
TXN009043,1641.39,9,5,56,0,51.82,0,0
TXN009044,176.68,22,3,1060,0,43.88,0,0
TXN009045,811.17,5,3,1317,0,175.22,1,0
TXN009046,248.53,14,2,385,0,521.89,0,0
TXN009047,3937.42,13,3,583,0,40.79,0,0
TXN009048,1031.89,18,4,1274,0,36.34,0,0
TXN009049,903.85,12,5,1906,0,131.87,0,0
TXN009050,2688.66,13,1,1207,0,22.9,0,0
TXN009051,1672.92,2,3,602,0,62.69,0,0
TXN009052,354.73,3,2,305,0,843.16,0,0
TXN009053,1021.57,13,4,250,0,331.04,0,0
TXN009054,784.33,13,2,1644,0,220.43,0,0
TXN009055,191.61,7,3,1140,0,4.75,0,0
TXN009056,549.89,9,2,1644,0,55.44,0,0
TXN009057,912.75,8,0,80,0,151.78,0,0
TXN009058,977.55,13,5,871,0,222.99,0,0
TXN009059,249.08,7,2,1951,0,198.68,0,0
TXN009060,3469.15,10,2,269,0,36.92,0,0
TXN009061,990.19,9,2,1425,0,113.02,0,0
TXN009062,1138.6,17,3,157,0,39.83,0,0
TXN009063,1637.03,3,2,827,0,462.85,0,0
TXN009064,498.66,3,3,258,0,146.72,0,0
TXN009065,1730.83,11,3,1400,1,89.05,0,1
TXN009066,759.7,17,3,1966,0,450.23,0,0
TXN009067,447.38,7,4,224,0,421.74,0,0
TXN009068,1945.84,2,3,1992,0,126.25,0,0
TXN009069,4874.02,17,4,130,1,208.95,0,0
TXN009070,2263.87,6,3,1358,1,69.11,0,0
TXN009071,2759.98,0,2,1057,0,66.18,0,0
TXN009072,651.56,21,5,826,0,143.56,0,0
TXN009073,221.93,12,2,741,0,337.5,0,0
TXN009074,4866.54,2,5,191,0,163.66,0,0
TXN009075,8557.09,2,1,1293,0,110.59,0,1
TXN009076,5129.72,14,3,422,1,196.39,0,0
TXN009077,783.85,20,4,1239,0,301.12,1,0
TXN009078,345.63,18,6,1134,0,278.65,0,0
TXN009079,377.78,3,5,1639,0,83.34,0,0
TXN009080,203.62,12,6,1973,0,493.84,0,0
TXN009081,984.98,12,3,1749,0,2.86,0,0
TXN009082,5462.59,14,2,778,0,107.87,0,0
TXN009083,951.78,18,2,1779,0,428.55,0,0
TXN009084,1483.74,15,5,110,0,214.33,0,0
TXN009085,4339.86,6,3,1788,0,219.13,0,0
TXN009086,732.09,2,0,905,0,30.63,0,0
TXN009087,8396.17,19,3,1754,0,157.03,0,0
TXN009088,8039.28,1,2,230,0,613.75,0,0
TXN009089,961.88,17,3,732,0,42.78,0,0
TXN009090,615.52,10,1,711,0,71.33,0,0
TXN009091,2202.26,0,1,912,0,88.57,0,0
TXN009092,774.7,15,3,251,1,80.3,0,0
TXN009093,344.97,16,2,46,0,177.54,0,0
TXN009094,3949.08,15,1,1764,0,48.12,0,0
TXN009095,3701.33,9,0,267,0,126.83,0,0
TXN009096,1281.15,16,2,778,0,92.02,0,0
TXN009097,310.17,2,11,375,0,186.15,0,0
TXN009098,320.69,17,3,1298,0,49.86,0,1
TXN009099,1220.76,18,3,479,0,144.99,0,0
TXN009100,665.23,13,3,1357,0,242.73,0,0
TXN009101,779.7,20,4,1786,0,212.54,0,0
TXN009102,3047.15,1,4,1166,0,323.54,0,0
TXN009103,2282.85,11,3,1507,1,562.9,0,0
TXN009104,4350.92,10,5,446,0,346.31,0,0
TXN009105,407.23,16,3,1859,0,501.11,0,0
TXN009106,778.06,5,3,286,0,3.18,0,1
TXN009107,2342.52,18,4,84,0,178.45,0,0
TXN009108,1716.56,12,5,468,0,56.09,0,0
TXN009109,5076.52,6,4,1191,0,297.98,0,0
TXN009110,1669.93,21,6,1425,0,307.7,1,0
TXN009111,6961.21,10,0,1876,0,8.81,0,0
TXN009112,1881.86,6,5,1660,0,162.94,0,0
TXN009113,3172.16,12,4,1178,0,342.54,0,0
TXN009114,793.53,12,4,53,0,159.36,0,0
TXN009115,1112.41,20,3,1509,0,99.78,0,0
TXN009116,2726.96,0,2,825,0,14.38,0,0
TXN009117,5502.61,18,2,121,0,235.86,0,0
TXN009118,2273.87,18,2,525,0,13.96,0,0
TXN009119,1009.11,22,6,1417,0,164.0,0,0
TXN009120,4347.41,14,2,592,0,449.37,0,0
TXN009121,122.49,13,0,923,0,97.78,0,0
TXN009122,264.48,2,4,1995,0,264.67,0,0
TXN009123,2168.16,20,2,741,0,289.53,0,0
TXN009124,1112.21,19,7,1210,0,1.87,0,0
TXN009125,2009.24,3,4,1712,0,443.59,0,0
TXN009126,1169.59,6,3,122,0,37.66,0,0
TXN009127,1940.97,0,6,408,0,59.81,0,0
TXN009128,485.7,22,8,748,0,368.32,0,0
TXN009129,1940.08,23,4,508,0,208.84,0,0
TXN009130,2964.35,18,3,1058,0,83.7,0,0
TXN009131,3716.55,2,1,462,0,16.56,0,0
TXN009132,8213.66,19,1,1145,0,87.87,0,0
TXN009133,1399.82,14,3,340,0,610.42,0,0
TXN009134,1442.18,12,4,75,0,19.89,0,0
TXN009135,239.09,21,2,1196,0,336.9,1,0
TXN009136,644.57,13,2,791,0,70.83,0,0
TXN009137,904.08,6,1,1509,0,191.33,0,0
TXN009138,3134.8,0,2,253,0,179.72,0,0
TXN009139,595.26,12,0,196,1,70.9,0,0
TXN009140,2431.69,3,1,1028,0,10.05,0,0
TXN009141,1094.86,11,3,435,1,29.0,0,1
TXN009142,918.58,6,3,347,0,150.19,0,0
TXN009143,1406.55,1,4,1250,0,535.17,1,1
TXN009144,741.62,16,1,1895,0,468.1,0,0
TXN009145,714.06,0,3,700,0,21.68,0,0
TXN009146,199.38,13,3,962,0,374.63,1,0
TXN009147,855.81,21,3,692,0,47.94,0,0
TXN009148,678.6,20,2,1789,1,433.17,0,0
TXN009149,654.6,0,5,1781,0,255.75,0,0
TXN009150,1663.82,2,5,1953,0,585.18,0,0
TXN009151,2118.86,10,3,1042,0,104.92,0,0
TXN009152,1383.25,6,5,1352,0,236.74,0,0
TXN009153,2967.32,8,3,1091,0,239.23,0,0
TXN009154,1949.96,21,6,1708,0,123.39,0,0
TXN009155,816.43,2,3,1064,0,660.57,0,0
TXN009156,690.31,0,8,1334,0,50.27,0,0
TXN009157,1499.4,18,4,1463,0,771.14,0,0
TXN009158,1946.46,1,3,1555,0,300.95,0,0
TXN009159,4437.49,20,0,580,0,172.33,0,0
TXN009160,3608.95,23,2,85,0,14.15,0,0
TXN009161,638.12,4,3,898,0,54.04,0,0
TXN009162,990.29,16,3,1409,0,331.31,1,0
TXN009163,2145.26,18,4,1982,0,234.45,0,0
TXN009164,3190.71,4,4,141,0,591.94,0,0
TXN009165,2804.47,22,4,1417,0,90.99,0,0
TXN009166,1028.77,20,4,177,0,404.75,0,0
TXN009167,312.93,13,3,527,0,356.26,0,0
TXN009168,403.86,9,2,1361,0,609.36,0,0
TXN009169,1440.34,20,2,575,1,57.25,0,0
TXN009170,1544.14,6,3,1354,0,122.81,0,0
TXN009171,365.52,7,1,1385,0,15.2,0,0
TXN009172,1146.62,7,2,641,0,160.89,0,0
TXN009173,2061.57,6,1,801,0,237.23,0,0
TXN009174,346.81,12,4,810,0,48.93,0,0
TXN009175,3310.97,13,2,88,0,33.46,0,0
TXN009176,751.8,18,1,352,0,183.66,0,0
TXN009177,3856.88,10,2,1490,0,89.9,0,0
TXN009178,643.26,1,3,534,0,100.1,0,0
TXN009179,392.83,16,5,1454,0,114.66,0,0
TXN009180,693.58,5,2,484,0,128.95,0,0
TXN009181,997.1,8,6,407,0,39.16,0,0
TXN009182,743.61,18,2,586,1,155.18,0,1
TXN009183,883.59,4,4,332,0,12.89,0,0
TXN009184,1531.44,8,4,1259,0,21.69,0,0
TXN009185,924.1,6,1,1917,0,223.77,0,0
TXN009186,1026.48,3,3,653,0,236.64,0,0
TXN009187,198.5,17,1,782,0,55.74,0,0
TXN009188,1622.46,17,1,1463,0,36.76,0,0
TXN009189,1003.05,19,2,956,0,9.99,0,0
TXN009190,5487.86,16,3,909,1,97.71,0,0
TXN009191,428.56,3,0,1177,0,128.05,0,1
TXN009192,179.77,21,3,1724,0,413.49,0,0
TXN009193,2034.63,15,3,1517,0,0.44,0,0
TXN009194,1550.8,21,1,345,0,93.72,0,0
TXN009195,400.04,22,5,1566,1,97.83,0,0
TXN009196,237.52,4,5,1227,0,391.76,0,0
TXN009197,5102.05,8,2,1855,0,39.28,0,0
TXN009198,4510.26,1,1,1271,0,12.33,0,1
TXN009199,91.15,1,1,723,0,86.51,0,0
TXN009200,693.52,3,1,1752,0,170.56,0,1
TXN009201,5791.76,19,2,635,0,351.53,0,0
TXN009202,681.26,19,3,70,0,56.41,0,1
TXN009203,671.42,16,4,1104,0,52.1,0,1
TXN009204,826.53,19,1,1570,0,71.01,0,0
TXN009205,357.49,20,4,373,0,22.65,0,0
TXN009206,199.38,18,3,935,0,680.7,1,0
TXN009207,3141.79,2,2,707,0,140.02,0,0
TXN009208,173.65,4,2,960,0,57.2,0,0
TXN009209,1404.27,9,3,1759,0,80.82,0,0
TXN009210,2661.33,5,1,1018,0,361.73,0,0
TXN009211,256.92,2,2,688,1,201.6,0,0
TXN009212,435.17,16,2,707,0,145.02,0,0
TXN009213,3689.25,9,1,1490,0,232.25,0,0
TXN009214,1868.5,23,3,405,0,253.78,1,0
TXN009215,591.53,11,4,263,0,38.87,0,0
TXN009216,3649.15,0,3,591,0,31.1,0,0
TXN009217,3664.82,17,6,1387,0,612.38,0,0
TXN009218,1435.19,18,6,889,1,36.98,0,0
TXN009219,445.79,21,5,703,0,112.51,0,0
TXN009220,725.28,19,0,929,1,731.11,0,1
TXN009221,1460.28,3,1,1114,0,97.19,0,0
TXN009222,908.15,14,1,1932,0,130.19,0,0
TXN009223,2804.43,8,2,1910,0,288.23,0,0
TXN009224,237.51,5,4,1554,0,74.9,0,0
TXN009225,246.1,11,3,1812,0,101.51,0,0
TXN009226,1314.05,17,3,276,0,72.67,0,0
TXN009227,670.79,22,3,995,0,60.99,0,0
TXN009228,585.78,14,1,761,0,114.9,0,0
TXN009229,187.16,18,1,387,0,246.59,0,0
TXN009230,1118.28,8,4,422,0,363.52,0,0
TXN009231,1040.28,21,2,721,0,114.32,0,0
TXN009232,2107.97,23,2,367,0,69.69,0,0
TXN009233,1174.86,12,1,956,0,436.64,0,0
TXN009234,960.44,15,4,883,0,73.69,0,0
TXN009235,3558.17,12,3,1121,0,268.5,0,0
TXN009236,295.16,0,0,1214,0,248.54,0,0
TXN009237,1875.05,17,4,641,0,9.19,0,0
TXN009238,206.2,21,2,1043,0,35.2,0,0
TXN009239,474.2,2,3,856,0,153.11,1,1
TXN009240,326.15,16,1,1472,0,363.98,0,0
TXN009241,2396.93,21,2,1322,0,162.25,0,0
TXN009242,1027.2,4,5,620,0,244.36,0,0
TXN009243,1081.92,5,2,218,0,238.65,0,0
TXN009244,362.59,20,6,1150,0,122.75,0,0
TXN009245,812.65,16,2,1017,0,148.11,0,0
TXN009246,511.08,16,4,1357,0,13.31,0,0
TXN009247,1609.14,0,5,895,0,472.93,0,0
TXN009248,407.04,6,0,195,0,201.95,0,0
TXN009249,4145.56,21,3,1619,0,30.21,0,0
TXN009250,205.29,15,3,188,0,50.35,0,0
TXN009251,489.55,4,3,1102,0,0.84,0,0
TXN009252,5867.6,15,3,1518,0,55.18,0,0
TXN009253,709.71,3,2,691,0,68.53,0,0
TXN009254,294.45,10,0,253,0,206.87,0,0
TXN009255,1365.22,13,7,1978,0,116.55,0,0
TXN009256,681.71,12,1,222,0,333.02,0,0
TXN009257,475.39,23,2,1101,0,16.34,0,0
TXN009258,366.55,7,1,633,0,220.98,0,0
TXN009259,17472.33,20,1,134,0,374.15,0,1
TXN009260,852.73,19,2,991,0,98.46,0,0
TXN009261,159.88,14,5,310,0,61.33,0,1
TXN009262,4883.95,17,6,50,0,106.17,0,0
TXN009263,2020.44,6,5,1538,0,279.93,0,0
TXN009264,509.55,20,4,1847,0,452.49,0,0
TXN009265,431.33,18,2,1925,0,12.21,0,0
TXN009266,2150.54,8,4,670,0,135.34,0,0
TXN009267,856.69,10,3,1469,0,183.75,0,0
TXN009268,159.82,9,1,1638,1,3.17,0,0
TXN009269,6550.13,13,4,203,0,36.0,0,0
TXN009270,710.53,15,2,782,0,11.63,0,0
TXN009271,4893.05,7,5,290,0,61.74,0,0
TXN009272,3938.03,0,1,197,0,41.39,0,1
TXN009273,403.02,11,2,1198,0,120.08,0,0
TXN009274,3081.56,2,4,594,1,191.74,0,1
TXN009275,571.67,1,6,250,0,332.38,0,0
TXN009276,169.58,15,1,649,0,65.31,0,1
TXN009277,717.23,3,1,1392,0,9.31,0,0
TXN009278,1632.12,1,2,901,0,0.69,0,0
TXN009279,690.39,11,5,826,0,335.06,0,0
TXN009280,806.7,23,2,912,0,378.87,0,0
TXN009281,3441.17,16,0,1641,0,19.16,0,0
TXN009282,1219.86,19,5,677,0,1.84,0,0
TXN009283,471.87,20,3,1160,1,289.94,0,0
TXN009284,2212.84,9,1,584,0,184.26,0,0
TXN009285,1336.32,19,5,1788,0,146.21,0,0
TXN009286,88.09,7,2,172,0,137.13,0,0
TXN009287,1683.03,17,4,1215,0,267.51,0,0
TXN009288,1622.67,17,1,1655,0,62.49,0,0
TXN009289,1118.92,17,2,1947,0,88.71,0,0
TXN009290,2674.99,1,4,1984,0,14.59,0,0
TXN009291,559.82,11,5,1018,0,150.3,0,0
TXN009292,1535.33,9,3,1982,0,583.09,0,0
TXN009293,228.84,7,3,382,0,60.1,0,0
TXN009294,1647.63,18,2,257,0,476.75,0,0
TXN009295,7731.51,9,3,1330,1,235.15,0,0
TXN009296,405.51,10,4,688,0,47.95,0,0
TXN009297,512.96,13,12,1149,0,195.7,0,0
TXN009298,539.15,14,0,527,0,82.09,0,0
TXN009299,1248.87,23,2,1054,0,23.48,0,0
TXN009300,378.78,22,3,208,0,17.52,0,0
TXN009301,1671.12,9,6,190,0,3.13,0,0
TXN009302,2557.64,3,3,1591,0,287.74,1,0
TXN009303,1871.22,6,3,1991,1,389.07,0,1
TXN009304,187.09,10,4,339,0,118.59,0,0
TXN009305,2966.59,23,4,74,0,132.09,0,0
TXN009306,2799.98,21,4,1720,0,211.74,0,0
TXN009307,2515.34,21,3,848,0,217.26,0,0
TXN009308,1592.15,2,4,1081,0,70.52,1,0
TXN009309,1366.75,4,3,241,0,31.21,0,0
TXN009310,3079.09,1,3,1573,1,101.31,0,1
TXN009311,7506.42,11,6,1911,0,214.93,0,0
TXN009312,422.83,20,3,956,0,293.53,0,0
TXN009313,3223.19,4,1,1058,0,16.81,0,0
TXN009314,1006.05,6,3,1576,0,159.75,0,0
TXN009315,963.26,3,4,370,0,10.01,0,0
TXN009316,235.91,10,1,229,0,313.51,0,0
TXN009317,824.86,21,4,695,0,197.83,0,0
TXN009318,404.53,8,10,1687,0,214.7,0,0
TXN009319,689.62,3,3,1241,0,258.17,0,0
TXN009320,365.7,21,4,331,0,123.2,0,0
TXN009321,700.01,8,3,169,0,63.92,0,0
TXN009322,730.62,11,1,776,0,277.24,0,0
TXN009323,1208.04,15,4,42,0,270.4,0,0
TXN009324,218.16,0,0,1767,0,26.09,0,0
TXN009325,258.39,7,2,401,0,419.51,0,0
TXN009326,1574.85,0,2,1402,0,45.0,0,0
TXN009327,494.01,19,7,1317,0,65.87,1,1
TXN009328,3211.62,18,1,1479,0,43.78,0,0
TXN009329,1373.71,3,0,1042,0,606.53,0,0
TXN009330,2011.75,13,0,131,0,64.06,0,0
TXN009331,4494.87,22,0,1758,0,639.8,0,0
TXN009332,804.55,13,2,1446,0,182.87,0,0
TXN009333,617.4,8,4,1697,0,34.97,0,0
TXN009334,2622.03,8,2,1406,0,145.28,1,0
TXN009335,1825.33,16,2,1364,0,385.08,0,0
TXN009336,909.3,14,1,903,0,148.46,0,0
TXN009337,4409.24,9,5,1553,0,25.6,0,0
TXN009338,886.92,16,3,1266,0,60.87,0,0
TXN009339,1133.17,8,6,1432,0,45.84,0,0
TXN009340,1120.16,3,4,868,0,24.21,0,0
TXN009341,430.7,13,5,1108,0,71.36,0,0
TXN009342,1185.1,2,4,125,0,194.75,0,0
TXN009343,4432.68,20,2,1366,0,86.78,0,0
TXN009344,1711.23,11,1,1238,0,105.59,1,0
TXN009345,1131.23,21,2,452,0,69.59,1,0
TXN009346,932.84,0,6,697,0,935.62,0,1
TXN009347,1526.7,0,4,695,0,158.83,0,0
TXN009348,2321.03,12,2,534,0,323.11,0,0
TXN009349,2016.74,13,2,1666,0,104.8,0,0
TXN009350,786.93,15,1,383,0,33.24,0,0
TXN009351,1517.44,6,4,1126,1,337.69,0,1
TXN009352,1772.13,9,2,1891,0,259.48,0,0
TXN009353,400.54,14,2,51,0,72.03,0,0
TXN009354,1297.55,7,1,1254,0,167.84,0,0
TXN009355,126.3,10,2,202,0,17.66,0,0
TXN009356,1776.74,23,1,684,0,4.8,0,0
TXN009357,2122.49,13,2,478,0,304.47,0,0
TXN009358,2315.88,12,6,1405,0,512.29,0,0
TXN009359,738.75,22,2,1548,0,75.9,0,0
TXN009360,1493.75,12,2,1199,0,163.84,0,0
TXN009361,4554.88,8,6,1320,0,227.4,0,0
TXN009362,4508.72,16,3,1024,0,246.71,1,0
TXN009363,1065.1,17,2,1918,0,118.08,0,0
TXN009364,1260.57,18,6,417,0,171.01,0,0
TXN009365,3330.61,12,1,63,0,192.63,0,0
TXN009366,244.5,11,4,333,0,19.62,0,0
TXN009367,793.87,20,5,112,0,186.47,0,0
TXN009368,4169.58,19,4,1613,0,128.72,0,0
TXN009369,2907.94,19,2,1897,0,85.61,0,0
TXN009370,1586.47,7,3,1349,0,54.62,0,0
TXN009371,243.27,23,2,1752,0,182.86,0,0
TXN009372,1043.24,10,0,513,0,32.84,0,0
TXN009373,607.95,6,2,1997,1,299.72,0,1
TXN009374,1526.97,0,0,1350,0,33.93,0,0
TXN009375,488.16,9,6,1459,0,265.81,0,0
TXN009376,393.18,14,6,396,0,306.1,0,0
TXN009377,139.09,3,8,349,0,505.38,0,0
TXN009378,3721.21,0,4,1257,0,112.01,0,0
TXN009379,735.26,10,8,78,0,11.84,0,0
TXN009380,1283.24,4,2,659,0,203.8,0,0
TXN009381,1094.18,18,5,1748,0,59.79,0,0
TXN009382,377.12,18,1,1657,0,17.52,0,0
TXN009383,311.36,3,6,300,0,348.54,0,0
TXN009384,401.29,1,4,1697,0,27.09,0,0
TXN009385,532.1,6,6,1701,0,127.07,0,0
TXN009386,1582.25,12,1,508,0,279.65,0,0
TXN009387,494.86,19,4,1948,0,39.96,0,0
TXN009388,6288.58,20,3,1881,1,408.51,0,0
TXN009389,3063.0,11,3,1692,0,72.51,0,0
TXN009390,2461.09,1,4,375,0,90.88,0,0
TXN009391,972.96,21,3,1952,0,25.38,0,0
TXN009392,4985.46,8,5,772,0,186.14,0,0
TXN009393,881.83,15,1,1956,0,123.09,0,0
TXN009394,1062.88,7,3,876,0,658.05,0,0
TXN009395,1299.81,23,4,241,0,215.72,0,0
TXN009396,2212.38,17,3,942,0,256.13,0,0
TXN009397,2073.32,3,0,921,0,39.96,0,0
TXN009398,681.89,23,5,1277,0,224.55,0,0
TXN009399,643.55,10,3,1575,0,146.71,0,0
TXN009400,2079.54,16,2,109,0,93.1,0,0
TXN009401,2242.25,7,4,141,1,274.73,0,0
TXN009402,740.0,18,4,1847,0,691.54,0,0
TXN009403,224.26,7,4,307,0,17.92,0,1
TXN009404,891.3,5,5,428,1,279.97,0,1
TXN009405,2045.76,22,1,541,0,453.46,0,0
TXN009406,6670.28,1,5,1623,1,68.15,0,0
TXN009407,330.97,14,2,793,1,81.18,0,0
TXN009408,715.82,0,5,1881,0,285.05,0,0
TXN009409,742.93,5,2,361,0,552.85,0,0
TXN009410,4254.81,18,1,196,0,503.2,0,0
TXN009411,1058.98,3,3,928,0,10.3,0,0
TXN009412,442.6,12,3,473,0,369.23,0,0
TXN009413,1917.34,14,4,1746,0,158.94,0,0
TXN009414,731.69,8,2,1461,0,98.4,0,0
TXN009415,322.34,2,2,1492,0,336.2,0,0
TXN009416,449.09,1,3,543,0,290.09,0,0
TXN009417,6210.78,15,0,1761,0,128.16,0,0
TXN009418,1610.35,17,2,436,0,95.19,0,0
TXN009419,1221.41,17,1,1435,0,115.12,0,0
TXN009420,854.15,5,4,1112,0,68.98,0,0
TXN009421,1468.72,17,2,598,1,205.39,0,0
TXN009422,1451.33,10,2,1012,0,400.67,0,0
TXN009423,1468.75,6,1,741,0,51.9,0,0
TXN009424,1230.09,22,3,1479,0,314.26,0,0
TXN009425,2614.42,22,1,1673,0,80.54,0,0
TXN009426,1122.27,13,4,1193,0,25.45,0,0
TXN009427,412.43,17,6,230,0,7.44,0,0
TXN009428,594.41,6,6,1640,0,117.49,0,0
TXN009429,151.56,9,2,266,0,151.21,0,0
TXN009430,8323.33,7,4,508,0,1.09,0,1
TXN009431,2598.67,23,2,1566,0,190.32,0,0
TXN009432,478.15,13,2,1920,0,131.56,0,1
TXN009433,827.29,17,4,1619,0,1072.52,0,0
TXN009434,580.06,4,4,789,0,19.87,0,0
TXN009435,5128.39,13,4,840,0,219.75,0,0
TXN009436,265.1,21,5,987,0,44.04,0,0
TXN009437,1229.64,21,3,1964,0,41.6,0,0
TXN009438,983.85,21,3,548,0,3.4,0,1
TXN009439,2506.99,9,4,441,0,1.18,0,0
TXN009440,988.3,14,6,781,0,37.18,0,0
TXN009441,189.01,5,4,1827,1,34.74,0,0
TXN009442,853.1,8,1,817,0,0.08,0,0
TXN009443,414.82,9,4,1909,0,227.31,0,1
TXN009444,1187.47,22,4,967,0,126.09,0,0
TXN009445,4601.68,16,0,1603,0,90.8,0,0
TXN009446,192.59,0,5,731,0,19.73,0,0
TXN009447,492.64,13,0,873,0,73.14,0,0
TXN009448,631.0,3,2,1824,0,114.48,0,0
TXN009449,748.72,1,2,1209,0,1122.99,0,0
TXN009450,2298.76,2,4,41,0,128.62,0,0
TXN009451,921.92,6,3,1812,0,3.55,0,0
TXN009452,1662.04,22,6,877,0,41.92,0,0
TXN009453,586.53,13,5,201,0,78.8,0,0
TXN009454,1380.12,11,3,1580,0,109.56,0,0
TXN009455,2387.01,18,2,1427,0,201.91,0,0
TXN009456,527.26,17,3,340,0,160.75,0,0
TXN009457,2395.53,14,5,1148,0,128.13,0,0
TXN009458,1155.6,0,4,274,0,327.51,0,0
TXN009459,3119.6,2,3,367,0,39.32,0,0
TXN009460,896.57,14,2,1997,0,14.59,0,0
TXN009461,1605.59,3,3,1827,0,327.86,0,0
TXN009462,1053.0,14,3,93,0,111.64,0,0
TXN009463,996.04,9,4,750,1,145.08,0,1
TXN009464,1420.74,5,1,756,0,326.95,0,0
TXN009465,1875.83,12,11,1600,0,524.76,0,0
TXN009466,314.33,6,2,495,0,144.53,0,0
TXN009467,4599.18,21,2,40,0,301.08,1,0
TXN009468,170.77,0,3,820,0,141.66,0,0
TXN009469,552.91,21,1,1366,0,6.1,0,0
TXN009470,997.98,10,3,1134,0,561.66,0,0
TXN009471,1656.32,13,4,1635,0,306.44,0,0
TXN009472,5303.77,5,3,1013,0,252.01,1,0
TXN009473,171.01,4,0,399,0,104.96,0,0
TXN009474,660.04,18,4,1218,1,514.22,1,1
TXN009475,130.73,18,3,1116,0,121.15,0,0
TXN009476,1131.86,12,5,109,1,229.64,0,1
TXN009477,1438.97,6,5,1082,0,19.08,0,0
TXN009478,5381.89,7,3,1049,0,44.46,0,0
TXN009479,1237.24,13,3,1553,0,99.36,0,0
TXN009480,3115.13,18,3,1735,0,156.71,0,0
TXN009481,1966.16,18,4,1721,0,294.77,1,0
TXN009482,709.64,22,5,1965,0,49.61,0,0
TXN009483,268.01,11,3,1504,0,267.98,0,0
TXN009484,1443.75,22,2,1671,0,397.3,1,0
TXN009485,246.63,8,3,1013,0,307.12,0,0
TXN009486,4004.63,13,2,303,0,175.31,0,0
TXN009487,932.56,5,2,973,0,298.92,0,0
TXN009488,3623.43,14,1,1454,0,377.94,0,0
TXN009489,678.43,12,0,270,0,145.78,0,0
TXN009490,1434.9,6,7,1383,0,299.08,0,0
TXN009491,1352.01,10,6,1282,0,98.4,0,0
TXN009492,1048.33,9,8,694,0,133.05,0,0
TXN009493,711.48,0,1,385,0,9.73,0,1
TXN009494,1623.69,6,3,1548,0,386.96,0,0
TXN009495,434.34,17,0,333,0,27.23,0,0
TXN009496,327.2,22,3,372,0,58.18,0,0
TXN009497,3800.27,2,4,207,0,68.75,0,0
TXN009498,2269.17,8,6,1072,0,22.17,0,0
TXN009499,1171.33,4,5,1384,0,458.62,0,0
TXN009500,5797.27,22,3,1094,1,631.38,0,0
TXN009501,839.02,23,3,290,0,360.71,0,0
TXN009502,4116.27,12,3,1315,0,76.54,0,0
TXN009503,1307.11,15,7,416,0,10.23,0,0
TXN009504,393.57,15,4,330,0,36.36,0,0
TXN009505,6960.73,11,4,1283,0,266.19,0,0
TXN009506,2953.4,17,4,616,0,60.63,0,0
TXN009507,971.63,10,5,1754,0,401.62,0,0
TXN009508,2269.17,16,3,1165,0,324.47,0,0
TXN009509,732.38,6,2,392,0,48.68,0,0
TXN009510,2512.79,14,1,775,0,212.83,0,0
TXN009511,100.38,5,6,205,0,105.11,0,0
TXN009512,395.52,5,4,437,0,43.56,0,0
TXN009513,2919.77,17,5,1419,0,160.54,0,0
TXN009514,854.35,18,2,589,0,326.92,0,0
TXN009515,1349.57,19,1,439,0,470.6,0,0
TXN009516,285.21,18,1,206,0,10.89,0,0
TXN009517,6959.53,1,0,1527,0,97.66,0,0
TXN009518,3606.63,2,2,1781,1,166.93,0,0
TXN009519,897.23,13,4,773,0,74.25,0,0
TXN009520,731.65,21,2,1492,0,68.8,0,0
TXN009521,3070.53,3,2,929,0,266.06,0,0
TXN009522,7962.28,21,2,78,0,274.61,0,0
TXN009523,2846.26,16,2,1663,0,234.96,0,0
TXN009524,9621.95,5,3,841,0,411.83,0,0
TXN009525,436.0,18,6,1850,0,122.87,0,0
TXN009526,483.29,8,3,311,0,279.05,0,0
TXN009527,333.97,3,4,1520,0,2.03,0,0
TXN009528,1705.75,6,3,498,0,787.75,0,0
TXN009529,1307.15,3,2,1264,0,452.91,0,0
TXN009530,942.04,10,1,1180,0,331.39,0,0
TXN009531,2463.3,21,6,1051,1,159.51,0,0
TXN009532,3760.58,22,5,1370,0,141.41,0,0
TXN009533,238.49,1,5,325,0,29.28,0,0
TXN009534,603.67,9,4,643,0,9.99,0,0
TXN009535,2490.26,5,5,1072,0,53.2,0,0
TXN009536,686.95,7,4,751,0,29.46,0,0
TXN009537,493.63,14,1,683,0,148.11,0,0
TXN009538,3036.73,12,2,1344,0,72.77,0,0
TXN009539,302.02,21,3,879,0,88.34,0,0
TXN009540,811.12,1,3,1913,0,4.81,0,0
TXN009541,1523.31,19,7,1200,0,143.18,0,0
TXN009542,617.81,0,1,1142,0,192.17,0,0
TXN009543,2399.84,14,3,876,0,73.27,0,0
TXN009544,620.87,6,3,269,0,25.33,0,0
TXN009545,4485.56,23,7,1934,0,218.97,0,0
TXN009546,967.05,17,7,928,0,24.86,0,0
TXN009547,2145.81,9,3,884,0,305.55,0,0
TXN009548,2312.36,14,3,1487,0,142.15,0,0
TXN009549,585.5,4,2,1802,1,48.79,0,1
TXN009550,140.68,23,4,681,0,412.19,0,0
TXN009551,1573.02,10,2,1149,0,27.52,0,0
TXN009552,1178.84,7,3,1040,0,165.47,0,0
TXN009553,1911.85,20,4,211,0,172.99,0,0
TXN009554,874.34,7,6,889,0,6.84,0,0
TXN009555,713.06,5,2,767,0,169.36,0,0
TXN009556,8172.03,14,3,222,0,213.28,0,0
TXN009557,251.55,14,1,1191,0,433.7,0,0
TXN009558,2284.61,4,1,399,0,222.16,0,0
TXN009559,617.33,12,1,1848,0,119.25,1,0
TXN009560,783.85,13,4,1641,0,345.49,0,0
TXN009561,798.63,10,3,522,0,78.59,0,0
TXN009562,491.06,19,2,897,0,348.22,0,0
TXN009563,1941.52,20,4,1298,0,334.39,0,0
TXN009564,4405.65,11,3,894,1,166.59,0,1
TXN009565,1754.63,19,3,1889,0,76.06,0,0
TXN009566,1216.07,0,1,1458,0,161.02,0,0
TXN009567,408.94,2,0,1201,0,425.41,0,0
TXN009568,1838.72,7,5,399,0,182.18,0,0
TXN009569,9474.41,22,3,686,0,329.88,0,0
TXN009570,749.42,11,4,145,0,76.06,0,0
TXN009571,752.96,14,3,1355,0,62.23,0,0
TXN009572,625.72,22,5,959,0,53.19,0,0
TXN009573,672.22,2,2,875,0,121.64,0,0
TXN009574,70.44,21,2,1575,0,101.81,0,0
TXN009575,1644.24,7,1,150,0,346.62,0,0
TXN009576,470.81,23,1,1713,0,21.5,1,1
TXN009577,219.15,18,8,987,0,145.36,0,0
TXN009578,2328.99,19,3,1280,0,92.97,0,0
TXN009579,371.66,5,0,1988,0,499.27,0,0
TXN009580,781.59,17,2,760,0,279.54,0,0
TXN009581,4752.58,10,1,1883,0,102.24,0,0
TXN009582,267.95,11,1,108,0,184.2,0,0
TXN009583,236.84,22,7,1008,0,246.39,0,0
TXN009584,1435.55,1,4,1399,0,13.28,1,0
TXN009585,3461.6,4,2,169,0,201.6,0,0
TXN009586,227.16,3,3,1589,0,27.04,0,0
TXN009587,1648.61,8,5,850,0,37.7,0,1
TXN009588,1960.59,12,3,769,0,111.32,0,0
TXN009589,139.89,12,2,318,0,699.3,0,0
TXN009590,2436.95,14,6,1890,0,547.17,0,0
TXN009591,2634.91,1,4,358,0,418.6,0,0
TXN009592,802.89,22,3,901,0,6.29,0,1
TXN009593,3836.62,12,0,1483,0,344.92,0,0
TXN009594,3416.79,6,3,129,0,269.43,0,0
TXN009595,1215.75,22,5,1654,0,124.33,0,0
TXN009596,698.23,16,3,1060,0,70.86,0,0
TXN009597,414.54,7,1,1919,0,253.6,0,0
TXN009598,1056.2,17,4,1224,0,20.38,0,0
TXN009599,1938.67,14,4,1316,0,189.2,0,0
TXN009600,793.0,14,3,1916,0,200.59,0,0
TXN009601,121.81,4,4,401,0,145.22,0,0
TXN009602,3899.93,1,2,1882,0,378.35,0,0
TXN009603,1326.4,15,1,573,0,72.05,0,0
TXN009604,750.23,4,5,754,0,117.07,0,0
TXN009605,2584.17,22,2,526,0,255.88,0,0
TXN009606,5037.37,5,2,1112,0,227.02,0,0
TXN009607,66.56,11,3,364,1,148.79,0,0
TXN009608,1693.01,4,5,59,0,57.18,0,0
TXN009609,263.31,19,3,1313,0,62.73,0,0
TXN009610,1806.43,7,3,1599,0,243.31,0,0
TXN009611,1246.29,10,2,1190,0,1.04,0,0
TXN009612,2070.88,13,2,345,0,190.38,0,0
TXN009613,665.64,23,4,489,0,51.37,0,0
TXN009614,168.47,16,3,763,0,201.2,0,0
TXN009615,698.99,9,0,1461,0,37.25,0,1
TXN009616,1647.23,1,3,1680,0,85.02,0,0
TXN009617,3027.2,2,2,1236,0,252.3,0,0
TXN009618,339.74,12,2,276,0,253.32,0,0
TXN009619,3062.73,16,2,1082,0,42.36,0,0
TXN009620,573.71,2,3,1363,0,84.97,0,0
TXN009621,1575.69,9,5,208,0,125.67,0,0
TXN009622,658.59,7,2,1558,0,159.33,0,0
TXN009623,1315.76,3,7,1430,0,244.17,0,0
TXN009624,2675.46,12,3,307,0,4.31,0,0
TXN009625,321.5,6,1,1536,0,22.06,0,0
TXN009626,555.63,6,4,1329,0,30.9,1,1
TXN009627,1319.44,15,1,1346,0,38.08,0,0
TXN009628,12107.54,4,3,1181,0,5.53,0,1
TXN009629,462.58,16,3,1798,1,455.69,0,1
TXN009630,8434.91,9,4,336,0,31.85,0,0
TXN009631,8139.01,3,0,1126,0,13.77,1,0
TXN009632,994.95,22,0,402,0,114.87,0,0
TXN009633,813.91,13,2,755,0,510.0,0,0
TXN009634,548.91,4,2,463,0,600.3,0,0
TXN009635,1024.33,1,1,1773,0,203.09,0,0
TXN009636,268.62,13,2,1887,0,35.36,0,0
TXN009637,1016.13,23,2,1115,0,0.68,0,1
TXN009638,4899.46,17,2,1817,0,73.44,0,0
TXN009639,595.21,23,2,1097,0,24.13,0,0
TXN009640,862.02,10,0,1423,0,253.24,0,0
TXN009641,200.11,15,4,1844,0,625.89,0,0
TXN009642,1594.1,17,3,890,0,15.74,0,0
TXN009643,1428.64,15,0,552,0,91.03,0,0
TXN009644,1168.76,20,5,723,0,418.97,0,1
TXN009645,882.87,3,2,724,0,234.54,0,0
TXN009646,818.31,0,2,90,0,366.94,0,0
TXN009647,1811.48,13,3,512,1,461.46,0,0
TXN009648,1065.48,11,1,1233,0,95.77,0,0
TXN009649,1502.63,23,2,1688,0,212.95,0,0
TXN009650,1359.65,9,1,51,0,222.41,0,0
TXN009651,3372.56,18,4,544,0,179.36,1,0
TXN009652,2158.12,3,3,780,0,70.95,0,0
TXN009653,1329.9,19,5,745,0,321.26,0,0
TXN009654,5006.15,20,3,1051,0,263.68,0,0
TXN009655,1669.48,2,4,862,0,106.05,0,0
TXN009656,4043.89,3,0,787,0,98.35,0,0
TXN009657,2012.12,14,5,1751,0,1.95,0,1
TXN009658,173.83,10,2,712,0,333.78,0,0
TXN009659,4043.37,15,2,887,1,60.13,0,1
TXN009660,1255.36,3,6,1023,1,114.55,1,0
TXN009661,1041.11,5,2,602,0,95.37,0,0
TXN009662,1452.95,7,3,1402,0,204.05,0,0
TXN009663,776.67,12,9,1618,0,89.0,0,0
TXN009664,1376.13,22,3,702,0,35.66,0,0
TXN009665,606.75,19,3,253,0,365.33,0,0
TXN009666,3921.67,3,5,566,0,36.5,0,0
TXN009667,978.88,4,3,335,0,5.19,1,1
TXN009668,748.01,9,3,332,0,39.32,0,0
TXN009669,434.88,4,5,663,0,109.3,0,0
TXN009670,1434.79,11,6,1751,0,99.06,0,0
TXN009671,1322.27,0,5,1409,0,286.42,1,1
TXN009672,1617.16,23,5,607,0,39.03,0,0
TXN009673,392.58,9,6,1772,0,268.99,0,0
TXN009674,221.15,4,1,1322,0,18.24,0,0
TXN009675,2049.99,18,4,1991,0,115.53,0,0
TXN009676,4839.86,18,2,44,0,360.89,0,0
TXN009677,392.94,19,2,547,0,95.87,1,1
TXN009678,5374.61,11,6,282,0,594.8,0,0
TXN009679,1456.67,22,1,1138,0,179.47,0,0
TXN009680,1088.92,15,6,1607,1,254.39,0,0
TXN009681,736.9,4,2,759,0,128.35,0,0
TXN009682,274.65,16,4,192,0,101.1,0,0
TXN009683,2944.6,13,6,1290,0,15.93,0,0
TXN009684,504.92,11,3,1135,0,23.0,0,0
TXN009685,502.8,12,1,803,0,152.63,0,0
TXN009686,2956.99,20,1,619,0,171.17,0,0
TXN009687,166.84,13,9,431,0,753.03,1,0
TXN009688,238.99,4,4,840,1,351.02,0,0
TXN009689,1076.93,21,4,177,0,334.98,0,0
TXN009690,1470.39,22,3,1004,0,60.79,0,0
TXN009691,1780.65,4,4,1490,0,95.52,0,0
TXN009692,810.95,17,3,1674,0,19.39,0,0
TXN009693,13771.68,13,4,1613,0,156.81,0,0
TXN009694,873.15,17,4,1208,0,12.97,0,0
TXN009695,870.63,19,3,1641,0,106.58,0,0
TXN009696,494.24,0,3,158,0,150.33,0,0
TXN009697,1241.29,6,0,148,1,46.62,0,0
TXN009698,2028.32,16,1,1323,0,268.85,0,0
TXN009699,3654.0,2,3,445,0,202.22,0,0
TXN009700,247.33,9,1,864,0,28.8,0,0
TXN009701,857.49,6,5,1063,0,740.77,0,0
TXN009702,1714.2,11,0,1463,1,140.58,0,0
TXN009703,1972.5,21,4,1276,0,4.82,0,0
TXN009704,1103.84,14,2,871,0,77.57,0,0
TXN009705,1886.4,22,5,1630,1,698.07,0,0
TXN009706,488.35,20,1,207,0,418.67,0,0
TXN009707,5207.76,15,5,1230,0,29.5,0,0
TXN009708,2959.06,7,1,573,0,347.59,0,0
TXN009709,285.74,5,1,1904,0,173.41,0,0
TXN009710,374.24,3,3,606,0,3.96,0,0
TXN009711,384.94,10,4,1079,0,254.96,0,0
TXN009712,2160.23,16,3,1250,1,95.84,0,0
TXN009713,303.47,1,1,1463,0,90.79,0,0
TXN009714,787.59,5,7,771,0,86.86,0,0
TXN009715,1727.97,3,5,1118,0,163.39,0,0
TXN009716,1026.42,2,3,1531,0,225.45,0,0
TXN009717,1420.68,6,4,1806,0,187.76,0,0
TXN009718,377.74,6,2,425,0,49.82,0,0
TXN009719,1987.94,15,1,1537,1,220.84,0,0
TXN009720,593.95,1,1,1857,0,26.21,0,0
TXN009721,792.65,7,2,1717,0,639.41,0,0
TXN009722,1390.94,14,4,967,0,115.51,0,0
TXN009723,1215.7,15,2,1876,0,17.24,0,0
TXN009724,1123.25,0,2,212,0,154.71,0,0
TXN009725,517.69,9,2,1654,0,154.86,0,0
TXN009726,812.77,6,3,293,0,7.13,0,0
TXN009727,1099.03,15,3,1754,0,1.97,0,1
TXN009728,277.25,9,4,56,0,998.52,0,0
TXN009729,690.54,11,1,1304,0,89.0,0,0
TXN009730,1615.95,16,3,537,0,50.7,0,0
TXN009731,305.69,12,1,732,0,142.82,0,0
TXN009732,3486.25,11,5,157,0,1.51,0,0
TXN009733,3903.44,14,0,1469,0,2.34,0,0
TXN009734,315.72,13,6,857,0,21.54,1,0
TXN009735,4262.54,18,3,448,0,291.99,0,0
TXN009736,949.96,18,3,1709,0,51.36,0,0
TXN009737,1666.56,13,4,1473,0,126.02,0,0
TXN009738,667.37,17,0,853,0,45.56,0,0
TXN009739,2760.16,4,3,1723,0,141.67,0,0
TXN009740,1645.98,19,4,1282,0,127.96,0,0
TXN009741,485.82,5,4,922,0,92.17,0,0
TXN009742,342.0,17,3,573,0,102.19,0,0
TXN009743,254.6,13,1,1132,0,190.71,0,0
TXN009744,1323.38,3,2,818,0,332.3,1,1
TXN009745,1943.94,22,2,1109,0,69.26,0,0
TXN009746,2102.68,0,0,1989,0,136.73,0,0
TXN009747,974.59,12,2,890,0,346.56,0,0
TXN009748,344.81,10,0,1107,0,33.09,0,0
TXN009749,554.42,2,7,1467,0,700.22,0,0
TXN009750,3471.52,16,0,1526,0,249.99,0,0
TXN009751,675.44,17,3,1585,0,82.06,0,0
TXN009752,1265.75,9,6,231,0,84.65,0,0
TXN009753,374.04,15,5,252,0,41.37,0,0
TXN009754,1535.46,20,1,1182,0,56.13,0,0
TXN009755,693.89,12,2,359,0,159.19,0,0
TXN009756,3123.51,19,5,1711,0,0.67,0,0
TXN009757,2376.91,11,3,910,0,4.22,0,0
TXN009758,668.0,3,3,1793,0,774.6,0,0
TXN009759,966.17,7,4,1494,1,48.34,0,1
TXN009760,632.0,11,3,1880,0,318.49,0,0
TXN009761,265.22,18,3,925,0,170.6,0,0
TXN009762,465.24,14,3,157,1,106.3,0,1
TXN009763,1337.05,15,2,1194,0,237.14,1,0
TXN009764,1518.17,11,4,1853,0,9.24,0,0
TXN009765,1272.26,19,5,499,0,253.96,0,0
TXN009766,811.0,17,3,611,0,350.07,0,0
TXN009767,2787.96,21,3,190,0,59.19,0,0
TXN009768,1168.58,11,2,1502,0,64.62,1,0
TXN009769,2215.55,15,2,544,1,19.57,0,0
TXN009770,186.09,19,1,1442,0,348.7,0,0
TXN009771,21.71,10,6,911,1,296.96,0,0
TXN009772,1456.49,21,4,553,0,99.68,0,0
TXN009773,263.81,19,2,1342,0,85.39,0,0
TXN009774,886.74,13,5,1542,0,100.4,0,0
TXN009775,810.7,1,5,1080,0,98.16,0,0
TXN009776,5363.65,12,4,398,0,101.06,0,0
TXN009777,1635.98,13,5,1946,0,28.35,0,0
TXN009778,1294.47,5,3,1066,0,2.44,1,1
TXN009779,2532.57,11,3,1419,0,258.72,0,0
TXN009780,1585.25,6,6,152,0,75.82,0,0
TXN009781,693.9,3,1,744,0,121.52,0,0
TXN009782,3201.82,6,1,1307,0,66.12,0,0
TXN009783,361.5,12,1,744,0,86.52,0,0
TXN009784,1515.12,10,1,705,0,14.01,0,0
TXN009785,233.32,7,3,1414,0,83.25,0,0
TXN009786,1344.72,18,5,1239,0,111.96,0,0
TXN009787,1330.07,1,0,349,0,321.99,0,1
TXN009788,5863.22,20,3,1487,0,70.0,0,0
TXN009789,229.3,17,2,663,0,16.69,0,0
TXN009790,601.31,20,4,1744,0,256.28,0,0
TXN009791,2496.59,9,4,673,0,84.78,0,0
TXN009792,1533.51,5,1,1353,0,444.49,0,0
TXN009793,1313.31,23,2,559,0,575.11,0,0
TXN009794,421.52,21,2,1071,0,369.82,0,0
TXN009795,607.4,3,3,1529,0,46.26,0,0
TXN009796,3808.69,18,0,1059,0,52.7,0,0
TXN009797,1041.58,13,1,1240,0,284.49,0,0
TXN009798,1596.17,13,4,1756,0,106.34,0,0
TXN009799,977.32,17,2,72,0,63.64,0,0
TXN009800,335.93,16,3,1303,0,62.64,0,0
TXN009801,2790.04,17,1,1250,0,155.07,0,0
TXN009802,1813.9,17,1,1037,0,405.73,0,0
TXN009803,10999.85,4,2,1256,0,173.66,0,0
TXN009804,397.19,8,3,806,0,174.3,0,0
TXN009805,2496.32,0,4,1972,0,247.35,0,0
TXN009806,295.44,3,3,1832,0,257.11,0,0
TXN009807,1283.5,6,3,218,0,432.33,0,0
TXN009808,2911.74,10,2,876,0,31.84,0,0
TXN009809,138.08,13,4,502,0,751.59,0,0
TXN009810,893.43,9,1,302,0,71.77,0,0
TXN009811,624.4,18,2,719,0,59.52,0,0
TXN009812,543.51,7,2,978,0,128.32,0,0
TXN009813,1611.97,2,5,1143,0,55.26,0,1
TXN009814,3363.33,7,6,299,0,47.73,0,0
TXN009815,959.8,17,4,580,0,612.97,0,0
TXN009816,1346.8,4,3,1173,0,19.77,0,0
TXN009817,1229.43,19,1,596,0,827.91,0,0
TXN009818,1098.61,10,3,1293,0,175.34,1,0
TXN009819,368.95,8,2,1318,0,573.12,0,0
TXN009820,3322.41,18,2,1244,0,409.85,0,0
TXN009821,1473.2,11,1,1336,0,188.15,0,0
TXN009822,1627.63,4,4,704,0,160.42,0,0
TXN009823,489.55,15,5,888,0,883.9,0,0
TXN009824,692.83,12,1,1810,0,130.33,0,0
TXN009825,919.53,5,3,493,1,35.45,1,0
TXN009826,236.48,15,2,857,0,891.69,0,0
TXN009827,202.75,17,4,1779,0,70.35,0,0
TXN009828,601.4,16,1,827,0,16.47,0,0
TXN009829,1849.22,11,4,1143,0,227.15,0,0
TXN009830,570.7,0,0,388,0,106.32,0,0
TXN009831,395.91,6,5,409,0,88.39,0,0
TXN009832,485.57,13,4,196,0,179.75,0,0
TXN009833,695.52,17,3,721,0,9.77,0,0
TXN009834,769.81,22,3,645,0,215.65,0,0
TXN009835,9561.71,0,3,599,0,126.01,0,0
TXN009836,3148.31,19,3,1886,0,121.29,1,1
TXN009837,3055.73,9,3,1257,0,414.53,0,0
TXN009838,3528.33,14,2,155,0,320.24,1,0
TXN009839,403.9,10,3,1518,0,136.51,0,0
TXN009840,322.99,3,3,374,0,155.44,0,0
TXN009841,362.54,14,4,698,0,296.08,0,0
TXN009842,4165.14,20,2,796,0,95.37,0,0
TXN009843,634.48,15,5,1479,0,200.23,0,0
TXN009844,313.76,14,1,569,0,140.08,0,0
TXN009845,712.66,16,2,240,0,124.63,0,0
TXN009846,863.85,22,1,1030,0,752.63,0,0
TXN009847,1434.27,10,7,295,0,3.18,0,0
TXN009848,1409.44,17,1,1320,0,96.39,0,0
TXN009849,479.06,15,6,999,1,479.12,0,0
TXN009850,2176.9,14,2,283,0,473.97,0,0
TXN009851,578.71,10,3,1241,0,247.89,0,0
TXN009852,937.98,12,3,59,0,161.33,0,0
TXN009853,2179.33,17,4,1358,0,211.3,0,0
TXN009854,577.19,7,3,996,1,52.49,0,1
TXN009855,620.58,8,2,1506,0,120.64,0,0
TXN009856,1981.62,21,4,1753,0,138.24,0,0
TXN009857,465.11,10,3,1849,0,11.85,0,0
TXN009858,746.36,16,1,817,0,362.08,0,0
TXN009859,1911.69,0,1,728,0,109.81,0,0
TXN009860,8553.47,10,5,1961,0,412.5,0,0
TXN009861,2009.02,6,3,1698,0,88.96,0,0
TXN009862,1759.24,7,5,59,0,94.63,0,0
TXN009863,1864.6,18,1,190,0,50.4,0,0
TXN009864,374.96,3,1,1703,0,186.07,0,0
TXN009865,1231.02,3,5,1476,0,143.13,0,0
TXN009866,1064.47,18,1,376,0,439.47,0,0
TXN009867,1512.6,23,4,1897,1,100.94,1,0
TXN009868,1232.14,8,2,1631,0,187.98,0,0
TXN009869,1603.11,16,8,1275,0,221.31,0,0
TXN009870,803.14,17,3,1241,0,69.38,0,0
TXN009871,1162.83,0,3,1478,0,382.89,0,0
TXN009872,321.23,13,6,994,0,86.29,0,0
TXN009873,796.39,3,2,1602,1,182.58,0,0
TXN009874,4406.49,9,4,1564,0,172.21,0,0
TXN009875,1508.41,22,3,1259,0,98.49,0,0
TXN009876,1073.93,13,5,1424,0,36.46,0,0
TXN009877,7303.6,6,1,503,0,161.59,0,0
TXN009878,281.23,11,3,1935,0,84.75,0,0
TXN009879,361.6,21,5,1445,0,85.78,0,0
TXN009880,6079.7,15,2,1532,0,122.24,0,0
TXN009881,1148.21,4,4,538,0,203.55,0,0
TXN009882,860.42,10,4,86,0,235.43,0,0
TXN009883,330.56,3,1,1120,0,100.26,0,0
TXN009884,1715.91,12,3,57,0,22.99,0,0
TXN009885,1890.24,7,6,683,0,282.39,0,0
TXN009886,367.05,6,4,1704,0,199.24,0,0
TXN009887,953.1,10,2,1978,1,290.32,0,0
TXN009888,784.06,10,5,261,0,68.33,0,0
TXN009889,1416.55,16,2,1160,0,431.68,0,0
TXN009890,358.08,21,7,1190,0,54.86,0,0
TXN009891,3835.09,13,4,1431,0,61.59,0,0
TXN009892,2740.3,1,6,1729,0,138.36,0,1
TXN009893,762.67,19,1,688,0,1067.46,0,0
TXN009894,883.23,20,1,1444,0,40.65,0,0
TXN009895,956.78,7,2,1838,0,328.19,0,0
TXN009896,503.55,21,0,924,0,0.42,1,0
TXN009897,703.85,1,2,1869,0,48.81,0,0
TXN009898,836.92,20,2,720,0,76.48,0,0
TXN009899,5502.01,14,1,1652,0,188.25,0,0
TXN009900,2826.0,4,3,105,0,21.74,0,0
TXN009901,2792.39,5,4,484,0,24.8,0,0
TXN009902,1587.52,16,0,374,0,28.48,0,0
TXN009903,358.77,7,5,619,0,195.54,0,0
TXN009904,1052.06,18,5,1623,0,21.92,0,0
TXN009905,2894.27,4,7,1788,0,91.42,0,0
TXN009906,311.6,22,2,744,0,30.67,0,0
TXN009907,2072.59,18,3,488,0,86.65,0,0
TXN009908,11188.14,13,1,932,0,225.35,0,0
TXN009909,3171.05,9,3,1416,0,58.56,1,0
TXN009910,4509.89,12,3,603,0,173.05,0,0
TXN009911,1364.22,21,2,172,0,51.42,0,0
TXN009912,2886.88,4,6,608,0,240.8,0,0
TXN009913,534.94,6,2,1691,0,270.16,0,0
TXN009914,2430.53,9,5,850,0,66.89,1,0
TXN009915,2109.88,10,2,966,0,4.33,0,0
TXN009916,1465.44,2,2,1198,0,24.88,0,0
TXN009917,4088.8,12,5,398,0,121.54,0,0
TXN009918,639.84,1,1,1481,0,86.64,0,0
TXN009919,909.54,3,3,996,0,76.32,0,0
TXN009920,1206.48,2,2,744,0,155.85,0,0
TXN009921,391.66,14,3,282,0,31.71,0,0
TXN009922,1375.99,3,5,989,0,109.81,1,1
TXN009923,196.58,22,1,651,0,40.93,0,0
TXN009924,3124.27,20,0,1201,0,713.96,0,0
TXN009925,1148.99,3,5,1180,0,8.97,0,0
TXN009926,651.39,14,4,926,0,2.86,0,0
TXN009927,476.1,5,6,381,0,149.5,0,0
TXN009928,867.33,22,4,150,0,11.64,0,0
TXN009929,2182.57,4,3,403,0,299.87,0,0
TXN009930,1896.45,11,7,370,0,308.26,0,0
TXN009931,541.56,6,0,60,1,101.9,0,0
TXN009932,470.58,2,1,814,0,328.04,0,0
TXN009933,2115.19,6,1,1398,0,242.83,0,0
TXN009934,532.54,11,4,1606,0,26.19,0,0
TXN009935,1164.34,14,0,233,1,353.39,0,0
TXN009936,1241.1,18,3,1425,0,373.26,0,0
TXN009937,1498.26,5,1,441,0,70.14,0,0
TXN009938,2587.04,7,3,590,0,268.49,0,0
TXN009939,310.14,5,3,631,0,409.78,0,0
TXN009940,162.2,2,1,1281,0,246.42,0,0
TXN009941,621.76,4,3,852,0,17.77,0,0
TXN009942,6644.39,8,3,933,0,17.9,0,0
TXN009943,8284.77,23,2,1085,0,727.09,0,0
TXN009944,6844.34,15,3,720,1,140.31,0,1
TXN009945,904.17,21,4,375,0,186.13,1,0
TXN009946,184.54,15,1,1250,0,438.01,0,0
TXN009947,105.32,8,5,776,0,1.34,0,0
TXN009948,593.46,17,3,323,0,100.14,0,0
TXN009949,899.58,12,8,1642,0,150.41,0,0
TXN009950,4026.39,10,1,1840,0,0.39,0,0
TXN009951,2611.83,9,3,803,0,176.27,0,0
TXN009952,1376.65,9,4,151,1,342.61,0,1
TXN009953,450.41,5,3,1689,0,10.17,1,0
TXN009954,419.57,15,7,404,0,293.54,0,0
TXN009955,1413.93,11,4,1610,0,683.2,0,0
TXN009956,2201.85,3,3,995,0,455.28,0,0
TXN009957,1622.76,4,1,45,0,138.61,0,0
TXN009958,389.71,1,4,467,0,354.5,0,0
TXN009959,2102.05,18,5,378,0,265.04,0,0
TXN009960,1678.93,0,4,239,0,306.34,0,1
TXN009961,375.9,3,3,189,0,91.36,0,1
TXN009962,500.54,11,4,1338,0,116.2,0,0
TXN009963,2183.09,1,1,1105,0,49.19,0,0
TXN009964,867.39,11,4,1134,0,9.53,0,0
TXN009965,5373.03,15,3,1927,0,163.69,0,0
TXN009966,1810.09,1,4,909,0,66.68,0,1
TXN009967,674.09,16,2,410,0,125.74,0,0
TXN009968,1085.5,1,1,1890,0,591.94,0,0
TXN009969,1168.39,3,0,1405,0,11.74,0,0
TXN009970,529.33,5,2,1338,0,372.13,0,0
TXN009971,440.28,22,5,890,0,16.34,0,0
TXN009972,2211.42,6,3,1543,0,190.82,0,0
TXN009973,2553.64,22,3,416,0,75.68,0,0
TXN009974,2005.77,14,1,1488,0,18.99,0,0
TXN009975,4990.63,19,1,1633,0,254.6,0,0
TXN009976,637.93,11,5,1097,0,215.87,0,0
TXN009977,5850.43,4,6,822,0,184.03,0,0
TXN009978,445.45,13,2,1560,0,602.83,0,0
TXN009979,398.34,15,1,691,1,4.31,0,1
TXN009980,188.68,10,7,1223,0,102.66,0,0
TXN009981,702.19,11,2,104,0,148.87,0,0
TXN009982,662.67,18,3,1061,0,79.69,0,0
TXN009983,1855.55,16,3,1528,0,199.29,0,0
TXN009984,1399.53,23,1,1225,0,413.04,0,0
TXN009985,332.63,6,4,1035,0,214.91,0,0
TXN009986,740.46,8,2,1490,0,151.65,0,0
TXN009987,756.38,13,4,666,0,240.98,0,0
TXN009988,185.68,19,2,755,0,20.9,0,1
TXN009989,411.19,11,3,1504,0,178.96,0,1
TXN009990,507.34,14,3,824,0,94.13,0,0
TXN009991,4599.14,11,4,1704,0,69.1,0,0
TXN009992,1328.03,20,2,1720,0,127.34,0,1
TXN009993,2126.36,20,5,676,1,294.01,0,0
TXN009994,245.03,22,3,921,1,95.76,0,0
TXN009995,3619.95,12,2,888,0,218.19,0,0
TXN009996,4028.31,8,4,524,0,160.0,0,0
TXN009997,148.66,23,2,1512,0,446.18,0,0
TXN009998,541.68,6,6,214,0,105.93,0,0
TXN009999,1800.4,0,0,758,0,308.58,0,0
TXN010000,2088.89,9,4,1220,0,332.1,0,0
